order_id,order_date,customer_id,product_id,quantity,unit_price
ORD000000,2026-07-15 18:54:13.379438,C0036,P055,2.0,404.95933051872726
ORD000001,2026-09-30 18:54:13.379438,C0531,P015,4.0,327.6909008710187
ORD000002,2026-07-05 18:54:13.379438,C0091,P083,4.0,162.14618367409062
ORD000003,2026-04-18 18:54:13.379438,C0301,P072,2.0,186.40961090401103
ORD000004,2026-07-19 18:54:13.379438,C0724,P034,8.0,471.6523051920321
ORD000005,2026-06-14 18:54:13.379438,C0917,P002,3.0,474.5785650639399
ORD000006,2026-04-24 18:54:13.379438,C0919,P027,2.0,215.00171072731888
ORD000007,2026-07-15 18:54:13.379438,C0734,P074,7.0,342.7933388390116
ORD000008,2026-08-03 18:54:13.379438,C0217,P099,1.0,490.1863678315035
ORD000009,2026-06-17 18:54:13.379438,C0735,P087,6.0,497.0851338767243
ORD000010,2026-06-30 18:54:13.379438,C0923,P072,3.0,45.34577059426512
ORD000011,2026-07-29 18:54:13.379438,C0098,P092,3.0,281.21457777603547
ORD000012,2026-07-12 18:54:13.379438,C0456,P023,5.0,366.04245018426377
ORD000013,2026-07-16 18:54:13.379438,C0531,P068,3.0,101.56439523258256
ORD000014,2026-09-02 18:54:13.379438,C0809,P014,4.0,412.7334614906245
ORD000015,2026-08-12 18:54:13.379438,C0538,P063,3.0,-50.0
ORD000016,2026-08-31 18:54:13.379438,C0028,P093,7.0,253.89827892537645
ORD000017,2026-05-26 18:54:13.379438,C0576,P065,3.0,144.418292324648
ORD000018,2026-04-05 18:54:13.379438,C0324,P068,4.0,157.07233396440938
ORD000019,2026-06-30 18:54:13.379438,C0223,P063,2.0,51.244862416275595
ORD000020,2026-09-08 18:54:13.379438,C0080,P096,2.0,466.4428341729433
ORD000021,2026-05-11 18:54:13.379438,C0563,P097,9.0,197.1147222961644
ORD000022,2026-08-11 18:54:13.379438,C0458,P090,1.0,89.49271053291736
ORD000023,2026-04-24 18:54:13.379438,C0614,P081,1.0,79.75380619725665
ORD000024,2026-09-11 18:54:13.379438,C0176,P087,1.0,209.62898782770782
ORD000025,2026-05-31 18:54:13.379438,C0522,P064,3.0,319.7818704091632
ORD000026,2026-04-25 18:54:13.379438,C0749,P032,2.0,391.11323917466586
ORD000027,2026-07-01 18:54:13.379438,C0457,P079,3.0,463.05640845331743
ORD000028,2026-05-22 18:54:13.379438,C0423,P013,5.0,321.4940035707559
ORD000029,2026-06-01 18:54:13.379438,C0100,P066,9.0,216.12425913545977
ORD000030,2026-09-20 18:54:13.379438,C0890,P019,2.0,216.7537666981749
ORD000031,2026-04-18 18:54:13.379438,C0740,P024,1.0,291.4447112272699
ORD000032,2026-09-25 18:54:13.379438,C0403,P088,6.0,273.640039003853
ORD000033,2026-05-24 18:54:13.379438,C0576,P011,3.0,323.9991575487946
ORD000034,2026-07-20 18:54:13.379438,C0380,P059,7.0,256.67111019637935
ORD000035,2026-05-28 18:54:13.379438,C0531,P086,6.0,38.90551733533378
ORD000036,2026-06-06 18:54:13.379438,C0332,P015,7.0,255.35689238655948
ORD000037,2026-08-12 18:54:13.379438,C0318,P010,5.0,21.041300325045047
ORD000038,2026-05-24 18:54:13.379438,C0653,P041,1.0,98.49790219714647
ORD000039,2026-08-16 18:54:13.379438,C0537,P027,3.0,199.83955814824188
ORD000040,2026-04-24 18:54:13.379438,C0740,P060,3.0,280.1410675871317
ORD000041,2026-06-15 18:54:13.379438,C0089,P073,7.0,100.56090780679692
ORD000042,2026-09-17 18:54:13.379438,C0604,P052,3.0,145.38732280787238
ORD000043,2026-04-21 18:54:13.379438,C0511,P028,5.0,193.36338731982025
ORD000044,2026-08-13 18:54:13.379438,C0042,P065,4.0,106.63544994023633
ORD000045,2026-07-01 18:54:13.379438,C0885,P017,4.0,499.3941470678113
ORD000046,2026-06-02 18:54:13.379438,C0807,P095,7.0,404.30950949989347
ORD000047,2026-04-17 18:54:13.379438,C0926,P044,1.0,407.3589424498264
ORD000048,2026-04-12 18:54:13.379438,C0389,P010,7.0,288.74328973165046
ORD000049,2026-07-02 18:54:13.379438,C0081,P063,8.0,481.0490638903311
ORD000050,2026-05-26 18:54:13.379438,C0402,P093,3.0,368.7783224404118
ORD000051,2026-08-11 18:54:13.379438,C0107,P082,3.0,172.13053041134165
ORD000052,2026-06-26 18:54:13.379438,C0111,P047,4.0,309.15806335781986
ORD000053,2026-07-04 18:54:13.379438,C0277,P038,6.0,276.41302288837784
ORD000054,2026-07-23 18:54:13.379438,C0214,P070,7.0,294.34152358589404
ORD000055,2026-09-22 18:54:13.379438,C0743,P076,1.0,410.6860695297387
ORD000056,2026-04-11 18:54:13.379438,C0818,P053,4.0,259.6853133919442
ORD000057,2026-09-25 18:54:13.379438,C0506,P078,7.0,367.0338460966166
ORD000058,2026-05-08 18:54:13.379438,C0121,P044,2.0,132.79242236248544
ORD000059,2026-06-23 18:54:13.379438,C0134,P074,1.0,466.7103531715574
ORD000060,2026-09-14 18:54:13.379438,C0818,P054,1.0,52.32725809969512
ORD000061,2026-05-23 18:54:13.379438,C0720,P020,6.0,496.8541568538693
ORD000062,2026-07-16 18:54:13.379438,C0962,P079,5.0,320.0098230637313
ORD000063,2026-08-13 18:54:13.379438,C0371,P031,1.0,240.27621961940284
ORD000064,2026-04-05 18:54:13.379438,C0257,P007,3.0,162.28324432501384
ORD000065,2026-08-15 18:54:13.379438,C0697,P058,7.0,208.51952408883201
ORD000066,2026-05-27 18:54:13.379438,C0798,P010,9.0,393.3874167552238
ORD000067,2026-07-18 18:54:13.379438,C0954,P010,9.0,78.32215186850722
ORD000068,2026-04-07 18:54:13.379438,C0875,P039,6.0,133.81571833587466
ORD000069,2026-05-27 18:54:13.379438,C0180,P028,3.0,70.62641367520268
ORD000070,2026-08-27 18:54:13.379438,C0933,P030,1.0,219.0607145712502
ORD000071,2026-05-17 18:54:13.379438,C0048,P037,3.0,199.73911634347954
ORD000072,2026-09-12 18:54:13.379438,C0599,P067,2.0,327.90460271117774
ORD000073,2026-04-17 18:54:13.379438,C0897,P043,5.0,497.90079825955445
ORD000074,2026-07-07 18:54:13.379438,C0019,P079,8.0,447.2560420855165
ORD000075,2026-05-21 18:54:13.379438,C0046,P085,5.0,441.3850692319105
ORD000076,2026-04-18 18:54:13.379438,C0451,P052,1.0,326.39700614547104
ORD000077,2026-05-13 18:54:13.379438,C0898,P056,3.0,142.5980652003208
ORD000078,2026-06-24 18:54:13.379438,C0056,P076,5.0,198.20197326310642
ORD000079,2026-07-23 18:54:13.379438,C0741,P068,7.0,132.55984383059848
ORD000080,2026-05-26 18:54:13.379438,C0657,P009,5.0,76.19116488642943
ORD000081,2026-04-27 18:54:13.379438,C0092,P092,5.0,223.65531019253567
ORD000082,2026-09-04 18:54:13.379438,C0082,P023,7.0,449.79217556362505
ORD000083,2026-08-05 18:54:13.379438,C0737,P063,8.0,374.48213928493766
ORD000084,2026-05-14 18:54:13.379438,C0079,P061,8.0,492.5705689946824
ORD000085,2026-09-07 18:54:13.379438,C0662,P040,7.0,105.46039862486028
ORD000086,2026-04-18 18:54:13.379438,C0873,P044,3.0,255.26658736498007
ORD000087,2026-05-18 18:54:13.379438,C0283,P086,2.0,398.59258837356674
ORD000088,2026-06-07 18:54:13.379438,C0311,P024,1.0,235.62598647721623
ORD000089,2026-07-01 18:54:13.379438,C0997,P051,6.0,183.97664579283244
ORD000090,2026-06-13 18:54:13.379438,C0160,P058,9.0,409.7845388880286
ORD000091,2026-04-12 18:54:13.379438,C0316,P090,3.0,220.85094116590756
ORD000092,2026-06-30 18:54:13.379438,C0877,P094,5.0,457.3540270573765
ORD000093,2026-08-10 18:54:13.379438,C0979,P033,9.0,141.51668588892386
ORD000094,2026-08-17 18:54:13.379438,C0668,P016,9.0,449.2623397582334
ORD000095,2026-06-05 18:54:13.379438,C0156,P022,7.0,146.44581213935007
ORD000096,2026-08-20 18:54:13.379438,C0888,P057,4.0,151.88651350430297
ORD000097,2026-06-23 18:54:13.379438,C0714,P062,2.0,216.0862931774807
ORD000098,2026-08-17 18:54:13.379438,C0468,P082,2.0,262.7478092398593
ORD000099,2026-09-13 18:54:13.379438,C0921,P071,4.0,214.93029390480544
ORD000100,2026-09-13 18:54:13.379438,C0853,P090,1.0,432.4530542244811
ORD000101,2026-05-06 18:54:13.379438,C0462,P072,4.0,399.82885466911046
ORD000102,2026-08-04 18:54:13.379438,C0854,P070,6.0,161.83310672213182
ORD000103,2026-04-08 18:54:13.379438,C0117,P030,6.0,260.64474303615935
ORD000104,2026-05-14 18:54:13.379438,C0666,P023,7.0,221.204642706886
ORD000105,2026-05-01 18:54:13.379438,C0364,P032,5.0,37.47445839856627
ORD000106,2026-08-16 18:54:13.379438,C0843,P086,9.0,376.5920127438344
ORD000107,2026-06-14 18:54:13.379438,C0631,P057,2.0,99.01663993090088
ORD000108,2026-04-15 18:54:13.379438,C0711,P009,2.0,467.7294454183612
ORD000109,2026-09-12 18:54:13.379438,C0913,P031,4.0,204.91141594057714
ORD000110,2026-05-06 18:54:13.379438,C0466,P071,4.0,314.90641519977186
ORD000111,2026-05-21 18:54:13.379438,C0775,P009,4.0,410.9666765903882
ORD000112,2026-09-01 18:54:13.379438,C0184,P013,1.0,98.34539932560506
ORD000113,2026-06-04 18:54:13.379438,C0960,P058,4.0,275.15681234771307
ORD000114,2026-05-10 18:54:13.379438,C0660,P003,5.0,126.33569918917648
ORD000115,2026-07-11 18:54:13.379438,C0166,P035,9.0,259.7386686763791
ORD000116,2026-09-22 18:54:13.379438,C0075,P097,3.0,293.9236482123466
ORD000117,2026-07-16 18:54:13.379438,C0748,P021,3.0,92.87913895452324
ORD000118,2026-05-08 18:54:13.379438,C0826,P064,5.0,294.6011030887948
ORD000119,2026-07-13 18:54:13.379438,C0272,P095,6.0,232.90492290510335
ORD000120,2026-09-25 18:54:13.379438,C0691,P052,3.0,265.77982462707166
ORD000121,2026-08-12 18:54:13.379438,C0503,P034,1.0,453.4338391732147
ORD000122,2026-04-04 18:54:13.379438,C0795,P096,8.0,247.06353309478285
ORD000123,2026-04-08 18:54:13.379438,C0563,P035,1.0,243.3127839085691
ORD000124,2026-08-23 18:54:13.379438,C0587,P015,2.0,240.49531796127675
ORD000125,2026-07-15 18:54:13.379438,C0656,P096,3.0,315.3215895507761
ORD000126,2026-04-30 18:54:13.379438,C0343,P006,6.0,190.08348453351445
ORD000127,2026-08-18 18:54:13.379438,C0700,P085,4.0,402.6664472163754
ORD000128,2026-04-18 18:54:13.379438,C0635,P097,4.0,150.16455552381896
ORD000129,2026-07-02 18:54:13.379438,C0844,P032,9.0,156.77763837679746
ORD000130,2026-05-15 18:54:13.379438,C0251,P052,6.0,298.4876173529215
ORD000131,2026-08-05 18:54:13.379438,C0808,P083,2.0,137.34578039320922
ORD000132,2026-09-29 18:54:13.379438,C0835,P097,7.0,54.07363623766016
ORD000133,2026-06-05 18:54:13.379438,C0130,P028,3.0,110.73691457906813
ORD000134,2026-07-08 18:54:13.379438,C0764,P095,9.0,457.69211506043536
ORD000135,2026-05-25 18:54:13.379438,C0358,P085,6.0,15.243289134537848
ORD000136,2026-07-08 18:54:13.379438,C0944,P098,8.0,75.39607859464033
ORD000137,2026-08-13 18:54:13.379438,C0692,P064,1.0,381.439421209667
ORD000138,2026-09-01 18:54:13.379438,C0408,P079,2.0,490.1318122856257
ORD000139,2026-08-24 18:54:13.379438,C0861,P078,6.0,347.21079479618635
ORD000140,2026-09-21 18:54:13.379438,C0495,P019,3.0,461.94389854513355
ORD000141,2026-05-02 18:54:13.379438,C0622,P015,1.0,429.0655207883721
ORD000142,2026-05-09 18:54:13.379438,C0482,P006,6.0,245.18537445043535
ORD000143,2026-04-16 18:54:13.379438,C0980,P073,5.0,173.42639022534902
ORD000144,2026-09-10 18:54:13.379438,C0850,P084,9.0,319.7965532178596
ORD000145,2026-06-13 18:54:13.379438,C0078,P098,6.0,271.44117136747064
ORD000146,2026-06-28 18:54:13.379438,C0978,P038,5.0,22.656366625683834
ORD000147,2026-05-01 18:54:13.379438,C0514,P026,1.0,479.07561334042794
ORD000148,2026-06-08 18:54:13.379438,C0321,P082,1.0,289.4212090821022
ORD000149,2026-09-20 18:54:13.379438,C0788,P092,1.0,438.5009779220579
ORD000150,2026-05-18 18:54:13.379438,C0290,P051,7.0,369.968783792119
ORD000151,2026-06-04 18:54:13.379438,C0297,P073,6.0,177.00816674911454
ORD000152,2026-08-15 18:54:13.379438,C0681,P096,5.0,451.5674161785332
ORD000153,2026-05-01 18:54:13.379438,C0752,P053,4.0,397.30695302134467
ORD000154,2026-05-01 18:54:13.379438,C0971,P056,8.0,220.59789718290395
ORD000155,2026-07-20 18:54:13.379438,C0475,P059,8.0,421.83434152157884
ORD000156,2026-05-17 18:54:13.379438,C0023,P070,5.0,143.06064301820615
ORD000157,2026-06-26 18:54:13.379438,C0806,P078,4.0,338.63490462431645
ORD000158,2026-05-03 18:54:13.379438,C0172,P092,2.0,66.14505663482436
ORD000159,2026-06-17 18:54:13.379438,C0835,P058,7.0,434.22619035268616
ORD000160,2026-08-09 18:54:13.379438,C0318,P088,5.0,367.4220068044677
ORD000161,2026-07-04 18:54:13.379438,C0908,P013,3.0,84.75823731788398
ORD000162,2026-08-10 18:54:13.379438,C0798,P043,9.0,20.453956578493774
ORD000163,2026-08-02 18:54:13.379438,C0991,P076,9.0,201.0352586828319
ORD000164,2026-04-30 18:54:13.379438,C0855,P051,8.0,340.88356941556594
ORD000165,2026-08-02 18:54:13.379438,C0193,P019,1.0,148.74222918795752
ORD000166,2026-07-28 18:54:13.379438,C0681,P021,3.0,486.895042110524
ORD000167,2026-04-06 18:54:13.379438,C0916,P091,2.0,467.9938802238687
ORD000168,2026-07-15 18:54:13.379438,C0118,P083,4.0,302.9908276152605
ORD000169,2026-09-05 18:54:13.379438,C0006,P024,2.0,164.6435455674964
ORD000170,2026-08-18 18:54:13.379438,C0843,P026,8.0,449.1719334093203
ORD000171,2026-06-04 18:54:13.379438,C0483,P045,1.0,403.70071197380344
ORD000172,2026-09-15 18:54:13.379438,C0132,P028,4.0,52.21563283727619
ORD000173,2026-05-24 18:54:13.379438,C0093,P082,5.0,243.3981865168089
ORD000174,2026-09-22 18:54:13.379438,C0763,P029,4.0,490.79529865227784
ORD000175,2026-09-02 18:54:13.379438,C0522,P017,8.0,232.41363338645266
ORD000176,2026-06-01 18:54:13.379438,C0563,P068,2.0,467.1251502674166
ORD000177,2026-07-30 18:54:13.379438,C0861,P044,9.0,488.8717783783847
ORD000178,2026-09-10 18:54:13.379438,C0294,P061,2.0,199.806031512486
ORD000179,2026-07-08 18:54:13.379438,C0641,P093,2.0,482.63365375167194
ORD000180,2026-09-30 18:54:13.379438,C0392,P068,2.0,77.59086294592998
ORD000181,2026-07-25 18:54:13.379438,C0249,P074,8.0,88.45852781280857
ORD000182,2026-06-04 18:54:13.379438,C0614,P025,3.0,145.50627069456215
ORD000183,2026-05-25 18:54:13.379438,C0849,P095,8.0,239.10253150135634
ORD000184,2026-04-15 18:54:13.379438,C0595,P067,7.0,98.7021398745127
ORD000185,2026-05-12 18:54:13.379438,C0703,P002,4.0,176.68707472036436
ORD000186,2026-08-11 18:54:13.379438,C0417,P089,7.0,60.79002174409855
ORD000187,2026-08-12 18:54:13.379438,C0143,P049,8.0,220.70397532261265
ORD000188,2026-07-25 18:54:13.379438,C0237,P070,6.0,415.46445720160494
ORD000189,2026-07-13 18:54:13.379438,C0287,P026,6.0,301.57623368320844
ORD000190,2026-07-25 18:54:13.379438,C0277,P072,3.0,406.97797493940107
ORD000191,2026-06-23 18:54:13.379438,C0387,P099,5.0,76.49922067982327
ORD000192,2026-07-25 18:54:13.379438,C0382,P027,2.0,205.72353721699017
ORD000193,2026-04-05 18:54:13.379438,C0450,P089,5.0,29.268372618666007
ORD000194,2026-08-11 18:54:13.379438,C0291,P018,5.0,191.28973290415598
ORD000195,2026-05-27 18:54:13.379438,C0169,P054,7.0,311.10389051384476
ORD000196,2026-06-29 18:54:13.379438,C0443,P001,4.0,288.74590980377815
ORD000197,2026-08-10 18:54:13.379438,C0656,P061,6.0,39.55812847722693
ORD000198,2026-08-28 18:54:13.379438,C0184,P003,9.0,40.40913080759727
ORD000199,2026-08-07 18:54:13.379438,C0045,P068,4.0,159.483064118537
ORD000200,2026-08-11 18:54:13.379438,C0755,P041,6.0,387.98559320006694
ORD000201,2026-05-26 18:54:13.379438,C0827,P037,9.0,20.082603095030706
ORD000202,2026-09-22 18:54:13.379438,C0946,P051,1.0,311.8043548694398
ORD000203,2026-09-10 18:54:13.379438,C0981,P015,8.0,100.01384732357893
ORD000204,2026-09-10 18:54:13.379438,C0268,P008,1.0,472.7149587860164
ORD000205,2026-06-10 18:54:13.379438,C0476,P038,4.0,220.80553560369012
ORD000206,2026-08-04 18:54:13.379438,C0253,P083,3.0,33.4631211210241
ORD000207,2026-08-26 18:54:13.379438,C0396,P056,4.0,359.68285535553787
ORD000208,2026-05-11 18:54:13.379438,C0289,P047,7.0,247.45862480306428
ORD000209,2026-04-27 18:54:13.379438,C0212,P090,9.0,441.8077856478718
ORD000210,2026-06-11 18:54:13.379438,C0689,P010,9.0,329.39430227888556
ORD000211,2026-07-28 18:54:13.379438,C0021,P078,1.0,349.33757400872224
ORD000212,2026-07-10 18:54:13.379438,C0316,P049,1.0,385.9573301903051
ORD000213,2026-08-20 18:54:13.379438,C0564,P041,9.0,215.97364361359453
ORD000214,2026-08-25 18:54:13.379438,C0438,P083,4.0,398.3481233539369
ORD000215,2026-07-09 18:54:13.379438,C0423,P030,3.0,34.80525534229473
ORD000216,2026-08-05 18:54:13.379438,C0233,P005,9.0,385.108428311142
ORD000217,2026-06-12 18:54:13.379438,C0945,P095,5.0,321.7908402957595
ORD000218,2026-07-05 18:54:13.379438,C0123,P071,6.0,287.6658701887409
ORD000219,2026-04-06 18:54:13.379438,C0874,P083,1.0,165.89380342300203
ORD000220,2026-08-29 18:54:13.379438,C0960,P031,1.0,65.9151781313037
ORD000221,2026-09-14 18:54:13.379438,C0612,P052,7.0,327.1284004898103
ORD000222,2026-08-28 18:54:13.379438,C0214,P088,8.0,241.1187575617125
ORD000223,2026-07-02 18:54:13.379438,C0922,P098,8.0,116.74397858380311
ORD000224,2026-08-28 18:54:13.379438,C0839,P023,7.0,31.249679429410516
ORD000225,2026-08-29 18:54:13.379438,C0647,P048,9.0,273.994932041679
ORD000226,2026-07-08 18:54:13.379438,C0968,P040,1.0,71.88518797145322
ORD000227,2026-05-25 18:54:13.379438,C0830,P006,2.0,465.4154995237008
ORD000228,2026-09-11 18:54:13.379438,C0730,P038,3.0,83.80961066140951
ORD000229,2026-09-18 18:54:13.379438,C0600,P041,5.0,25.692444108867925
ORD000230,2026-08-09 18:54:13.379438,C0792,P027,4.0,138.40328187614307
ORD000231,2026-05-12 18:54:13.379438,C0040,P075,4.0,95.72874038297837
ORD000232,2026-06-24 18:54:13.379438,C0752,P069,8.0,397.70673029888843
ORD000233,2026-07-16 18:54:13.379438,C0332,P057,8.0,151.77787706472432
ORD000234,2026-08-10 18:54:13.379438,C0943,P017,7.0,130.1678730149625
ORD000235,2026-04-14 18:54:13.379438,C0648,P071,1.0,497.4561200237559
ORD000236,2026-09-28 18:54:13.379438,C0182,P091,4.0,83.53027769039362
ORD000237,2026-09-01 18:54:13.379438,C0265,P047,1.0,51.64928341644272
ORD000238,2026-09-09 18:54:13.379438,C0771,P079,5.0,159.75581186608514
ORD000239,2026-05-15 18:54:13.379438,C0694,P013,3.0,208.4942582516602
ORD000240,2026-07-11 18:54:13.379438,C0533,P011,3.0,382.60784704555755
ORD000241,2026-04-10 18:54:13.379438,C0863,P090,4.0,478.16752017355486
ORD000242,2026-08-25 18:54:13.379438,C0432,P086,2.0,384.2017977171138
ORD000243,2026-07-02 18:54:13.379438,C0943,P092,7.0,366.05285028370076
ORD000244,2026-07-24 18:54:13.379438,C0984,P024,4.0,495.8094728272303
ORD000245,2026-06-02 18:54:13.379438,C0196,P093,5.0,385.0282321427485
ORD000246,2026-07-25 18:54:13.379438,C0724,P073,2.0,78.37126036621898
ORD000247,2026-04-05 18:54:13.379438,C0509,P004,6.0,236.14957173828589
ORD000248,2026-08-10 18:54:13.379438,C0447,P046,9.0,256.7172637978973
ORD000249,2026-05-21 18:54:13.379438,C0528,P018,8.0,159.35705665015877
ORD000250,2026-08-21 18:54:13.379438,C0202,P043,8.0,90.49495850376196
ORD000251,2026-05-10 18:54:13.379438,C0875,P080,2.0,358.7528585376799
ORD000252,2026-09-10 18:54:13.379438,C0730,P033,4.0,145.97238220693353
ORD000253,2026-04-12 18:54:13.379438,C0605,P093,8.0,316.08091774279603
ORD000254,2026-07-11 18:54:13.379438,C0133,P010,1.0,168.06897382852395
ORD000255,2026-08-28 18:54:13.379438,C0139,P073,8.0,258.05580199886174
ORD000256,2026-05-21 18:54:13.379438,C0669,P059,3.0,175.15587366815183
ORD000257,2026-08-12 18:54:13.379438,C0493,P031,8.0,211.76165606517486
ORD000258,2026-08-29 18:54:13.379438,C0847,P028,6.0,368.7125945673217
ORD000259,2026-09-02 18:54:13.379438,C0070,P060,7.0,443.0742043456733
ORD000260,2026-05-27 18:54:13.379438,C0816,P003,2.0,259.28540761017496
ORD000261,2026-08-01 18:54:13.379438,C0015,P055,1.0,309.0230202486417
ORD000262,2026-09-11 18:54:13.379438,C0747,P014,6.0,433.5608140932695
ORD000263,2026-09-02 18:54:13.379438,C0212,P058,3.0,80.17897653389657
ORD000264,2026-07-28 18:54:13.379438,C0802,P089,4.0,89.4770120393694
ORD000265,2026-06-17 18:54:13.379438,C0060,P015,9.0,186.0261075849042
ORD000266,2026-07-25 18:54:13.379438,C0252,P002,3.0,161.44345751107141
ORD000267,2026-09-14 18:54:13.379438,C0446,P024,2.0,493.3231111757288
ORD000268,2026-09-16 18:54:13.379438,C0002,P078,2.0,286.4050677410879
ORD000269,2026-07-16 18:54:13.379438,C0748,P064,2.0,266.71424769993104
ORD000270,2026-06-26 18:54:13.379438,C0336,P071,6.0,293.57213348728015
ORD000271,2026-07-24 18:54:13.379438,C0019,P024,2.0,438.82564384891026
ORD000272,2026-07-11 18:54:13.379438,C0994,P027,7.0,129.33840672683561
ORD000273,2026-09-03 18:54:13.379438,C0561,P037,7.0,260.37396673118394
ORD000274,2026-07-05 18:54:13.379438,C0078,P094,7.0,142.77196446983154
ORD000275,2026-08-27 18:54:13.379438,C0472,P091,2.0,392.4823923747739
ORD000276,2026-08-09 18:54:13.379438,C0028,P039,7.0,390.78647490242736
ORD000277,2026-07-22 18:54:13.379438,C0560,P063,8.0,479.1405621210337
ORD000278,2026-06-24 18:54:13.379438,C0608,P079,8.0,228.94280932484284
ORD000279,2026-05-27 18:54:13.379438,C0165,P026,2.0,87.73901549349723
ORD000280,2026-09-13 18:54:13.379438,C0458,P065,5.0,449.24133680662135
ORD000281,2026-09-19 18:54:13.379438,C0945,P004,6.0,446.3952828048654
ORD000282,2026-09-11 18:54:13.379438,C0877,P029,9.0,124.98807473558135
ORD000283,2026-06-10 18:54:13.379438,C0176,P001,6.0,145.37221010998823
ORD000284,2026-05-06 18:54:13.379438,C0585,P050,6.0,163.57291254826242
ORD000285,2026-08-23 18:54:13.379438,C0984,P086,6.0,231.35753642623726
ORD000286,2026-04-24 18:54:13.379438,C0868,P011,9.0,416.23115936579825
ORD000287,2026-05-21 18:54:13.379438,C0029,P074,7.0,80.74124636210622
ORD000288,2026-08-29 18:54:13.379438,C0956,P059,1.0,353.1915576920248
ORD000289,2026-08-09 18:54:13.379438,C0669,P062,1.0,182.8721070902581
ORD000290,2026-08-17 18:54:13.379438,C0826,P081,4.0,105.87494786756058
ORD000291,2026-08-16 18:54:13.379438,C0816,P036,2.0,175.83485030350954
ORD000292,2026-08-26 18:54:13.379438,C0279,P056,3.0,271.30521129583644
ORD000293,2026-08-09 18:54:13.379438,C0283,P090,7.0,461.4928739735754
ORD000294,2026-05-06 18:54:13.379438,C0479,P021,7.0,317.8516257818559
ORD000295,2026-09-26 18:54:13.379438,C0519,P013,3.0,307.4697535311539
ORD000296,2026-07-27 18:54:13.379438,C0305,P009,2.0,63.2831080599313
ORD000297,2026-07-31 18:54:13.379438,C0694,P011,1.0,49.102476286552275
ORD000298,2026-04-25 18:54:13.379438,C0109,P075,9.0,73.43716243717003
ORD000299,2026-09-08 18:54:13.379438,C0324,P070,3.0,56.817363533587724
ORD000300,2026-05-11 18:54:13.379438,C0206,P001,9.0,292.41857318471176
ORD000301,2026-07-21 18:54:13.379438,C0234,P070,4.0,231.78147231802504
ORD000302,2026-05-24 18:54:13.379438,C0938,P077,6.0,12.446137770007827
ORD000303,2026-04-11 18:54:13.379438,C0458,P086,7.0,182.02265988113817
ORD000304,2026-04-30 18:54:13.379438,C0187,P056,6.0,72.40843433146358
ORD000305,2026-04-30 18:54:13.379438,C0940,P031,1.0,494.178554139396
ORD000306,2026-04-24 18:54:13.379438,C0482,P086,6.0,235.47720402355944
ORD000307,2026-05-03 18:54:13.379438,C0922,P037,6.0,218.80205299804817
ORD000308,2026-07-09 18:54:13.379438,C0407,P047,5.0,325.64542261485326
ORD000309,2026-05-01 18:54:13.379438,C0841,P091,3.0,184.97581673324157
ORD000310,2026-07-23 18:54:13.379438,C0509,P078,3.0,360.60216770173713
ORD000311,2026-06-03 18:54:13.379438,C0869,P047,7.0,453.34895406651003
ORD000312,2026-05-21 18:54:13.379438,C0520,P069,8.0,254.4596704251431
ORD000313,2026-08-28 18:54:13.379438,C0053,P058,3.0,197.63228051246344
ORD000314,2026-04-07 18:54:13.379438,C0398,P036,3.0,265.72945341688984
ORD000315,2026-05-08 18:54:13.379438,C0199,P032,7.0,305.7408207111155
ORD000316,2026-05-22 18:54:13.379438,C0391,P098,7.0,425.3742764684727
ORD000317,2026-04-20 18:54:13.379438,C0649,P064,9.0,203.2949311610324
ORD000318,2026-09-22 18:54:13.379438,C0771,P071,6.0,35.20142074112012
ORD000319,2026-09-08 18:54:13.379438,C0846,P042,7.0,319.0595734740838
ORD000320,2026-05-19 18:54:13.379438,C0913,P048,1.0,493.57033226888365
ORD000321,2026-07-29 18:54:13.379438,C0498,P074,7.0,428.5759974180968
ORD000322,2026-04-09 18:54:13.379438,C0172,P081,2.0,381.54543032388693
ORD000323,2026-07-11 18:54:13.379438,C0086,P030,7.0,96.48597363742822
ORD000324,2026-08-05 18:54:13.379438,C0558,P021,3.0,376.82341731383065
ORD000325,2026-05-10 18:54:13.379438,C0858,P060,9.0,49.92353330204605
ORD000326,2026-04-27 18:54:13.379438,C0186,P013,5.0,252.01980608640127
ORD000327,2026-07-05 18:54:13.379438,C0156,P001,7.0,191.74087774167165
ORD000328,2026-05-19 18:54:13.379438,C0493,P065,8.0,453.59030303376045
ORD000329,2026-07-07 18:54:13.379438,C0910,P033,2.0,88.31951711005901
ORD000330,2026-07-11 18:54:13.379438,C0521,P038,1.0,396.5536517415782
ORD000331,2026-07-28 18:54:13.379438,C0627,P025,7.0,33.77083192814797
ORD000332,2026-09-10 18:54:13.379438,C0666,P026,6.0,353.85983263145613
ORD000333,2026-09-11 18:54:13.379438,C0130,P077,6.0,153.95132115954536
ORD000334,2026-06-09 18:54:13.379438,C0843,P059,2.0,488.19757721832076
ORD000335,2026-08-09 18:54:13.379438,C0081,P092,3.0,339.15428558008745
ORD000336,2026-04-21 18:54:13.379438,C0384,P033,4.0,161.36368579536128
ORD000337,2026-04-28 18:54:13.379438,C0802,P041,3.0,125.40530187544746
ORD000338,2026-05-27 18:54:13.379438,C0659,P030,2.0,323.26130067177036
ORD000339,2026-05-31 18:54:13.379438,C0295,P057,3.0,143.6379179775375
ORD000340,2026-06-09 18:54:13.379438,C0978,P049,6.0,101.5346227021418
ORD000341,2026-07-16 18:54:13.379438,C0269,P048,9.0,327.35815580779473
ORD000342,2026-09-24 18:54:13.379438,C0645,P072,4.0,364.9006518724508
ORD000343,2026-04-27 18:54:13.379438,C0562,P049,6.0,126.63387031425995
ORD000344,2026-07-26 18:54:13.379438,C0535,P047,1.0,272.5775085287277
ORD000345,2026-05-05 18:54:13.379438,C0378,P056,6.0,335.17847919661983
ORD000346,2026-09-25 18:54:13.379438,C0376,P065,3.0,471.5391886477532
ORD000347,2026-06-28 18:54:13.379438,C0088,P012,9.0,403.68231400327255
ORD000348,2026-09-01 18:54:13.379438,C0925,P069,4.0,216.19927662137482
ORD000349,2026-08-08 18:54:13.379438,C0624,P088,7.0,423.7595984620827
ORD000350,2026-09-05 18:54:13.379438,C0111,P006,4.0,226.43005370235784
ORD000351,2026-08-11 18:54:13.379438,C0584,P089,6.0,73.76205972120471
ORD000352,2026-04-20 18:54:13.379438,C0154,P065,7.0,177.1392208579507
ORD000353,2026-07-16 18:54:13.379438,C0463,P025,2.0,404.3147652177237
ORD000354,2026-09-11 18:54:13.379438,C0569,P001,6.0,478.3443406626306
ORD000355,2026-08-18 18:54:13.379438,C0769,P032,8.0,491.9560397491982
ORD000356,2026-05-16 18:54:13.379438,C0156,P003,6.0,323.15654621330054
ORD000357,2026-09-26 18:54:13.379438,C0625,P049,2.0,244.38755911478148
ORD000358,2026-05-12 18:54:13.379438,C0318,P019,4.0,89.40796141847777
ORD000359,2026-09-20 18:54:13.379438,C0559,P060,1.0,60.236910575630375
ORD000360,2026-04-29 18:54:13.379438,C0238,P029,7.0,264.06608077699127
ORD000361,2026-07-11 18:54:13.379438,C0334,P050,8.0,366.61175170954704
ORD000362,2026-05-23 18:54:13.379438,C0106,P002,2.0,168.72181080899477
ORD000363,2026-09-03 18:54:13.379438,C0482,P073,5.0,340.59159664951096
ORD000364,2026-09-02 18:54:13.379438,C0699,P056,8.0,289.6970956280517
ORD000365,2026-04-16 18:54:13.379438,C0671,P017,8.0,470.9669422408665
ORD000366,2026-06-02 18:54:13.379438,C0710,P060,5.0,112.6828964335081
ORD000367,2026-08-16 18:54:13.379438,C0382,P036,8.0,299.61864869669984
ORD000368,2026-05-30 18:54:13.379438,C0689,P061,6.0,212.76048424082123
ORD000369,2026-05-09 18:54:13.379438,C0261,P017,5.0,138.17201937646158
ORD000370,2026-09-23 18:54:13.379438,C0799,P049,4.0,185.07322442038637
ORD000371,2026-04-23 18:54:13.379438,C0293,P076,5.0,154.32212790325195
ORD000372,2026-06-07 18:54:13.379438,C0335,P060,4.0,268.5478166056666
ORD000373,2026-04-11 18:54:13.379438,C0655,P020,1.0,283.4466096671733
ORD000374,2026-08-25 18:54:13.379438,C0820,P050,3.0,434.11463299435366
ORD000375,2026-08-23 18:54:13.379438,C0709,P003,8.0,392.83984802669437
ORD000376,2026-07-27 18:54:13.379438,C0476,P043,7.0,158.23246171697932
ORD000377,2026-08-24 18:54:13.379438,C0225,P057,7.0,466.34938996136214
ORD000378,2026-07-04 18:54:13.379438,C0907,P050,3.0,435.49285887856513
ORD000379,2026-07-10 18:54:13.379438,C0555,P068,9.0,316.67285187387677
ORD000380,2026-06-08 18:54:13.379438,C0454,P081,6.0,19.12798101472996
ORD000381,2026-05-05 18:54:13.379438,C0663,P050,8.0,112.4769424572486
ORD000382,2026-06-28 18:54:13.379438,C0296,P037,8.0,396.7664336696459
ORD000383,2026-05-24 18:54:13.379438,C0575,P046,3.0,232.34279095570534
ORD000384,2026-09-03 18:54:13.379438,C0642,P042,4.0,71.71575376824394
ORD000385,2026-06-05 18:54:13.379438,C0767,P015,6.0,210.04723876936336
ORD000386,2026-08-06 18:54:13.379438,C0463,P033,2.0,113.83253067180124
ORD000387,2026-08-31 18:54:13.379438,C0855,P080,7.0,447.3580244885152
ORD000388,2026-05-31 18:54:13.379438,C0214,P011,2.0,445.73661811221314
ORD000389,2026-05-31 18:54:13.379438,C0585,P020,5.0,199.66046923324828
ORD000390,2026-06-28 18:54:13.379438,C0943,P024,4.0,77.32281553266682
ORD000391,2026-05-22 18:54:13.379438,C0616,P064,9.0,185.8273045611442
ORD000392,2026-09-30 18:54:13.379438,C0158,P080,2.0,73.08258283865042
ORD000393,2026-09-20 18:54:13.379438,C0272,P094,7.0,158.9825374703303
ORD000394,2026-06-12 18:54:13.379438,C0827,P098,7.0,387.8789525023283
ORD000395,2026-04-18 18:54:13.379438,C0238,P065,7.0,153.0537550433665
ORD000396,2026-05-27 18:54:13.379438,C0303,P088,1.0,276.65895124041003
ORD000397,2026-07-13 18:54:13.379438,C0884,P088,8.0,68.24795222427991
ORD000398,2026-04-11 18:54:13.379438,C0670,P073,2.0,180.33646666125384
ORD000399,2026-05-26 18:54:13.379438,C0621,P086,5.0,29.422456949685056
ORD000400,2026-06-02 18:54:13.379438,C0521,P076,2.0,278.6024481176261
ORD000401,2026-07-20 18:54:13.379438,C0321,P017,5.0,180.3353610782277
ORD000402,2026-04-08 18:54:13.379438,C0059,P089,7.0,437.28191748222986
ORD000403,2026-07-15 18:54:13.379438,C0358,P092,6.0,202.3507741691868
ORD000404,2026-04-09 18:54:13.379438,C0704,P061,5.0,283.30980854570345
ORD000405,2026-07-21 18:54:13.379438,C0648,P015,4.0,488.555622564493
ORD000406,2026-07-28 18:54:13.379438,C0251,P094,8.0,324.9259062805016
ORD000407,2026-07-06 18:54:13.379438,C0891,P051,8.0,255.23127743072234
ORD000408,2026-05-20 18:54:13.379438,C0436,P027,1.0,58.08111758337409
ORD000409,2026-07-11 18:54:13.379438,C0146,P086,2.0,412.27250252488966
ORD000410,2026-05-28 18:54:13.379438,C0859,P074,3.0,324.76783600421936
ORD000411,2026-09-18 18:54:13.379438,C0978,P061,1.0,63.17691436427085
ORD000412,2026-05-25 18:54:13.379438,C0352,P058,3.0,130.3778838802255
ORD000413,2026-08-25 18:54:13.379438,C0570,P031,8.0,273.44725610439104
ORD000414,2026-04-16 18:54:13.379438,C0689,P091,4.0,32.08059232204402
ORD000415,2026-07-26 18:54:13.379438,C0800,P012,7.0,361.9719472286092
ORD000416,2026-08-05 18:54:13.379438,C0245,P046,7.0,121.61898378301977
ORD000417,2026-07-18 18:54:13.379438,C0560,P031,5.0,249.9581814617504
ORD000418,2026-09-08 18:54:13.379438,C0301,P032,1.0,128.405270391387
ORD000419,2026-08-28 18:54:13.379438,C0438,P032,4.0,249.70158216374236
ORD000420,2026-08-26 18:54:13.379438,C0868,P099,7.0,102.9427128338084
ORD000421,2026-08-01 18:54:13.379438,C0100,P053,5.0,301.02109365019703
ORD000422,2026-06-05 18:54:13.379438,C0725,P061,2.0,456.09929644316753
ORD000423,2026-04-22 18:54:13.379438,C0814,P046,8.0,405.59461356896486
ORD000424,2026-07-04 18:54:13.379438,C0480,P085,2.0,128.3451743198919
ORD000425,2026-05-31 18:54:13.379438,C0415,P074,8.0,254.07364797712282
ORD000426,2026-07-02 18:54:13.379438,C0165,P080,2.0,217.32312529922478
ORD000427,2026-07-29 18:54:13.379438,C0912,P007,5.0,483.08280850055644
ORD000428,2026-06-04 18:54:13.379438,C0942,P004,4.0,401.42235239495034
ORD000429,2026-04-26 18:54:13.379438,C0638,P091,1.0,62.64004520416656
ORD000430,2026-08-08 18:54:13.379438,C0302,P052,8.0,92.59067634957957
ORD000431,2026-08-18 18:54:13.379438,C0974,P089,3.0,353.993913223026
ORD000432,2026-08-21 18:54:13.379438,C0121,P031,4.0,88.330506060036
ORD000433,2026-08-10 18:54:13.379438,C0088,P075,4.0,475.72958925988263
ORD000434,2026-05-31 18:54:13.379438,C0217,P084,5.0,496.5439563823372
ORD000435,2026-08-03 18:54:13.379438,C0573,P036,3.0,391.4017244777689
ORD000436,2026-04-04 18:54:13.379438,C0814,P054,9.0,23.132117264549475
ORD000437,2026-05-07 18:54:13.379438,C0179,P054,4.0,246.53612090149937
ORD000438,2026-07-08 18:54:13.379438,C0702,P017,4.0,208.97895955694594
ORD000439,2026-08-07 18:54:13.379438,C0163,P075,6.0,401.7724644105072
ORD000440,2026-07-30 18:54:13.379438,C0593,P030,8.0,150.6340806731715
ORD000441,2026-05-21 18:54:13.379438,C0170,P099,7.0,199.2017611551023
ORD000442,2026-07-01 18:54:13.379438,C0301,P022,4.0,55.81565934569258
ORD000443,2026-07-29 18:54:13.379438,C0374,P043,4.0,177.89168241002312
ORD000444,2026-08-10 18:54:13.379438,C0708,P027,5.0,487.1883841230424
ORD000445,2026-04-19 18:54:13.379438,C0203,P037,5.0,471.6534284693862
ORD000446,2026-06-11 18:54:13.379438,C0047,P046,1.0,377.62701100795084
ORD000447,2026-04-25 18:54:13.379438,C0463,P035,8.0,454.559191210119
ORD000448,2026-07-05 18:54:13.379438,C0670,P004,5.0,113.47354835870316
ORD000449,2026-06-18 18:54:13.379438,C0408,P080,3.0,314.69761558105205
ORD000450,2026-09-04 18:54:13.379438,C0194,P080,3.0,254.98639673020966
ORD000451,2026-08-25 18:54:13.379438,C0427,P085,4.0,217.1181197802263
ORD000452,2026-09-29 18:54:13.379438,C0930,P026,7.0,169.16921711028158
ORD000453,2026-06-28 18:54:13.379438,C0791,P019,5.0,434.49660008298264
ORD000454,2026-05-02 18:54:13.379438,C0317,P081,1.0,247.40754260649243
ORD000455,2026-06-11 18:54:13.379438,C0479,P045,5.0,364.7764098398229
ORD000456,2026-05-20 18:54:13.379438,C0421,P026,5.0,355.9156194649305
ORD000457,2026-07-06 18:54:13.379438,C0269,P022,6.0,76.67484735346409
ORD000458,2026-08-25 18:54:13.379438,C0481,P058,7.0,33.97849229583385
ORD000459,2026-09-26 18:54:13.379438,C0711,P063,5.0,421.58195506156227
ORD000460,2026-06-27 18:54:13.379438,C0736,P028,2.0,250.25681854056322
ORD000461,2026-05-12 18:54:13.379438,C0263,P065,2.0,406.9419105215236
ORD000462,2026-07-12 18:54:13.379438,C0426,P044,4.0,155.56197135448534
ORD000463,2026-05-06 18:54:13.379438,C0166,P043,1.0,432.29766592839985
ORD000464,2026-07-13 18:54:13.379438,C0692,P037,7.0,417.1020375894114
ORD000465,2026-04-26 18:54:13.379438,C0428,P066,1.0,197.01899955373906
ORD000466,2026-04-13 18:54:13.379438,C0704,P017,3.0,211.73205025074873
ORD000467,2026-06-11 18:54:13.379438,C0397,P040,7.0,181.93727573122197
ORD000468,2026-07-12 18:54:13.379438,C0216,P038,6.0,27.063060874886904
ORD000469,2026-05-07 18:54:13.379438,C0796,P085,7.0,346.95368970158745
ORD000470,2026-09-30 18:54:13.379438,C0864,P061,5.0,143.6389491346967
ORD000471,2026-08-19 18:54:13.379438,C0107,P009,8.0,443.16673375762804
ORD000472,2026-08-28 18:54:13.379438,C0978,P077,6.0,449.71480233454776
ORD000473,2026-07-08 18:54:13.379438,C0098,P075,4.0,364.06381099968786
ORD000474,2026-04-04 18:54:13.379438,C0880,P061,1.0,98.96635459406043
ORD000475,2026-06-11 18:54:13.379438,C0482,P080,2.0,53.753321306720274
ORD000476,2026-04-07 18:54:13.379438,C0499,P016,6.0,410.05883177411783
ORD000477,2026-04-19 18:54:13.379438,C0230,P002,4.0,447.6023933423524
ORD000478,2026-04-27 18:54:13.379438,C0257,P072,3.0,182.49917111958428
ORD000479,2026-06-22 18:54:13.379438,C0043,P043,7.0,182.94840752579245
ORD000480,2026-04-05 18:54:13.379438,C0242,P042,7.0,201.2351946105816
ORD000481,2026-08-09 18:54:13.379438,C0554,P077,2.0,415.53493031555877
ORD000482,2026-09-10 18:54:13.379438,C0095,P057,8.0,356.46525917538264
ORD000483,2026-06-26 18:54:13.379438,C0946,P081,1.0,69.76840371018925
ORD000484,2026-09-02 18:54:13.379438,C0766,P088,7.0,320.9983805964231
ORD000485,2026-08-21 18:54:13.379438,C0188,P067,1.0,14.791053379494505
ORD000486,2026-09-28 18:54:13.379438,C0385,P030,3.0,358.0892404633836
ORD000487,2026-09-13 18:54:13.379438,C0819,P013,3.0,384.6698355133105
ORD000488,2026-08-05 18:54:13.379438,C0400,P019,2.0,409.3247256522171
ORD000489,2026-05-06 18:54:13.379438,C0506,P007,5.0,316.56488468423265
ORD000490,2026-09-11 18:54:13.379438,C0167,P009,4.0,98.48817116353592
ORD000491,2026-09-29 18:54:13.379438,C0783,P083,6.0,398.93592251759867
ORD000492,2026-09-21 18:54:13.379438,C0125,P054,2.0,450.89737402849795
ORD000493,2026-07-13 18:54:13.379438,C0673,P086,4.0,320.5601100974975
ORD000494,2026-04-15 18:54:13.379438,C0087,P082,7.0,144.80775824311
ORD000495,2026-06-09 18:54:13.379438,C0821,P061,1.0,97.88675362550461
ORD000496,2026-06-07 18:54:13.379438,C0489,P087,3.0,123.41688063453998
ORD000497,2026-09-11 18:54:13.379438,C0226,P002,1.0,18.283084477050586
ORD000498,2026-09-18 18:54:13.379438,C0657,P050,2.0,14.982609622618309
ORD000499,2026-06-16 18:54:13.379438,C0345,P075,9.0,155.54882621441067
ORD000500,2026-05-16 18:54:13.379438,C0760,P031,5.0,462.2502599940758
ORD000501,2026-05-17 18:54:13.379438,C0874,P033,4.0,314.45045337769466
ORD000502,2026-05-02 18:54:13.379438,C0518,P078,4.0,199.19245898051832
ORD000503,2026-08-22 18:54:13.379438,C0031,P080,8.0,15.315305732996052
ORD000504,2026-04-15 18:54:13.379438,C0709,P011,3.0,494.95307449214164
ORD000505,2026-07-07 18:54:13.379438,C0744,P033,4.0,233.36375008425202
ORD000506,2026-05-19 18:54:13.379438,C0296,P007,2.0,495.8363884884833
ORD000507,2026-08-11 18:54:13.379438,C0414,P031,6.0,362.8685780887761
ORD000508,2026-05-08 18:54:13.379438,C0837,P048,9.0,35.107037048062125
ORD000509,2026-06-23 18:54:13.379438,C0972,P047,4.0,430.92256363784566
ORD000510,2026-07-02 18:54:13.379438,C0135,P078,6.0,269.8957034621319
ORD000511,2026-04-11 18:54:13.379438,C0525,P092,4.0,231.83692001935182
ORD000512,2026-07-05 18:54:13.379438,C0004,P053,2.0,381.34733354191627
ORD000513,2026-09-04 18:54:13.379438,C0178,P080,6.0,389.6524569992284
ORD000514,2026-07-02 18:54:13.379438,C0746,P019,7.0,400.250577377864
ORD000515,2026-09-12 18:54:13.379438,C0259,P081,4.0,382.6628139085842
ORD000516,2026-07-27 18:54:13.379438,C0652,P090,7.0,324.22232547593956
ORD000517,2026-07-17 18:54:13.379438,C0065,P006,8.0,341.0549345113601
ORD000518,2026-08-16 18:54:13.379438,C0795,P049,3.0,430.7054671574581
ORD000519,2026-05-31 18:54:13.379438,C0363,P073,2.0,348.364905345834
ORD000520,2026-07-26 18:54:13.379438,C0818,P050,5.0,59.66517489298254
ORD000521,2026-06-17 18:54:13.379438,C0717,P081,2.0,326.2953077238484
ORD000522,2026-09-07 18:54:13.379438,C0017,P095,5.0,93.296951086839
ORD000523,2026-08-01 18:54:13.379438,C0200,P012,6.0,16.98395158443642
ORD000524,2026-09-14 18:54:13.379438,C0544,P023,8.0,114.9416939146332
ORD000525,2026-04-24 18:54:13.379438,C0212,P054,6.0,85.65844189183738
ORD000526,2026-09-14 18:54:13.379438,C0435,P069,4.0,60.02691020661696
ORD000527,2026-08-19 18:54:13.379438,C0273,P059,3.0,115.34351970378574
ORD000528,2026-07-13 18:54:13.379438,C0290,P036,2.0,286.14897635517434
ORD000529,2026-09-02 18:54:13.379438,C0803,P003,1.0,84.22020349596633
ORD000530,2026-09-27 18:54:13.379438,C0483,P058,2.0,146.92475573402464
ORD000531,2026-07-11 18:54:13.379438,C0998,P088,2.0,426.30013400431534
ORD000532,2026-05-09 18:54:13.379438,C0234,P055,5.0,445.14512451874305
ORD000533,2026-07-08 18:54:13.379438,C0408,P057,9.0,173.21133972536907
ORD000534,2026-09-02 18:54:13.379438,C0694,P017,1.0,450.4860394367164
ORD000535,2026-09-01 18:54:13.379438,C0146,P039,4.0,297.00660735526685
ORD000536,2026-05-10 18:54:13.379438,C0562,P090,7.0,120.92051817095691
ORD000537,2026-04-15 18:54:13.379438,C0430,P068,3.0,379.60376851828835
ORD000538,2026-07-25 18:54:13.379438,C0432,P055,8.0,461.8261309215211
ORD000539,2026-04-16 18:54:13.379438,C0615,P045,3.0,333.0255555149317
ORD000540,2026-04-26 18:54:13.379438,C0545,P076,8.0,108.65205702171971
ORD000541,2026-07-11 18:54:13.379438,C0497,P001,2.0,52.08123757044812
ORD000542,2026-07-17 18:54:13.379438,C0983,P021,5.0,122.41186564603638
ORD000543,2026-05-03 18:54:13.379438,C0089,P083,4.0,175.86916765548148
ORD000544,2026-04-20 18:54:13.379438,C0997,P021,9.0,173.5302989634447
ORD000545,2026-07-25 18:54:13.379438,C0411,P052,3.0,254.28750717668387
ORD000546,2026-06-04 18:54:13.379438,C0897,P082,5.0,257.532915855655
ORD000547,2026-06-26 18:54:13.379438,C0853,P043,9.0,241.00197969141684
ORD000548,2026-07-24 18:54:13.379438,C0827,P052,6.0,178.473699182626
ORD000549,2026-06-28 18:54:13.379438,C0241,P067,2.0,62.346932180965354
ORD000550,2026-08-22 18:54:13.379438,C0778,P044,1.0,214.97596283431167
ORD000551,2026-04-22 18:54:13.379438,C0223,P032,1.0,493.0225678016389
ORD000552,2026-09-27 18:54:13.379438,C0748,P010,7.0,330.3986878113794
ORD000553,2026-07-12 18:54:13.379438,C0665,P064,2.0,225.4909001298643
ORD000554,2026-08-21 18:54:13.379438,C0468,P079,7.0,50.91040775747313
ORD000555,2026-08-28 18:54:13.379438,C0569,P069,1.0,114.49187234063767
ORD000556,2026-06-18 18:54:13.379438,C0322,P068,4.0,291.57717406253613
ORD000557,2026-04-12 18:54:13.379438,C0375,P028,4.0,253.95818436752302
ORD000558,2026-05-01 18:54:13.379438,C0112,P053,5.0,19.40558065639479
ORD000559,2026-08-09 18:54:13.379438,C0527,P051,1.0,52.255557565288825
ORD000560,2026-05-25 18:54:13.379438,C0412,P053,7.0,184.44420474948055
ORD000561,2026-06-25 18:54:13.379438,C0269,P004,2.0,79.00463358683324
ORD000562,2026-07-23 18:54:13.379438,C0626,P079,2.0,479.3429126988813
ORD000563,2026-08-25 18:54:13.379438,C0252,P017,8.0,26.717670476792154
ORD000564,2026-07-29 18:54:13.379438,C0374,P067,9.0,487.2841926272331
ORD000565,2026-06-11 18:54:13.379438,C0654,P074,6.0,331.7113229277665
ORD000566,2026-07-11 18:54:13.379438,C0626,P047,1.0,209.5415847285028
ORD000567,2026-08-21 18:54:13.379438,C0450,P056,1.0,274.32194760063004
ORD000568,2026-04-28 18:54:13.379438,C0802,P023,7.0,210.96110895418187
ORD000569,2026-09-30 18:54:13.379438,C0995,P018,8.0,290.87173629649874
ORD000570,2026-08-04 18:54:13.379438,C0869,P001,3.0,84.48301552516864
ORD000571,2026-05-26 18:54:13.379438,C0537,P035,9.0,68.80647239699883
ORD000572,2026-09-01 18:54:13.379438,C0368,P064,4.0,269.0094312879376
ORD000573,2026-08-25 18:54:13.379438,C0822,P058,4.0,44.95643234391969
ORD000574,2026-05-30 18:54:13.379438,C0255,P095,3.0,153.31730829698202
ORD000575,2026-05-12 18:54:13.379438,C0463,P059,8.0,464.1785661398574
ORD000576,2026-07-21 18:54:13.379438,C0268,P001,9.0,439.34442309046125
ORD000577,2026-05-15 18:54:13.379438,C0126,P003,1.0,417.3871247498208
ORD000578,2026-09-17 18:54:13.379438,C0393,P067,2.0,258.5102063743168
ORD000579,2026-08-23 18:54:13.379438,C0762,P037,1.0,23.663505252765876
ORD000580,2026-08-03 18:54:13.379438,C0799,P083,4.0,69.4709380869392
ORD000581,2026-08-14 18:54:13.379438,C0334,P029,7.0,460.5310266958073
ORD000582,2026-09-13 18:54:13.379438,C0989,P089,7.0,419.83959273104557
ORD000583,2026-06-17 18:54:13.379438,C0565,P033,6.0,194.49569285042318
ORD000584,2026-08-27 18:54:13.379438,C0368,P061,5.0,367.19801209119464
ORD000585,2026-06-18 18:54:13.379438,C0555,P093,4.0,428.71861867696157
ORD000586,2026-04-12 18:54:13.379438,C0678,P090,8.0,313.96444377438013
ORD000587,2026-06-16 18:54:13.379438,C0554,P004,7.0,428.22820392664164
ORD000588,2026-08-26 18:54:13.379438,C0892,P014,1.0,129.89026385578887
ORD000589,2026-04-10 18:54:13.379438,C0456,P091,6.0,236.44651592039205
ORD000590,2026-09-24 18:54:13.379438,C0688,P033,2.0,293.7304745596653
ORD000591,2026-08-22 18:54:13.379438,C0067,P022,4.0,319.267148987551
ORD000592,2026-09-18 18:54:13.379438,C0066,P048,5.0,493.62525805864783
ORD000593,2026-09-20 18:54:13.379438,C0912,P003,8.0,424.50635580396425
ORD000594,2026-08-18 18:54:13.379438,C0595,P087,6.0,37.07784739062792
ORD000595,2026-09-28 18:54:13.379438,C0862,P085,2.0,92.87536817734373
ORD000596,2026-04-30 18:54:13.379438,C0617,P023,5.0,331.9995620372644
ORD000597,2026-08-03 18:54:13.379438,C0400,P068,5.0,127.84991452449441
ORD000598,2026-04-08 18:54:13.379438,C0287,P021,6.0,87.89427748791805
ORD000599,2026-05-02 18:54:13.379438,C0886,P043,1.0,336.65893227620217
ORD000600,2026-09-15 18:54:13.379438,C0186,P095,8.0,272.8480301533915
ORD000601,2026-09-16 18:54:13.379438,C0284,P085,3.0,404.5430889609517
ORD000602,2026-06-25 18:54:13.379438,C0516,P026,5.0,166.48698663111097
ORD000603,2026-08-17 18:54:13.379438,C0650,P041,7.0,171.55491517088035
ORD000604,2026-07-21 18:54:13.379438,C0691,P099,3.0,83.74106172907385
ORD000605,2026-06-07 18:54:13.379438,C0237,P038,6.0,329.6064915540179
ORD000606,2026-06-28 18:54:13.379438,C0018,P088,5.0,357.35700370458875
ORD000607,2026-08-26 18:54:13.379438,C0815,P011,7.0,77.82914308264303
ORD000608,2026-06-13 18:54:13.379438,C0928,P029,3.0,134.51558624588966
ORD000609,2026-05-18 18:54:13.379438,C0414,P060,2.0,85.59294551131953
ORD000610,2026-08-13 18:54:13.379438,C0932,P067,4.0,376.3617285295242
ORD000611,2026-05-09 18:54:13.379438,C0009,P065,3.0,112.45788752159535
ORD000612,2026-06-12 18:54:13.379438,C0420,P061,4.0,84.60081664927505
ORD000613,2026-09-09 18:54:13.379438,C0029,P019,7.0,44.227336668428165
ORD000614,2026-04-22 18:54:13.379438,C0656,P046,5.0,417.33674237083
ORD000615,2026-07-20 18:54:13.379438,C0348,P049,4.0,70.74978293551189
ORD000616,2026-09-17 18:54:13.379438,C0661,P022,6.0,24.536856393616954
ORD000617,2026-07-03 18:54:13.379438,C0576,P078,7.0,41.509606971963834
ORD000618,2026-07-02 18:54:13.379438,C0879,P057,5.0,189.74712734285563
ORD000619,2026-04-22 18:54:13.379438,C0450,P014,7.0,302.35974495595053
ORD000620,2026-05-12 18:54:13.379438,C0380,P044,3.0,205.12030670484876
ORD000621,2026-08-07 18:54:13.379438,C0699,P016,7.0,233.14939103349576
ORD000622,2026-09-23 18:54:13.379438,C0366,P097,3.0,460.45967369789173
ORD000623,2026-08-22 18:54:13.379438,C0227,P077,6.0,381.87136905173145
ORD000624,2026-08-07 18:54:13.379438,C0118,P012,8.0,177.11023864159077
ORD000625,2026-05-31 18:54:13.379438,C0412,P055,6.0,85.61414532557423
ORD000626,2026-08-29 18:54:13.379438,C0951,P051,3.0,377.09449802371466
ORD000627,2026-06-03 18:54:13.379438,C0356,P039,5.0,291.0266508338372
ORD000628,2026-08-08 18:54:13.379438,C0254,P033,9.0,481.5008767088821
ORD000629,2026-07-17 18:54:13.379438,C0543,P033,8.0,455.13675035212685
ORD000630,2026-09-17 18:54:13.379438,C0673,P029,6.0,286.1849380212869
ORD000631,2026-04-04 18:54:13.379438,C0727,P069,9.0,44.255994817857214
ORD000632,2026-08-12 18:54:13.379438,C0444,P070,2.0,25.170243790438214
ORD000633,2026-07-04 18:54:13.379438,C0681,P031,9.0,420.3849963067813
ORD000634,2026-07-25 18:54:13.379438,C0081,P080,6.0,352.0406416838676
ORD000635,2026-09-03 18:54:13.379438,C0046,P031,9.0,284.47711955960034
ORD000636,2026-05-29 18:54:13.379438,C0049,P089,4.0,347.57336484345313
ORD000637,2026-09-11 18:54:13.379438,C0449,P046,5.0,274.4955487854682
ORD000638,2026-09-16 18:54:13.379438,C0810,P097,2.0,293.3854904328446
ORD000639,2026-07-29 18:54:13.379438,C0407,P077,3.0,120.68559109072038
ORD000640,2026-08-15 18:54:13.379438,C0880,P052,1.0,233.19716253476693
ORD000641,2026-05-31 18:54:13.379438,C0283,P010,4.0,15.426035808056195
ORD000642,2026-05-17 18:54:13.379438,C0473,P088,2.0,337.6794882358845
ORD000643,2026-09-23 18:54:13.379438,C0416,P074,2.0,172.82825352707434
ORD000644,2026-09-10 18:54:13.379438,C0979,P041,1.0,331.5988346942943
ORD000645,2026-09-23 18:54:13.379438,C0600,P095,2.0,463.966218082113
ORD000646,2026-06-03 18:54:13.379438,C0121,P077,4.0,299.9052241839282
ORD000647,2026-05-20 18:54:13.379438,C0003,P003,6.0,170.7616511581688
ORD000648,2026-08-30 18:54:13.379438,C0316,P059,7.0,111.50772400581387
ORD000649,2026-06-22 18:54:13.379438,C0460,P052,7.0,133.33715812822453
ORD000650,2026-07-30 18:54:13.379438,C0227,P034,7.0,493.7755443776235
ORD000651,2026-09-14 18:54:13.379438,C0079,P049,4.0,311.52789472216324
ORD000652,2026-08-28 18:54:13.379438,C0657,P028,5.0,225.86729895787394
ORD000653,2026-04-23 18:54:13.379438,C0754,P083,3.0,123.1777615548558
ORD000654,2026-08-27 18:54:13.379438,C0544,P087,1.0,388.7948512192889
ORD000655,2026-05-20 18:54:13.379438,C0775,P096,8.0,199.8472385184892
ORD000656,2026-05-22 18:54:13.379438,C0723,P013,7.0,157.55203669655108
ORD000657,2026-04-17 18:54:13.379438,C0071,P097,9.0,118.92931313262905
ORD000658,2026-08-24 18:54:13.379438,C0896,P098,4.0,100.95930351268466
ORD000659,2026-09-09 18:54:13.379438,C0197,P097,5.0,143.95471826913806
ORD000660,2026-04-04 18:54:13.379438,C0058,P069,5.0,317.32944453456287
ORD000661,2026-07-29 18:54:13.379438,C0424,P067,7.0,127.52540849973909
ORD000662,2026-05-27 18:54:13.379438,C0469,P061,9.0,39.693222374335
ORD000663,2026-07-30 18:54:13.379438,C0624,P060,8.0,185.92201711712892
ORD000664,2026-04-06 18:54:13.379438,C0048,P071,7.0,296.5774349499502
ORD000665,2026-08-25 18:54:13.379438,C0435,P024,1.0,39.50684625184694
ORD000666,2026-04-15 18:54:13.379438,C0185,P063,6.0,231.786339423077
ORD000667,2026-06-16 18:54:13.379438,C0879,P086,9.0,35.62148010381463
ORD000668,2026-04-19 18:54:13.379438,C0839,P061,7.0,386.4079872872276
ORD000669,2026-07-14 18:54:13.379438,C0165,P023,1.0,437.22242165104234
ORD000670,2026-09-02 18:54:13.379438,C0727,P030,9.0,482.2659887712715
ORD000671,2026-09-06 18:54:13.379438,C0331,P060,3.0,348.71919524357577
ORD000672,2026-07-29 18:54:13.379438,C0330,P018,9.0,319.71155489531117
ORD000673,2026-04-11 18:54:13.379438,C0121,P096,4.0,350.09777188169585
ORD000674,2026-08-03 18:54:13.379438,C0213,P056,9.0,428.7776110945383
ORD000675,2026-07-04 18:54:13.379438,C0823,P053,8.0,405.4754668117478
ORD000676,2026-09-14 18:54:13.379438,C0507,P007,7.0,224.8632526004951
ORD000677,2026-07-02 18:54:13.379438,C0553,P097,4.0,329.02585537087845
ORD000678,2026-08-17 18:54:13.379438,C0865,P069,9.0,89.34093752555329
ORD000679,2026-06-02 18:54:13.379438,C0916,P092,4.0,350.5135562185423
ORD000680,2026-09-28 18:54:13.379438,C0801,P072,1.0,368.07755898434993
ORD000681,2026-05-01 18:54:13.379438,C0168,P079,6.0,402.64185129830344
ORD000682,2026-07-13 18:54:13.379438,C0995,P052,4.0,410.6478147769385
ORD000683,2026-05-14 18:54:13.379438,C0546,P004,3.0,225.55494579508024
ORD000684,2026-09-05 18:54:13.379438,C0830,P034,5.0,452.7232232449871
ORD000685,2026-08-26 18:54:13.379438,C0996,P069,3.0,490.6656537331525
ORD000686,2026-09-11 18:54:13.379438,C0987,P033,9.0,489.24013040837787
ORD000687,2026-09-07 18:54:13.379438,C0787,P069,6.0,297.0228695349736
ORD000688,2026-08-22 18:54:13.379438,C0427,P038,3.0,284.14655202569026
ORD000689,2026-05-19 18:54:13.379438,C0709,P098,5.0,234.0937532309544
ORD000690,2026-05-08 18:54:13.379438,C0703,P026,8.0,156.89910620705288
ORD000691,2026-08-15 18:54:13.379438,C0221,P001,8.0,173.54131518268844
ORD000692,2026-06-24 18:54:13.379438,C0010,P004,6.0,115.71853136727755
ORD000693,2026-07-27 18:54:13.379438,C0120,P039,5.0,478.3040877088473
ORD000694,2026-05-20 18:54:13.379438,C0635,P054,5.0,313.71503169244374
ORD000695,2026-09-03 18:54:13.379438,C0247,P090,1.0,467.88695590061036
ORD000696,2026-04-13 18:54:13.379438,C0360,P033,2.0,199.69157129384274
ORD000697,2026-05-29 18:54:13.379438,C0909,P033,4.0,156.11548358830706
ORD000698,2026-05-03 18:54:13.379438,C0221,P072,6.0,75.04501515402352
ORD000699,2026-07-21 18:54:13.379438,C0773,P020,7.0,157.12049514494356
ORD000700,2026-04-08 18:54:13.379438,C0506,P016,1.0,446.17869771051437
ORD000701,2026-07-31 18:54:13.379438,C0058,P021,8.0,295.31533736428673
ORD000702,2026-05-06 18:54:13.379438,C0827,P045,1.0,231.7142346504488
ORD000703,2026-07-30 18:54:13.379438,C0460,P090,9.0,288.44227359736124
ORD000704,2026-06-07 18:54:13.379438,C0128,P087,4.0,447.41773988588676
ORD000705,2026-08-27 18:54:13.379438,C0699,P082,7.0,104.48310851236342
ORD000706,2026-09-27 18:54:13.379438,C0717,P062,6.0,483.1730846778748
ORD000707,2026-04-14 18:54:13.379438,C0086,P031,9.0,336.4352461731623
ORD000708,2026-06-27 18:54:13.379438,C0104,P042,2.0,429.12160492051106
ORD000709,2026-04-29 18:54:13.379438,C0143,P012,7.0,267.4493661679137
ORD000710,2026-06-05 18:54:13.379438,C0205,P065,5.0,125.95255737622277
ORD000711,2026-06-28 18:54:13.379438,C0641,P073,7.0,288.0428385722942
ORD000712,2026-06-01 18:54:13.379438,C0758,P003,1.0,43.29038140220079
ORD000713,2026-04-30 18:54:13.379438,C0038,P090,9.0,427.57563010334246
ORD000714,2026-09-27 18:54:13.379438,C0363,P009,1.0,328.2937596354858
ORD000715,2026-09-11 18:54:13.379438,C0621,P051,5.0,148.59998199748358
ORD000716,2026-07-10 18:54:13.379438,C0309,P016,8.0,144.48998322604191
ORD000717,2026-07-17 18:54:13.379438,C0052,P088,1.0,452.37494955090654
ORD000718,2026-07-11 18:54:13.379438,C0001,P078,7.0,422.04447867120933
ORD000719,2026-08-10 18:54:13.379438,C0011,P003,2.0,383.92324947160495
ORD000720,2026-08-30 18:54:13.379438,C0826,P098,7.0,213.24803234090095
ORD000721,2026-05-28 18:54:13.379438,C0747,P097,7.0,437.5274915262705
ORD000722,2026-04-09 18:54:13.379438,C0640,P024,9.0,130.97616046160368
ORD000723,2026-07-07 18:54:13.379438,C0936,P073,6.0,21.884419731389478
ORD000724,2026-08-14 18:54:13.379438,C0214,P013,4.0,222.05727965517215
ORD000725,2026-07-14 18:54:13.379438,C0995,P002,7.0,460.5673931647842
ORD000726,2026-04-06 18:54:13.379438,C0956,P071,7.0,289.90123746661146
ORD000727,2026-04-26 18:54:13.379438,C0755,P021,4.0,122.42351784301572
ORD000728,2026-05-26 18:54:13.379438,C0556,P019,2.0,328.9024383236006
ORD000729,2026-09-15 18:54:13.379438,C0518,P089,9.0,375.042985614745
ORD000730,2026-06-25 18:54:13.379438,C0668,P047,8.0,279.6655355831072
ORD000731,2026-08-26 18:54:13.379438,C0415,P022,5.0,422.8730315844021
ORD000732,2026-06-27 18:54:13.379438,C0008,P075,5.0,300.2625700394954
ORD000733,2026-06-20 18:54:13.379438,C0005,P033,1.0,57.050088469921356
ORD000734,2026-07-22 18:54:13.379438,C0362,P032,9.0,406.67709111846114
ORD000735,2026-04-04 18:54:13.379438,C0694,P064,8.0,81.71453799923503
ORD000736,2026-05-24 18:54:13.379438,C0112,P085,5.0,442.5500302050646
ORD000737,2026-09-23 18:54:13.379438,C0273,P039,6.0,265.7040584594109
ORD000738,2026-04-07 18:54:13.379438,C0422,P084,8.0,368.61469653532725
ORD000739,2026-07-25 18:54:13.379438,C0265,P072,6.0,486.3265067945079
ORD000740,2026-05-05 18:54:13.379438,C0458,P042,4.0,221.65214035838673
ORD000741,2026-05-07 18:54:13.379438,C0212,P009,3.0,235.26370354913655
ORD000742,2026-07-04 18:54:13.379438,C0078,P025,7.0,414.6644798244425
ORD000743,2026-07-07 18:54:13.379438,C0782,P089,2.0,64.01650017532799
ORD000744,2026-06-14 18:54:13.379438,C0666,P097,7.0,23.572459580746845
ORD000745,2026-05-12 18:54:13.379438,C0221,P002,1.0,306.1151052662137
ORD000746,2026-09-04 18:54:13.379438,C0369,P019,5.0,92.08469214515756
ORD000747,2026-09-12 18:54:13.379438,C0958,P020,9.0,135.3117315942884
ORD000748,2026-07-30 18:54:13.379438,C0347,P093,1.0,488.3771602773058
ORD000749,2026-04-06 18:54:13.379438,C0025,P070,8.0,330.042543184501
ORD000750,2026-08-04 18:54:13.379438,C0976,P017,9.0,429.3237121882063
ORD000751,2026-05-23 18:54:13.379438,C0420,P089,9.0,449.91761249938327
ORD000752,2026-04-15 18:54:13.379438,C0354,P068,8.0,69.46151251106767
ORD000753,2026-05-27 18:54:13.379438,C0720,P094,4.0,464.61098390200743
ORD000754,2026-08-14 18:54:13.379438,C0417,P084,7.0,434.59440155819976
ORD000755,2026-05-30 18:54:13.379438,C0515,P003,1.0,32.21789160390476
ORD000756,2026-08-26 18:54:13.379438,C0215,P087,7.0,488.8317339586191
ORD000757,2026-07-24 18:54:13.379438,C0907,P051,6.0,234.5753056199312
ORD000758,2026-05-20 18:54:13.379438,C0112,P082,5.0,487.4993220520033
ORD000759,2026-09-01 18:54:13.379438,C0954,P026,1.0,413.68868223640305
ORD000760,2026-06-27 18:54:13.379438,C0704,P056,8.0,225.66575657205192
ORD000761,2026-08-23 18:54:13.379438,C0914,P064,1.0,260.66314225451794
ORD000762,2026-06-08 18:54:13.379438,C0559,P008,1.0,144.79778086769636
ORD000763,2026-06-17 18:54:13.379438,C0428,P081,3.0,248.59070469011846
ORD000764,2026-09-29 18:54:13.379438,C0733,P095,8.0,62.671262922620514
ORD000765,2026-07-15 18:54:13.379438,C0699,P037,8.0,455.231174802033
ORD000766,2026-09-16 18:54:13.379438,C0562,P097,7.0,359.47392801157656
ORD000767,2026-05-11 18:54:13.379438,C0709,P027,5.0,404.5512947135311
ORD000768,2026-05-23 18:54:13.379438,C0216,P045,8.0,270.24988402581124
ORD000769,2026-07-10 18:54:13.379438,C0413,P004,2.0,71.56060213733738
ORD000770,2026-06-24 18:54:13.379438,C0733,P086,8.0,273.2498792696223
ORD000771,2026-05-03 18:54:13.379438,C0380,P090,2.0,171.31106682500692
ORD000772,2026-06-21 18:54:13.379438,C0602,P096,5.0,14.951843139434159
ORD000773,2026-07-03 18:54:13.379438,C0232,P088,4.0,311.36753858759863
ORD000774,2026-09-29 18:54:13.379438,C0835,P099,1.0,428.28811987771644
ORD000775,2026-05-25 18:54:13.379438,C0258,P037,5.0,358.1705086394454
ORD000776,2026-09-16 18:54:13.379438,C0665,P096,7.0,119.5308698787787
ORD000777,2026-06-21 18:54:13.379438,C0256,P071,1.0,411.37526719889775
ORD000778,2026-05-03 18:54:13.379438,C0403,P033,2.0,161.65474710963042
ORD000779,2026-07-18 18:54:13.379438,C0424,P031,9.0,117.05786914746632
ORD000780,2026-05-24 18:54:13.379438,C0770,P055,5.0,480.9594761679832
ORD000781,2026-06-23 18:54:13.379438,C0979,P012,7.0,18.132619589138415
ORD000782,2026-08-14 18:54:13.379438,C0065,P011,2.0,92.10887717308607
ORD000783,2026-05-02 18:54:13.379438,C0190,P088,7.0,238.83050611148906
ORD000784,2026-08-13 18:54:13.379438,C0603,P072,7.0,91.86391089988365
ORD000785,2026-08-19 18:54:13.379438,C0950,P032,7.0,91.7660562170141
ORD000786,2026-08-26 18:54:13.379438,C0173,P057,5.0,320.8306725534794
ORD000787,2026-06-16 18:54:13.379438,C0759,P038,9.0,411.32475963557374
ORD000788,2026-04-20 18:54:13.379438,C0768,P060,2.0,334.19255036715174
ORD000789,2026-06-26 18:54:13.379438,C0628,P086,4.0,59.71158045790776
ORD000790,2026-06-11 18:54:13.379438,C0561,P098,2.0,448.73545182621405
ORD000791,2026-05-07 18:54:13.379438,C0227,P019,8.0,462.14643921736774
ORD000792,2026-04-09 18:54:13.379438,C0581,P084,1.0,147.6912479513163
ORD000793,2026-05-26 18:54:13.379438,C0934,P056,9.0,281.0251441952485
ORD000794,2026-08-07 18:54:13.379438,C0388,P014,5.0,247.76594231846346
ORD000795,2026-05-16 18:54:13.379438,C0401,P033,3.0,337.4301159149466
ORD000796,2026-07-27 18:54:13.379438,C0638,P010,4.0,489.19374200419475
ORD000797,2026-07-23 18:54:13.379438,C0949,P080,1.0,493.3263696576293
ORD000798,2026-09-01 18:54:13.379438,C0213,P064,3.0,259.48071971901163
ORD000799,2026-06-22 18:54:13.379438,C0053,P064,8.0,55.05533461474239
ORD000800,2026-07-07 18:54:13.379438,C0624,P062,2.0,173.8915380971329
ORD000801,2026-07-30 18:54:13.379438,C0671,P068,2.0,212.64758084897088
ORD000802,2026-08-25 18:54:13.379438,C0752,P091,9.0,271.97034780266887
ORD000803,2026-04-11 18:54:13.379438,C0662,P092,5.0,480.5814816360913
ORD000804,2026-08-13 18:54:13.379438,C0139,P043,5.0,138.5845898215939
ORD000805,2026-07-16 18:54:13.379438,C0418,P080,1.0,272.9769819408205
ORD000806,2026-08-13 18:54:13.379438,C0625,P059,6.0,152.61339511455137
ORD000807,2026-04-28 18:54:13.379438,C0143,P052,8.0,460.53631236658526
ORD000808,2026-07-08 18:54:13.379438,C0882,P097,6.0,495.0792710223258
ORD000809,2026-09-05 18:54:13.379438,C0509,P019,7.0,436.66224058032986
ORD000810,2026-07-05 18:54:13.379438,C0650,P021,4.0,175.98436006779806
ORD000811,2026-09-10 18:54:13.379438,C0486,P022,2.0,146.16317095832034
ORD000812,2026-09-28 18:54:13.379438,C0992,P009,1.0,221.27359926630533
ORD000813,2026-06-03 18:54:13.379438,C0437,P009,6.0,376.31227021449513
ORD000814,2026-08-03 18:54:13.379438,C0816,P073,9.0,14.564594855094548
ORD000815,2026-05-24 18:54:13.379438,C0543,P027,5.0,497.6044674791495
ORD000816,2026-08-28 18:54:13.379438,C0293,P017,2.0,442.8715668445795
ORD000817,2026-04-24 18:54:13.379438,C0620,P044,1.0,21.669610413023022
ORD000818,2026-04-08 18:54:13.379438,C0284,P045,3.0,197.22907450174085
ORD000819,2026-07-04 18:54:13.379438,C0671,P008,4.0,347.03868871387675
ORD000820,2026-09-20 18:54:13.379438,C0838,P080,7.0,128.28887460700977
ORD000821,2026-06-03 18:54:13.379438,C0014,P018,9.0,79.99097127692274
ORD000822,2026-04-25 18:54:13.379438,C0634,P033,8.0,318.3660212219165
ORD000823,2026-08-30 18:54:13.379438,C0727,P001,9.0,452.72747121479284
ORD000824,2026-06-12 18:54:13.379438,C0272,P076,7.0,478.2407280026951
ORD000825,2026-04-04 18:54:13.379438,C0025,P006,8.0,15.029020079005864
ORD000826,2026-08-14 18:54:13.379438,C0935,P041,8.0,438.48410316627127
ORD000827,2026-04-15 18:54:13.379438,C0322,P055,1.0,284.776273711691
ORD000828,2026-07-02 18:54:13.379438,C0806,P005,9.0,126.47510643917478
ORD000829,2026-05-19 18:54:13.379438,C0681,P059,2.0,312.30241679092063
ORD000830,2026-05-07 18:54:13.379438,C0103,P080,7.0,497.93649604761714
ORD000831,2026-09-27 18:54:13.379438,C0866,P018,5.0,145.32444593708857
ORD000832,2026-06-20 18:54:13.379438,C0883,P049,4.0,145.675251908882
ORD000833,2026-05-18 18:54:13.379438,C0040,P082,1.0,352.4818059037234
ORD000834,2026-09-05 18:54:13.379438,C0235,P065,1.0,31.17170474290604
ORD000835,2026-06-15 18:54:13.379438,C0832,P083,3.0,412.0681369489105
ORD000836,2026-04-29 18:54:13.379438,C0089,P054,1.0,329.7391720000794
ORD000837,2026-05-20 18:54:13.379438,C0100,P061,8.0,422.18372358889184
ORD000838,2026-08-02 18:54:13.379438,C0144,P008,3.0,123.06263788710987
ORD000839,2026-05-29 18:54:13.379438,C0082,P003,2.0,425.12320983218086
ORD000840,2026-07-06 18:54:13.379438,C0589,P025,6.0,229.82062402830155
ORD000841,2026-07-19 18:54:13.379438,C0571,P069,4.0,75.03389431455734
ORD000842,2026-06-05 18:54:13.379438,C0229,P055,4.0,451.69707233489635
ORD000843,2026-05-21 18:54:13.379438,C0603,P040,2.0,355.45644245886723
ORD000844,2026-06-03 18:54:13.379438,C0866,P083,2.0,92.45971645235664
ORD000845,2026-06-23 18:54:13.379438,C0395,P082,6.0,130.7873988668248
ORD000846,2026-04-29 18:54:13.379438,C0513,P050,5.0,141.7431341693677
ORD000847,2026-05-09 18:54:13.379438,C0781,P095,9.0,482.0337517576539
ORD000848,2026-04-04 18:54:13.379438,C0798,P033,4.0,444.2268101496443
ORD000849,2026-04-11 18:54:13.379438,C0197,P018,5.0,179.70911470085755
ORD000850,2026-07-25 18:54:13.379438,C0274,P057,1.0,238.65210564363576
ORD000851,2026-07-11 18:54:13.379438,C0590,P016,2.0,149.78715831230144
ORD000852,2026-09-30 18:54:13.379438,C0653,P080,3.0,373.89784241763124
ORD000853,2026-05-20 18:54:13.379438,C0800,P038,5.0,88.99248346046126
ORD000854,2026-08-08 18:54:13.379438,C0583,P041,5.0,175.92099595987543
ORD000855,2026-05-29 18:54:13.379438,C0968,P007,4.0,306.99119012689056
ORD000856,2026-04-17 18:54:13.379438,C0562,P078,3.0,439.8987943787667
ORD000857,2026-05-01 18:54:13.379438,C0967,P053,9.0,321.4196262380221
ORD000858,2026-06-20 18:54:13.379438,C0372,P063,1.0,470.4659596371679
ORD000859,2026-08-11 18:54:13.379438,C0881,P089,6.0,466.0965481378677
ORD000860,2026-07-21 18:54:13.379438,C0080,P032,7.0,361.9667368852029
ORD000861,2026-09-04 18:54:13.379438,C0235,P038,4.0,146.56394459529525
ORD000862,2026-04-17 18:54:13.379438,C0287,P022,3.0,344.7087447829961
ORD000863,2026-05-29 18:54:13.379438,C0819,P016,8.0,104.44147508303745
ORD000864,2026-07-27 18:54:13.379438,C0667,P052,9.0,173.2703043120776
ORD000865,2026-04-10 18:54:13.379438,C0572,P029,1.0,381.37071200443285
ORD000866,2026-04-06 18:54:13.379438,C0545,P016,9.0,426.80964695875736
ORD000867,2026-07-23 18:54:13.379438,C0437,P076,7.0,214.21675517673887
ORD000868,2026-09-01 18:54:13.379438,C0127,P017,1.0,266.4840699378877
ORD000869,2026-07-19 18:54:13.379438,C0733,P064,7.0,199.2051029645867
ORD000870,2026-04-21 18:54:13.379438,C0712,P091,5.0,244.8571000540551
ORD000871,2026-05-11 18:54:13.379438,C0417,P089,7.0,261.11894136403566
ORD000872,2026-07-27 18:54:13.379438,C0638,P013,9.0,348.99888759895777
ORD000873,2026-04-18 18:54:13.379438,C0041,P072,8.0,377.75698757402483
ORD000874,2026-07-31 18:54:13.379438,C0787,P056,6.0,487.75795889665744
ORD000875,2026-05-01 18:54:13.379438,C0469,P005,2.0,224.449238972646
ORD000876,2026-05-12 18:54:13.379438,C0297,P012,8.0,50.73851568201024
ORD000877,2026-04-20 18:54:13.379438,C0597,P041,4.0,347.20150489336453
ORD000878,2026-06-28 18:54:13.379438,C0601,P003,8.0,254.15449539503766
ORD000879,2026-08-07 18:54:13.379438,C0042,P099,7.0,422.1006691030061
ORD000880,2026-05-17 18:54:13.379438,C0632,P033,4.0,81.80672493431933
ORD000881,2026-04-28 18:54:13.379438,C0279,P086,8.0,326.00785812088526
ORD000882,2026-08-26 18:54:13.379438,C0459,P050,2.0,235.03660904906897
ORD000883,2026-04-16 18:54:13.379438,C0033,P056,9.0,215.4584840956125
ORD000884,2026-04-28 18:54:13.379438,C0276,P009,6.0,286.7843114768936
ORD000885,2026-06-10 18:54:13.379438,C0665,P082,7.0,345.24954016463124
ORD000886,2026-08-19 18:54:13.379438,C0090,P050,1.0,426.95444850804074
ORD000887,2026-06-09 18:54:13.379438,C0616,P029,3.0,125.20467804079121
ORD000888,2026-07-21 18:54:13.379438,C0948,P039,5.0,153.61641604834824
ORD000889,2026-08-27 18:54:13.379438,C0524,P091,7.0,278.8049453406595
ORD000890,2026-07-23 18:54:13.379438,C0160,P045,1.0,179.81299978386676
ORD000891,2026-07-23 18:54:13.379438,C0929,P017,9.0,288.48881572952234
ORD000892,2026-05-07 18:54:13.379438,C0458,P056,5.0,108.07389109193403
ORD000893,2026-07-23 18:54:13.379438,C0708,P098,3.0,160.74742577634456
ORD000894,2026-04-11 18:54:13.379438,C0399,P046,7.0,169.17257532492462
ORD000895,2026-09-18 18:54:13.379438,C0819,P067,8.0,496.23708933183826
ORD000896,2026-07-25 18:54:13.379438,C0774,P069,3.0,428.6306818829346
ORD000897,2026-06-25 18:54:13.379438,C0091,P014,7.0,420.4733109963528
ORD000898,2026-05-15 18:54:13.379438,C0709,P067,7.0,261.6492529693279
ORD000899,2026-09-19 18:54:13.379438,C0581,P023,4.0,238.75553867403892
ORD000900,2026-07-13 18:54:13.379438,C0466,P094,9.0,44.361517087899664
ORD000901,2026-04-09 18:54:13.379438,C0220,P061,1.0,106.69002269843119
ORD000902,2026-09-30 18:54:13.379438,C0419,P023,1.0,448.71992617930636
ORD000903,2026-04-29 18:54:13.379438,C0379,P027,5.0,267.5642964875706
ORD000904,2026-06-06 18:54:13.379438,C0726,P054,3.0,493.84474706121887
ORD000905,2026-06-01 18:54:13.379438,C0930,P010,9.0,299.97611887540444
ORD000906,2026-07-21 18:54:13.379438,C0447,P089,5.0,194.96867271212642
ORD000907,2026-08-02 18:54:13.379438,C0964,P077,7.0,144.31385528446017
ORD000908,2026-05-06 18:54:13.379438,C0146,P016,1.0,459.9962358144331
ORD000909,2026-08-31 18:54:13.379438,C0233,P041,2.0,191.65882228945136
ORD000910,2026-04-24 18:54:13.379438,C0371,P098,4.0,81.6093840455945
ORD000911,2026-06-12 18:54:13.379438,C0922,P055,9.0,146.34676661859208
ORD000912,2026-07-24 18:54:13.379438,C0234,P061,5.0,326.3553502277943
ORD000913,2026-04-07 18:54:13.379438,C0726,P086,5.0,75.17511695884318
ORD000914,2026-07-06 18:54:13.379438,C0367,P081,9.0,54.8675130083023
ORD000915,2026-06-17 18:54:13.379438,C0481,P087,8.0,234.23703520608228
ORD000916,2026-06-04 18:54:13.379438,C0573,P049,2.0,50.98933863528264
ORD000917,2026-07-06 18:54:13.379438,C0363,P073,7.0,202.53967619467355
ORD000918,2026-07-07 18:54:13.379438,C0590,P052,1.0,168.13536910457452
ORD000919,2026-09-02 18:54:13.379438,C0511,P002,9.0,201.82381995888727
ORD000920,2026-05-28 18:54:13.379438,C0095,P096,3.0,249.01627075356865
ORD000921,2026-08-18 18:54:13.379438,C0842,P050,2.0,100.81120203919234
ORD000922,2026-08-12 18:54:13.379438,C0216,P086,4.0,226.78797310876777
ORD000923,2026-05-04 18:54:13.379438,C0725,P043,4.0,187.1443719448714
ORD000924,2026-05-13 18:54:13.379438,C0816,P077,3.0,399.7820307041441
ORD000925,2026-05-09 18:54:13.379438,C0712,P008,2.0,350.3976816788822
ORD000926,2026-09-02 18:54:13.379438,C0864,P059,5.0,437.5454731944069
ORD000927,2026-04-09 18:54:13.379438,C0543,P065,4.0,337.81473768489644
ORD000928,2026-06-08 18:54:13.379438,C0802,P081,5.0,69.3316260883685
ORD000929,2026-06-17 18:54:13.379438,C0855,P012,8.0,258.4677381514064
ORD000930,2026-04-07 18:54:13.379438,C0985,P004,2.0,373.8101032690851
ORD000931,2026-06-21 18:54:13.379438,C0135,P077,9.0,422.4224535429033
ORD000932,2026-08-15 18:54:13.379438,C0083,P095,1.0,98.82509401585081
ORD000933,2026-07-30 18:54:13.379438,C0391,P041,8.0,119.5162977822197
ORD000934,2026-07-25 18:54:13.379438,C0047,P007,5.0,432.4979410205779
ORD000935,2026-07-06 18:54:13.379438,C0392,P087,2.0,247.8480956372666
ORD000936,2026-09-29 18:54:13.379438,C0718,P088,8.0,231.68727630278275
ORD000937,2026-06-04 18:54:13.379438,C0385,P069,5.0,252.11644653592512
ORD000938,2026-06-21 18:54:13.379438,C0381,P069,3.0,94.93307960163594
ORD000939,2026-08-17 18:54:13.379438,C0077,P081,7.0,317.5418612466629
ORD000940,2026-04-29 18:54:13.379438,C0259,P030,4.0,405.9071061499107
ORD000941,2026-09-29 18:54:13.379438,C0949,P073,6.0,420.1599879247243
ORD000942,2026-09-23 18:54:13.379438,C0604,P006,8.0,24.885409125325122
ORD000943,2026-05-17 18:54:13.379438,C0934,P089,1.0,360.4426873632309
ORD000944,2026-08-14 18:54:13.379438,C0947,P019,2.0,54.70008435727723
ORD000945,2026-06-12 18:54:13.379438,C0399,P080,8.0,483.7659157011134
ORD000946,2026-09-04 18:54:13.379438,C0100,P085,7.0,246.2980269821047
ORD000947,2026-07-30 18:54:13.379438,C0501,P066,9.0,389.953420973877
ORD000948,2026-06-10 18:54:13.379438,C0383,P010,2.0,314.710271218554
ORD000949,2026-04-22 18:54:13.379438,C0707,P016,8.0,476.448882390822
ORD000950,2026-04-23 18:54:13.379438,C0192,P037,6.0,487.09240048872977
ORD000951,2026-07-25 18:54:13.379438,C0580,P079,1.0,146.65104858773947
ORD000952,2026-08-21 18:54:13.379438,C0901,P077,4.0,246.6058289961313
ORD000953,2026-05-20 18:54:13.379438,C0754,P077,2.0,257.0778107603971
ORD000954,2026-04-04 18:54:13.379438,C0602,P032,7.0,97.07187447314992
ORD000955,2026-07-02 18:54:13.379438,C0345,P047,9.0,452.92946592667323
ORD000956,2026-08-23 18:54:13.379438,C0010,P072,6.0,181.30719210500214
ORD000957,2026-06-06 18:54:13.379438,C0264,P043,4.0,52.853827141483784
ORD000958,2026-05-11 18:54:13.379438,C0268,P082,5.0,85.72110507299394
ORD000959,2026-05-10 18:54:13.379438,C0832,P036,1.0,261.5189137542593
ORD000960,2026-08-07 18:54:13.379438,C0630,P026,4.0,442.02580544198776
ORD000961,2026-08-20 18:54:13.379438,C0762,P010,3.0,317.8271466372308
ORD000962,2026-07-12 18:54:13.379438,C0571,P031,9.0,115.26743451295287
ORD000963,2026-06-19 18:54:13.379438,C0195,P097,6.0,155.43343142970127
ORD000964,2026-04-06 18:54:13.379438,C0987,P029,4.0,488.25229198364343
ORD000965,2026-09-11 18:54:13.379438,C0562,P005,3.0,35.89595001831391
ORD000966,2026-08-15 18:54:13.379438,C0407,P077,4.0,497.225780947558
ORD000967,2026-09-28 18:54:13.379438,C0296,P001,8.0,453.87026917641424
ORD000968,2026-04-13 18:54:13.379438,C0890,P087,5.0,342.45680317571885
ORD000969,2026-04-08 18:54:13.379438,C0097,P003,1.0,472.16915292154886
ORD000970,2026-09-01 18:54:13.379438,C0462,P067,5.0,84.7092452040898
ORD000971,2026-08-19 18:54:13.379438,C0639,P071,8.0,471.86878665958443
ORD000972,2026-09-22 18:54:13.379438,C0758,P035,4.0,114.16179095451187
ORD000973,2026-08-11 18:54:13.379438,C0087,P015,2.0,277.6443340023941
ORD000974,2026-04-16 18:54:13.379438,C0991,P067,3.0,249.49324019429034
ORD000975,2026-09-18 18:54:13.379438,C0077,P093,9.0,261.1044683760678
ORD000976,2026-08-11 18:54:13.379438,C0889,P030,7.0,141.01608303154433
ORD000977,2026-06-26 18:54:13.379438,C0716,P082,3.0,392.5129600506151
ORD000978,2026-06-07 18:54:13.379438,C0483,P075,5.0,373.86581740364016
ORD000979,2026-06-05 18:54:13.379438,C0146,P043,3.0,477.4429148405587
ORD000980,2026-07-13 18:54:13.379438,C0661,P060,4.0,258.425603674325
ORD000981,2026-06-15 18:54:13.379438,C0111,P040,8.0,278.5651125145669
ORD000982,2026-04-20 18:54:13.379438,C0641,P065,3.0,452.65272550496917
ORD000983,2026-04-12 18:54:13.379438,C0765,P029,3.0,460.52541528990747
ORD000984,2026-08-24 18:54:13.379438,C0678,P074,8.0,328.272976175968
ORD000985,2026-09-02 18:54:13.379438,C0297,P092,7.0,411.9935930916024
ORD000986,2026-05-11 18:54:13.379438,C0426,P095,7.0,257.51845691666654
ORD000987,2026-09-13 18:54:13.379438,C0649,P019,2.0,200.21580975795558
ORD000988,2026-07-06 18:54:13.379438,C0791,P003,7.0,433.39348142862065
ORD000989,2026-07-07 18:54:13.379438,C0334,P036,3.0,390.8632578942044
ORD000990,2026-05-22 18:54:13.379438,C0523,P043,7.0,128.78168105658347
ORD000991,2026-06-11 18:54:13.379438,C0583,P015,4.0,33.34611069753859
ORD000992,2026-06-04 18:54:13.379438,C0671,P097,8.0,287.1439168773828
ORD000993,2026-09-28 18:54:13.379438,C0728,P041,8.0,422.39209547471626
ORD000994,2026-06-20 18:54:13.379438,C0538,P090,6.0,131.12871778025743
ORD000995,2026-07-29 18:54:13.379438,C0798,P080,3.0,386.02373837507577
ORD000996,2026-08-01 18:54:13.379438,C0162,P036,6.0,212.86354469091913
ORD000997,2026-08-18 18:54:13.379438,C0430,P097,6.0,174.49718625998614
ORD000998,2026-09-12 18:54:13.379438,C0614,P084,3.0,94.67998755673383
ORD000999,2026-06-18 18:54:13.379438,C0069,P077,4.0,467.8038624576906
ORD001000,2026-05-08 18:54:13.379438,C0133,P033,2.0,120.59203620167119
ORD001001,2026-04-04 18:54:13.379438,C0189,P005,1.0,146.80243317022112
ORD001002,2026-05-13 18:54:13.379438,C0723,P078,2.0,172.42904017364899
ORD001003,2026-06-06 18:54:13.379438,C0755,P091,7.0,149.484337314252
ORD001004,2026-08-31 18:54:13.379438,C0678,P087,5.0,89.82374919982367
ORD001005,2026-06-02 18:54:13.379438,C0924,P014,9.0,183.68053112142027
ORD001006,2026-06-06 18:54:13.379438,C0922,P068,3.0,241.16867069899484
ORD001007,2026-07-05 18:54:13.379438,C0573,P083,2.0,280.36853151918353
ORD001008,2026-06-14 18:54:13.379438,C0874,P047,4.0,86.6848049678667
ORD001009,2026-04-14 18:54:13.379438,C0279,P054,2.0,391.9127454361978
ORD001010,2026-07-17 18:54:13.379438,C0430,P004,7.0,162.64940714416025
ORD001011,2026-04-17 18:54:13.379438,C0625,P094,6.0,459.794846524275
ORD001012,2026-06-02 18:54:13.379438,C0542,P083,8.0,171.48069314779576
ORD001013,2026-05-03 18:54:13.379438,C0835,P095,5.0,432.81065033150713
ORD001014,2026-05-08 18:54:13.379438,C0988,P095,2.0,182.74096222911425
ORD001015,2026-09-15 18:54:13.379438,C0161,P009,4.0,257.85806586574563
ORD001016,2026-04-08 18:54:13.379438,C0746,P053,1.0,192.45379856893425
ORD001017,2026-06-25 18:54:13.379438,C0899,P077,2.0,199.67670413529473
ORD001018,2026-08-04 18:54:13.379438,C0453,P078,4.0,313.1052798084439
ORD001019,2026-06-20 18:54:13.379438,C0889,P060,6.0,349.53501143288736
ORD001020,2026-09-04 18:54:13.379438,C0851,P046,4.0,436.53202553322933
ORD001021,2026-06-04 18:54:13.379438,C0170,P054,4.0,288.83574568867743
ORD001022,2026-08-13 18:54:13.379438,C0830,P074,2.0,116.25363471961664
ORD001023,2026-07-01 18:54:13.379438,C0698,P095,9.0,494.8942474057568
ORD001024,2026-05-15 18:54:13.379438,C0057,P037,8.0,345.04898484390304
ORD001025,2026-07-01 18:54:13.379438,C0240,P023,8.0,193.6285816329364
ORD001026,2026-08-27 18:54:13.379438,C0769,P027,5.0,484.420192698264
ORD001027,2026-05-13 18:54:13.379438,C0358,P070,3.0,479.65201540006933
ORD001028,2026-06-14 18:54:13.379438,C0201,P090,6.0,48.97421848470016
ORD001029,2026-05-12 18:54:13.379438,C0444,P066,9.0,19.71457480847026
ORD001030,2026-07-16 18:54:13.379438,C0837,P061,8.0,31.78373323075818
ORD001031,2026-04-17 18:54:13.379438,C0827,P077,7.0,345.80406721656124
ORD001032,2026-05-05 18:54:13.379438,C0302,P051,8.0,358.3307518925149
ORD001033,2026-09-29 18:54:13.379438,C0106,P050,4.0,364.77360999118656
ORD001034,2026-08-06 18:54:13.379438,C0802,P019,6.0,318.8173000384397
ORD001035,2026-09-16 18:54:13.379438,C0101,P001,5.0,149.89074455778567
ORD001036,2026-07-09 18:54:13.379438,C0097,P040,2.0,91.89316413183033
ORD001037,2026-04-26 18:54:13.379438,C0665,P032,8.0,464.6505750985533
ORD001038,2026-06-05 18:54:13.379438,C0938,P022,3.0,457.43868266102055
ORD001039,2026-08-24 18:54:13.379438,C0029,P093,5.0,128.81818953085607
ORD001040,2026-09-03 18:54:13.379438,C0506,P066,8.0,92.28919657020423
ORD001041,2026-08-26 18:54:13.379438,C0665,P040,9.0,193.91708612832895
ORD001042,2026-05-26 18:54:13.379438,C0438,P038,9.0,33.719245530674115
ORD001043,2026-07-16 18:54:13.379438,C0379,P048,5.0,89.44816827290846
ORD001044,2026-07-16 18:54:13.379438,C0073,P055,2.0,196.34650894820183
ORD001045,2026-09-29 18:54:13.379438,C0254,P075,7.0,126.98453907976634
ORD001046,2026-05-12 18:54:13.379438,C0963,P081,7.0,371.04192964936453
ORD001047,2026-09-29 18:54:13.379438,C0911,P055,8.0,453.43021959765446
ORD001048,2026-08-15 18:54:13.379438,C0516,P051,8.0,455.47867942818556
ORD001049,2026-06-09 18:54:13.379438,C0749,P060,5.0,306.09611718783225
ORD001050,2026-08-16 18:54:13.379438,C0550,P008,1.0,354.70997097945457
ORD001051,2026-09-29 18:54:13.379438,C0020,P086,4.0,252.0754043112266
ORD001052,2026-05-15 18:54:13.379438,C0625,P068,4.0,81.87697927537886
ORD001053,2026-04-18 18:54:13.379438,C0535,P075,3.0,321.1675565746559
ORD001054,2026-07-23 18:54:13.379438,C0421,P072,8.0,181.47736836209998
ORD001055,2026-09-07 18:54:13.379438,C0446,P009,3.0,12.838817648727668
ORD001056,2026-05-06 18:54:13.379438,C0879,P090,5.0,291.727315862207
ORD001057,2026-09-05 18:54:13.379438,C0136,P002,2.0,107.20070768506135
ORD001058,2026-09-14 18:54:13.379438,C0505,P080,6.0,444.3877618327006
ORD001059,2026-09-07 18:54:13.379438,C0933,P095,6.0,467.6329143814057
ORD001060,2026-05-11 18:54:13.379438,C0760,P070,8.0,89.46480006278674
ORD001061,2026-07-09 18:54:13.379438,C0301,P085,8.0,24.412264433056443
ORD001062,2026-09-05 18:54:13.379438,C0609,P090,1.0,11.981772914813124
ORD001063,2026-05-06 18:54:13.379438,C0033,P059,5.0,457.391342121667
ORD001064,2026-06-28 18:54:13.379438,C0647,P019,2.0,84.48910084920786
ORD001065,2026-06-08 18:54:13.379438,C0767,P028,5.0,223.3128958674822
ORD001066,2026-04-13 18:54:13.379438,C0278,P072,9.0,38.0090695799818
ORD001067,2026-04-08 18:54:13.379438,C0133,P014,4.0,192.9394749493938
ORD001068,2026-08-04 18:54:13.379438,C0750,P024,8.0,394.8581998502386
ORD001069,2026-06-16 18:54:13.379438,C0527,P044,1.0,209.26764523060206
ORD001070,2026-07-09 18:54:13.379438,C0789,P056,8.0,390.0342987483451
ORD001071,2026-07-30 18:54:13.379438,C0126,P090,6.0,347.53121991576796
ORD001072,2026-05-11 18:54:13.379438,C0345,P095,8.0,263.4809654691742
ORD001073,2026-08-22 18:54:13.379438,C0017,P051,6.0,371.477807310203
ORD001074,2026-09-09 18:54:13.379438,C0824,P032,3.0,440.7658571820047
ORD001075,2026-05-20 18:54:13.379438,C0562,P050,8.0,398.57560927320577
ORD001076,2026-07-21 18:54:13.379438,C0647,P041,5.0,348.947664618908
ORD001077,2026-09-30 18:54:13.379438,C0630,P066,5.0,353.8928758227568
ORD001078,2026-04-18 18:54:13.379438,C0378,P025,7.0,88.93825698189747
ORD001079,2026-09-07 18:54:13.379438,C0818,P061,6.0,475.82927508149055
ORD001080,2026-08-17 18:54:13.379438,C0060,P066,9.0,110.77549420538374
ORD001081,2026-04-08 18:54:13.379438,C0637,P042,7.0,180.98656061313696
ORD001082,2026-09-07 18:54:13.379438,C0467,P065,3.0,263.81339200356206
ORD001083,2026-05-20 18:54:13.379438,C0628,P036,5.0,71.82858270336025
ORD001084,2026-06-10 18:54:13.379438,C0391,P076,9.0,300.8521597864804
ORD001085,2026-06-18 18:54:13.379438,C0936,P009,2.0,99.5124752286194
ORD001086,2026-09-23 18:54:13.379438,C0685,P036,1.0,462.4501829166987
ORD001087,2026-08-11 18:54:13.379438,C0187,P092,8.0,445.45130547079225
ORD001088,2026-09-05 18:54:13.379438,C0498,P038,8.0,276.76845980492993
ORD001089,2026-07-07 18:54:13.379438,C0600,P033,2.0,230.24339700141434
ORD001090,2026-07-27 18:54:13.379438,C0715,P042,8.0,60.27493694379478
ORD001091,2026-09-14 18:54:13.379438,C0361,P061,5.0,413.41709707470613
ORD001092,2026-05-09 18:54:13.379438,C0823,P046,2.0,195.89134833720914
ORD001093,2026-04-29 18:54:13.379438,C0832,P086,7.0,130.6987767148163
ORD001094,2026-05-16 18:54:13.379438,C0449,P089,7.0,497.69602931503215
ORD001095,2026-04-30 18:54:13.379438,C0694,P061,3.0,337.46573204027743
ORD001096,2026-06-11 18:54:13.379438,C0864,P018,1.0,46.19267809515695
ORD001097,2026-08-29 18:54:13.379438,C0680,P070,4.0,402.63489512359297
ORD001098,2026-04-14 18:54:13.379438,C0181,P082,2.0,377.69712340107515
ORD001099,2026-06-16 18:54:13.379438,C0812,P080,4.0,206.5881252520766
ORD001100,2026-07-16 18:54:13.379438,C0959,P015,8.0,70.60773632386886
ORD001101,2026-05-11 18:54:13.379438,C0130,P048,2.0,253.748000141902
ORD001102,2026-08-15 18:54:13.379438,C0975,P072,1.0,384.026268696948
ORD001103,2026-04-26 18:54:13.379438,C0149,P013,3.0,47.24722885518447
ORD001104,2026-05-20 18:54:13.379438,C0472,P043,7.0,90.0863025743355
ORD001105,2026-07-02 18:54:13.379438,C0818,P060,6.0,313.2738269962422
ORD001106,2026-05-19 18:54:13.379438,C0721,P057,6.0,284.1769214806608
ORD001107,2026-07-19 18:54:13.379438,C0623,P071,7.0,453.49296128556324
ORD001108,2026-08-21 18:54:13.379438,C0948,P017,8.0,409.248170407387
ORD001109,2026-08-22 18:54:13.379438,C0500,P050,3.0,460.2265840878079
ORD001110,2026-07-16 18:54:13.379438,C0649,P032,3.0,238.3198136947462
ORD001111,2026-07-23 18:54:13.379438,C0355,P022,8.0,396.0223921728234
ORD001112,2026-07-16 18:54:13.379438,C0916,P055,7.0,33.87121239363293
ORD001113,2026-06-02 18:54:13.379438,C0211,P057,5.0,154.30099008644413
ORD001114,2026-09-21 18:54:13.379438,C0658,P013,4.0,325.69349801746506
ORD001115,2026-07-12 18:54:13.379438,C0596,P047,6.0,384.205096700759
ORD001116,2026-06-10 18:54:13.379438,C0030,P087,9.0,289.54127610932375
ORD001117,2026-08-14 18:54:13.379438,C0577,P062,6.0,245.56050067201346
ORD001118,2026-08-01 18:54:13.379438,C0024,P054,8.0,124.30031411508944
ORD001119,2026-05-10 18:54:13.379438,C0984,P029,1.0,95.35151216900893
ORD001120,2026-06-14 18:54:13.379438,C0943,P022,6.0,438.98636544768243
ORD001121,2026-08-08 18:54:13.379438,C0723,P065,2.0,79.68398440085488
ORD001122,2026-07-18 18:54:13.379438,C0222,P029,3.0,223.29064834293516
ORD001123,2026-07-04 18:54:13.379438,C0602,P048,6.0,445.35581754108813
ORD001124,2026-05-04 18:54:13.379438,C0618,P005,2.0,82.3788908364031
ORD001125,2026-08-03 18:54:13.379438,C0684,P035,4.0,72.49764706446041
ORD001126,2026-08-18 18:54:13.379438,C0742,P074,6.0,349.329445307803
ORD001127,2026-05-24 18:54:13.379438,C0925,P083,5.0,172.47189963788182
ORD001128,2026-05-02 18:54:13.379438,C0589,P071,6.0,223.49597623040162
ORD001129,2026-05-13 18:54:13.379438,C0580,P046,6.0,316.5407977592311
ORD001130,2026-05-14 18:54:13.379438,C0877,P035,8.0,195.6981553634415
ORD001131,2026-04-14 18:54:13.379438,C0401,P045,9.0,401.92230388467044
ORD001132,2026-09-01 18:54:13.379438,C0865,P013,5.0,484.80248691526657
ORD001133,2026-04-04 18:54:13.379438,C0901,P010,6.0,467.19979114381454
ORD001134,2026-05-19 18:54:13.379438,C0604,P066,6.0,277.2714823715834
ORD001135,2026-07-13 18:54:13.379438,C0512,P070,6.0,183.86009793364136
ORD001136,2026-08-30 18:54:13.379438,C0088,P072,2.0,222.52883065741332
ORD001137,2026-07-02 18:54:13.379438,C0465,P025,4.0,171.77666283785157
ORD001138,2026-07-22 18:54:13.379438,C0050,P044,1.0,226.44486236328842
ORD001139,2026-09-14 18:54:13.379438,C0103,P060,1.0,16.35676569096303
ORD001140,2026-05-30 18:54:13.379438,C0368,P047,1.0,37.05504860150178
ORD001141,2026-04-04 18:54:13.379438,C0936,P040,7.0,387.9551480823771
ORD001142,2026-06-05 18:54:13.379438,C0492,P007,1.0,174.05839776063976
ORD001143,2026-05-28 18:54:13.379438,C0558,P046,6.0,399.2590459471111
ORD001144,2026-07-27 18:54:13.379438,C0691,P023,2.0,245.17268492736952
ORD001145,2026-09-18 18:54:13.379438,C0779,P083,6.0,404.899532115755
ORD001146,2026-08-24 18:54:13.379438,C0268,P046,6.0,335.15643419890125
ORD001147,2026-08-30 18:54:13.379438,C0397,P086,3.0,108.49060062303677
ORD001148,2026-09-25 18:54:13.379438,C0320,P013,8.0,229.38404936355695
ORD001149,2026-05-26 18:54:13.379438,C0520,P021,4.0,355.1228916259542
ORD001150,2026-08-18 18:54:13.379438,C0449,P001,7.0,172.00236188997917
ORD001151,2026-09-30 18:54:13.379438,C0777,P019,4.0,104.71807299484814
ORD001152,2026-05-30 18:54:13.379438,C0476,P060,1.0,274.5318522541146
ORD001153,2026-07-29 18:54:13.379438,C0898,P033,6.0,144.08759531211624
ORD001154,2026-09-04 18:54:13.379438,C0590,P004,5.0,301.2276609070321
ORD001155,2026-09-19 18:54:13.379438,C0909,P003,9.0,143.14985664976194
ORD001156,2026-05-08 18:54:13.379438,C0240,P091,9.0,454.2238275731384
ORD001157,2026-06-05 18:54:13.379438,C0258,P052,8.0,178.51198620170464
ORD001158,2026-04-28 18:54:13.379438,C0708,P099,7.0,454.6506972566913
ORD001159,2026-07-02 18:54:13.379438,C0972,P028,2.0,146.9460859291195
ORD001160,2026-06-17 18:54:13.379438,C0944,P070,8.0,306.1827192519949
ORD001161,2026-05-11 18:54:13.379438,C0842,P070,3.0,73.80699794478241
ORD001162,2026-08-11 18:54:13.379438,C0643,P055,6.0,391.40220536267697
ORD001163,2026-08-16 18:54:13.379438,C0964,P057,7.0,108.10668201577082
ORD001164,2026-09-12 18:54:13.379438,C0390,P087,6.0,433.37008571351504
ORD001165,2026-07-03 18:54:13.379438,C0343,P097,5.0,231.69848728710687
ORD001166,2026-04-20 18:54:13.379438,C0773,P016,4.0,56.32438176074733
ORD001167,2026-08-09 18:54:13.379438,C0754,P024,2.0,188.13385002061443
ORD001168,2026-09-21 18:54:13.379438,C0387,P069,9.0,392.0657035102128
ORD001169,2026-07-20 18:54:13.379438,C0394,P041,7.0,47.38453956293674
ORD001170,2026-09-29 18:54:13.379438,C0683,P077,7.0,316.6072798762822
ORD001171,2026-09-02 18:54:13.379438,C0659,P047,4.0,258.5604490339147
ORD001172,2026-04-28 18:54:13.379438,C0270,P076,5.0,161.83610758441344
ORD001173,2026-09-30 18:54:13.379438,C0149,P069,6.0,380.25251753706226
ORD001174,2026-06-30 18:54:13.379438,C0380,P031,2.0,35.69596144489779
ORD001175,2026-09-11 18:54:13.379438,C0811,P092,4.0,253.8444970063172
ORD001176,2026-09-27 18:54:13.379438,C0028,P092,4.0,258.36294067404685
ORD001177,2026-05-02 18:54:13.379438,C0149,P030,4.0,52.33900355038829
ORD001178,2026-06-05 18:54:13.379438,C0420,P018,7.0,76.65113457071291
ORD001179,2026-08-31 18:54:13.379438,C0280,P044,7.0,210.73065965813493
ORD001180,2026-09-04 18:54:13.379438,C0182,P027,7.0,272.8960356294607
ORD001181,2026-09-06 18:54:13.379438,C0166,P099,7.0,36.06578314724629
ORD001182,2026-07-26 18:54:13.379438,C0017,P026,2.0,15.760694764316279
ORD001183,2026-05-22 18:54:13.379438,C0150,P060,5.0,104.37607527690464
ORD001184,2026-06-23 18:54:13.379438,C0339,P018,2.0,249.0266396065901
ORD001185,2026-06-26 18:54:13.379438,C0045,P097,5.0,29.736568247511197
ORD001186,2026-07-17 18:54:13.379438,C0502,P089,6.0,369.2853246745453
ORD001187,2026-09-27 18:54:13.379438,C0842,P056,3.0,84.44480941149048
ORD001188,2026-08-29 18:54:13.379438,C0189,P031,6.0,388.57947114725243
ORD001189,2026-07-30 18:54:13.379438,C0651,P059,5.0,110.31936299419208
ORD001190,2026-06-28 18:54:13.379438,C0061,P002,4.0,179.84353778499897
ORD001191,2026-06-05 18:54:13.379438,C0294,P097,9.0,244.75554439037978
ORD001192,2026-07-16 18:54:13.379438,C0834,P039,8.0,180.1626824441616
ORD001193,2026-05-22 18:54:13.379438,C0033,P061,7.0,21.57349202576432
ORD001194,2026-06-13 18:54:13.379438,C0299,P063,1.0,455.2012907299789
ORD001195,2026-04-04 18:54:13.379438,C0415,P096,9.0,150.3685957804326
ORD001196,2026-08-22 18:54:13.379438,C0624,P018,9.0,76.65765960252666
ORD001197,2026-09-29 18:54:13.379438,C0803,P017,6.0,74.9339372157298
ORD001198,2026-08-04 18:54:13.379438,C0549,P098,7.0,487.56012981396765
ORD001199,2026-06-04 18:54:13.379438,C0431,P039,3.0,70.29826892224544
ORD001200,2026-05-05 18:54:13.379438,C0495,P071,5.0,179.80821298174632
ORD001201,2026-09-08 18:54:13.379438,C0100,P054,7.0,43.13455099905192
ORD001202,2026-05-02 18:54:13.379438,C0023,P099,1.0,370.38167829326227
ORD001203,2026-05-22 18:54:13.379438,C0420,P094,1.0,302.4083071375815
ORD001204,2026-09-23 18:54:13.379438,C0424,P076,5.0,271.44876704542327
ORD001205,2026-05-03 18:54:13.379438,C0487,P035,9.0,429.3617684978491
ORD001206,2026-08-25 18:54:13.379438,C0730,P011,7.0,290.9350183300122
ORD001207,2026-09-18 18:54:13.379438,C0089,P061,1.0,478.21015580391435
ORD001208,2026-04-22 18:54:13.379438,C0209,P044,5.0,315.1622429368556
ORD001209,2026-04-21 18:54:13.379438,C0271,P068,8.0,183.62679681653896
ORD001210,2026-04-04 18:54:13.379438,C0933,P025,8.0,28.005971901663788
ORD001211,2026-06-20 18:54:13.379438,C0749,P048,2.0,365.38504707841685
ORD001212,2026-07-27 18:54:13.379438,C0900,P032,7.0,193.08613095554568
ORD001213,2026-09-25 18:54:13.379438,C0406,P084,5.0,303.60906790978913
ORD001214,2026-07-25 18:54:13.379438,C0721,P095,9.0,439.4106243685868
ORD001215,2026-07-26 18:54:13.379438,C0278,P004,3.0,13.752532959222593
ORD001216,2026-09-16 18:54:13.379438,C0977,P038,1.0,382.21010425956115
ORD001217,2026-09-29 18:54:13.379438,C0206,P063,4.0,223.28953980549213
ORD001218,2026-06-05 18:54:13.379438,C0590,P047,7.0,70.78948028662663
ORD001219,2026-08-13 18:54:13.379438,C0913,P001,1.0,295.4042921852458
ORD001220,2026-08-10 18:54:13.379438,C0328,P003,2.0,270.98131255443167
ORD001221,2026-04-11 18:54:13.379438,C0610,P086,5.0,422.73093868994164
ORD001222,2026-09-07 18:54:13.379438,C0858,P062,9.0,265.565744119466
ORD001223,2026-05-28 18:54:13.379438,C0877,P064,1.0,415.4024163333334
ORD001224,2026-07-15 18:54:13.379438,C0862,P017,4.0,276.7997306517611
ORD001225,2026-08-12 18:54:13.379438,C0982,P078,3.0,229.00333583954531
ORD001226,2026-05-05 18:54:13.379438,C0336,P062,5.0,191.88011132422133
ORD001227,2026-04-13 18:54:13.379438,C0606,P035,5.0,95.11174472045433
ORD001228,2026-07-22 18:54:13.379438,C0592,P013,2.0,296.17513141713385
ORD001229,2026-09-12 18:54:13.379438,C0038,P035,5.0,276.6826399019882
ORD001230,2026-08-05 18:54:13.379438,C0920,P043,9.0,488.1124292830526
ORD001231,2026-06-29 18:54:13.379438,C0228,P002,5.0,212.0803123731918
ORD001232,2026-05-28 18:54:13.379438,C0483,P056,2.0,216.54639891641628
ORD001233,2026-05-05 18:54:13.379438,C0134,P077,7.0,90.29697863496145
ORD001234,2026-09-28 18:54:13.379438,C0708,P051,6.0,302.81006175505775
ORD001235,2026-08-16 18:54:13.379438,C0978,P054,7.0,425.4476118281919
ORD001236,2026-07-05 18:54:13.379438,C0390,P016,8.0,131.4823506465064
ORD001237,2026-04-11 18:54:13.379438,C0794,P018,5.0,14.448171316160664
ORD001238,2026-06-07 18:54:13.379438,C0613,P007,2.0,348.82207543946845
ORD001239,2026-05-30 18:54:13.379438,C0987,P045,7.0,25.37315790937873
ORD001240,2026-06-09 18:54:13.379438,C0425,P036,7.0,210.54538666680787
ORD001241,2026-06-14 18:54:13.379438,C0587,P041,8.0,310.2280654852665
ORD001242,2026-05-27 18:54:13.379438,C0806,P094,7.0,199.14574140090244
ORD001243,2026-06-09 18:54:13.379438,C0510,P042,7.0,137.68332592988668
ORD001244,2026-05-24 18:54:13.379438,C0720,P007,9.0,401.6405888967395
ORD001245,2026-07-09 18:54:13.379438,C0595,P015,8.0,157.45726706892904
ORD001246,2026-07-04 18:54:13.379438,C0427,P060,2.0,98.22292872903363
ORD001247,2026-04-11 18:54:13.379438,C0949,P040,2.0,200.31438545187265
ORD001248,2026-09-12 18:54:13.379438,C0655,P083,7.0,74.5158010617204
ORD001249,2026-05-08 18:54:13.379438,C0474,P037,3.0,348.2945192159504
ORD001250,2026-07-08 18:54:13.379438,C0568,P066,1.0,357.93940359640646
ORD001251,2026-06-30 18:54:13.379438,C0361,P055,9.0,17.241510632457082
ORD001252,2026-06-20 18:54:13.379438,C0952,P077,3.0,350.4845813467772
ORD001253,2026-05-05 18:54:13.379438,C0799,P095,1.0,156.50379638113296
ORD001254,2026-08-01 18:54:13.379438,C0211,P080,6.0,331.53976100385614
ORD001255,2026-05-19 18:54:13.379438,C0953,P056,4.0,356.1771775955832
ORD001256,2026-08-25 18:54:13.379438,C0179,P044,1.0,146.11289916558897
ORD001257,2026-09-15 18:54:13.379438,C0920,P057,4.0,100.83894723872365
ORD001258,2026-08-23 18:54:13.379438,C0058,P006,8.0,414.91587170207566
ORD001259,2026-05-28 18:54:13.379438,C0073,P092,7.0,372.20029689267267
ORD001260,2026-09-26 18:54:13.379438,C0215,P032,1.0,420.19974654474123
ORD001261,2026-04-10 18:54:13.379438,C0900,P074,9.0,223.50273788691658
ORD001262,2026-06-16 18:54:13.379438,C0778,P018,6.0,233.6207045915647
ORD001263,2026-04-10 18:54:13.379438,C0959,P068,2.0,178.64191245943383
ORD001264,2026-09-11 18:54:13.379438,C0073,P073,3.0,254.54060728941766
ORD001265,2026-09-01 18:54:13.379438,C0467,P007,7.0,326.8193270060333
ORD001266,2026-06-27 18:54:13.379438,C0271,P008,3.0,409.12701788414086
ORD001267,2026-08-28 18:54:13.379438,C0499,P064,3.0,99.7536113874775
ORD001268,2026-07-24 18:54:13.379438,C0354,P007,5.0,208.65463894073443
ORD001269,2026-08-06 18:54:13.379438,C0234,P041,3.0,235.98880182369098
ORD001270,2026-08-28 18:54:13.379438,C0319,P040,3.0,249.11732955974927
ORD001271,2026-05-09 18:54:13.379438,C0019,P003,5.0,275.5667256633281
ORD001272,2026-05-02 18:54:13.379438,C0625,P017,5.0,402.8561546151912
ORD001273,2026-06-24 18:54:13.379438,C0575,P066,9.0,444.2627835779136
ORD001274,2026-04-05 18:54:13.379438,C0372,P079,1.0,87.98725802784458
ORD001275,2026-08-10 18:54:13.379438,C0184,P093,1.0,359.2141023554372
ORD001276,2026-05-20 18:54:13.379438,C0277,P052,9.0,244.76304049191214
ORD001277,2026-08-29 18:54:13.379438,C0674,P022,5.0,214.68118924520053
ORD001278,2026-04-14 18:54:13.379438,C0755,P004,4.0,65.53814796725993
ORD001279,2026-08-11 18:54:13.379438,C0145,P006,2.0,41.426518258413644
ORD001280,2026-07-31 18:54:13.379438,C0658,P038,9.0,489.12737888048196
ORD001281,2026-08-21 18:54:13.379438,C0081,P026,6.0,324.7605760851121
ORD001282,2026-04-23 18:54:13.379438,C0322,P011,9.0,231.68868261769583
ORD001283,2026-04-08 18:54:13.379438,C0435,P090,5.0,383.2641175975428
ORD001284,2026-05-10 18:54:13.379438,C0833,P017,4.0,54.655038935435286
ORD001285,2026-09-16 18:54:13.379438,C0043,P088,7.0,307.64873204700643
ORD001286,2026-08-18 18:54:13.379438,C0313,P092,5.0,333.699679475426
ORD001287,2026-05-26 18:54:13.379438,C0906,P099,8.0,231.50690291150926
ORD001288,2026-09-22 18:54:13.379438,C0293,P031,8.0,133.77332299632133
ORD001289,2026-07-11 18:54:13.379438,C0688,P077,2.0,477.7465957837182
ORD001290,2026-06-28 18:54:13.379438,C0888,P035,5.0,157.5561010083315
ORD001291,2026-07-20 18:54:13.379438,C0069,P016,8.0,71.15049685791413
ORD001292,2026-04-27 18:54:13.379438,C0056,P079,3.0,318.9320530443658
ORD001293,2026-06-23 18:54:13.379438,C0631,P018,7.0,291.4182562926284
ORD001294,2026-09-08 18:54:13.379438,C0204,P062,3.0,379.8385437703352
ORD001295,2026-08-01 18:54:13.379438,C0420,P027,6.0,379.35373482407965
ORD001296,2026-06-01 18:54:13.379438,C0927,P035,2.0,313.91561201094027
ORD001297,2026-08-09 18:54:13.379438,C0567,P045,6.0,111.69229447768078
ORD001298,2026-07-26 18:54:13.379438,C0550,P035,6.0,444.7013156766457
ORD001299,2026-07-27 18:54:13.379438,C0243,P028,8.0,131.65867247118132
ORD001300,2026-04-17 18:54:13.379438,C0201,P009,5.0,56.05230133740859
ORD001301,2026-04-12 18:54:13.379438,C0748,P076,1.0,157.73457075750028
ORD001302,2026-05-13 18:54:13.379438,C0474,P015,8.0,246.78377758397463
ORD001303,2026-04-28 18:54:13.379438,C0527,P021,9.0,111.5194971204126
ORD001304,2026-07-15 18:54:13.379438,C0656,P052,1.0,173.49911763993254
ORD001305,2026-04-25 18:54:13.379438,C0077,P035,5.0,261.709664145042
ORD001306,2026-04-07 18:54:13.379438,C0985,P097,6.0,168.2403199893881
ORD001307,2026-09-04 18:54:13.379438,C0478,P051,4.0,53.76550222560212
ORD001308,2026-05-02 18:54:13.379438,C0821,P083,2.0,106.63462325113574
ORD001309,2026-07-21 18:54:13.379438,C0440,P055,5.0,399.1613705991095
ORD001310,2026-07-10 18:54:13.379438,C0263,P087,4.0,477.62249327764835
ORD001311,2026-05-10 18:54:13.379438,C0185,P077,7.0,82.73407569340559
ORD001312,2026-06-17 18:54:13.379438,C0055,P044,6.0,343.69933570173527
ORD001313,2026-06-12 18:54:13.379438,C0308,P065,3.0,453.73408992465374
ORD001314,2026-08-27 18:54:13.379438,C0516,P093,9.0,156.58000106514498
ORD001315,2026-08-09 18:54:13.379438,C0299,P088,4.0,416.43625002989495
ORD001316,2026-06-27 18:54:13.379438,C0552,P080,5.0,453.41852797555805
ORD001317,2026-05-15 18:54:13.379438,C0230,P025,3.0,156.75396629959116
ORD001318,2026-07-12 18:54:13.379438,C0377,P087,8.0,37.80299694056698
ORD001319,2026-05-14 18:54:13.379438,C0286,P092,7.0,459.22861334405707
ORD001320,2026-09-16 18:54:13.379438,C0138,P047,7.0,171.93651048097095
ORD001321,2026-05-07 18:54:13.379438,C0478,P080,8.0,16.73164792233718
ORD001322,2026-04-20 18:54:13.379438,C0615,P056,7.0,242.71068984719005
ORD001323,2026-09-15 18:54:13.379438,C0007,P038,3.0,66.77952459768602
ORD001324,2026-09-03 18:54:13.379438,C0676,P011,3.0,451.8339186109211
ORD001325,2026-08-03 18:54:13.379438,C0419,P067,2.0,85.9477599144379
ORD001326,2026-06-18 18:54:13.379438,C0472,P015,1.0,159.16521437286784
ORD001327,2026-06-29 18:54:13.379438,C0935,P001,5.0,397.3205837419155
ORD001328,2026-07-29 18:54:13.379438,C0420,P007,4.0,405.1100154434097
ORD001329,2026-07-18 18:54:13.379438,C0877,P001,2.0,451.6271944474904
ORD001330,2026-06-28 18:54:13.379438,C0276,P049,1.0,253.72411689847274
ORD001331,2026-04-30 18:54:13.379438,C0561,P096,3.0,493.4931082331143
ORD001332,2026-05-30 18:54:13.379438,C0608,P073,6.0,262.9326128359786
ORD001333,2026-05-04 18:54:13.379438,C0571,P029,2.0,397.4468178879323
ORD001334,2026-08-15 18:54:13.379438,C0743,P026,7.0,187.3321837837523
ORD001335,2026-09-18 18:54:13.379438,C0689,P087,7.0,471.2327449871056
ORD001336,2026-07-10 18:54:13.379438,C0090,P045,3.0,345.657951059645
ORD001337,2026-04-15 18:54:13.379438,C0282,P093,1.0,47.7781433155573
ORD001338,2026-05-26 18:54:13.379438,C0548,P097,9.0,63.174716114780594
ORD001339,2026-08-19 18:54:13.379438,C0171,P071,5.0,446.49717006278877
ORD001340,2026-09-23 18:54:13.379438,C0638,P012,2.0,406.6836711127192
ORD001341,2026-08-26 18:54:13.379438,C0995,P095,8.0,171.7461775121889
ORD001342,2026-09-04 18:54:13.379438,C0811,P032,4.0,265.5820222045061
ORD001343,2026-08-03 18:54:13.379438,C0355,P020,7.0,427.84673452901126
ORD001344,2026-05-19 18:54:13.379438,C0204,P051,5.0,60.68124103141514
ORD001345,2026-06-06 18:54:13.379438,C0289,P081,3.0,77.68831656717501
ORD001346,2026-08-11 18:54:13.379438,C0868,P036,8.0,360.60819996039993
ORD001347,2026-05-27 18:54:13.379438,C0462,P067,2.0,50.280686396813536
ORD001348,2026-07-19 18:54:13.379438,C0609,P001,1.0,182.75758321336542
ORD001349,2026-05-24 18:54:13.379438,C0750,P027,5.0,133.38607785471845
ORD001350,2026-05-09 18:54:13.379438,C0173,P040,4.0,382.5400883553745
ORD001351,2026-07-27 18:54:13.379438,C0301,P097,7.0,11.199458062198614
ORD001352,2026-04-29 18:54:13.379438,C0600,P084,9.0,66.53851131132801
ORD001353,2026-05-02 18:54:13.379438,C0911,P014,6.0,58.513695090384765
ORD001354,2026-08-30 18:54:13.379438,C0863,P069,1.0,165.85775543162046
ORD001355,2026-04-14 18:54:13.379438,C0529,P087,8.0,123.91495450446344
ORD001356,2026-05-13 18:54:13.379438,C0140,P079,2.0,121.85856471501673
ORD001357,2026-04-14 18:54:13.379438,C0766,P006,4.0,191.49269804582232
ORD001358,2026-09-14 18:54:13.379438,C0278,P033,3.0,114.88399896846887
ORD001359,2026-07-25 18:54:13.379438,C0663,P055,6.0,62.04495245640628
ORD001360,2026-05-12 18:54:13.379438,C0511,P019,2.0,295.79311952489275
ORD001361,2026-05-27 18:54:13.379438,C0346,P077,5.0,476.35147153985685
ORD001362,2026-07-10 18:54:13.379438,C0846,P029,9.0,307.5108142487129
ORD001363,2026-05-28 18:54:13.379438,C0140,P061,3.0,380.9401286086244
ORD001364,2026-07-23 18:54:13.379438,C0114,P070,2.0,486.36665120413073
ORD001365,2026-09-02 18:54:13.379438,C0580,P079,2.0,85.04969612770132
ORD001366,2026-08-31 18:54:13.379438,C0507,P080,9.0,235.30688632354753
ORD001367,2026-06-11 18:54:13.379438,C0366,P024,6.0,295.1052051917754
ORD001368,2026-05-29 18:54:13.379438,C0691,P023,2.0,167.8352850465461
ORD001369,2026-05-06 18:54:13.379438,C0637,P010,3.0,310.43344448296506
ORD001370,2026-05-09 18:54:13.379438,C0397,P054,1.0,315.6720401788801
ORD001371,2026-08-29 18:54:13.379438,C0825,P041,2.0,422.69232577080385
ORD001372,2026-06-23 18:54:13.379438,C0823,P049,2.0,417.93253750322253
ORD001373,2026-07-21 18:54:13.379438,C0850,P017,2.0,79.83575003646077
ORD001374,2026-09-04 18:54:13.379438,C0875,P056,7.0,92.75702620809727
ORD001375,2026-06-15 18:54:13.379438,C0924,P045,3.0,118.96227401833495
ORD001376,2026-05-13 18:54:13.379438,C0870,P030,4.0,138.00281320404363
ORD001377,2026-04-20 18:54:13.379438,C0745,P044,2.0,286.6017695494239
ORD001378,2026-08-10 18:54:13.379438,C0940,P074,5.0,170.47026701955343
ORD001379,2026-06-03 18:54:13.379438,C0659,P055,9.0,476.95171645825604
ORD001380,2026-09-21 18:54:13.379438,C0942,P019,9.0,67.96769641554448
ORD001381,2026-07-16 18:54:13.379438,C0111,P029,7.0,130.77763848612693
ORD001382,2026-05-15 18:54:13.379438,C0875,P002,8.0,435.4755956382448
ORD001383,2026-04-28 18:54:13.379438,C0358,P036,5.0,296.3222561786665
ORD001384,2026-05-12 18:54:13.379438,C0238,P019,5.0,278.23993866514814
ORD001385,2026-05-08 18:54:13.379438,C0003,P007,3.0,301.2291733495542
ORD001386,2026-08-12 18:54:13.379438,C0723,P026,6.0,133.60963418273525
ORD001387,2026-07-20 18:54:13.379438,C0404,P079,1.0,383.1091393494823
ORD001388,2026-09-22 18:54:13.379438,C0025,P038,3.0,253.3007356877903
ORD001389,2026-09-29 18:54:13.379438,C0843,P003,2.0,30.872011215535622
ORD001390,2026-07-14 18:54:13.379438,C0509,P080,7.0,96.80754852148988
ORD001391,2026-07-10 18:54:13.379438,C0696,P066,9.0,410.14583613695663
ORD001392,2026-04-15 18:54:13.379438,C0465,P095,4.0,179.0719351628639
ORD001393,2026-04-22 18:54:13.379438,C0061,P092,7.0,388.98762223802487
ORD001394,2026-07-13 18:54:13.379438,C0508,P071,8.0,335.0546003393597
ORD001395,2026-05-17 18:54:13.379438,C0123,P094,2.0,157.71529255595212
ORD001396,2026-05-22 18:54:13.379438,C0497,P043,7.0,72.24741656028063
ORD001397,2026-04-20 18:54:13.379438,C0055,P062,3.0,405.4031904140489
ORD001398,2026-06-16 18:54:13.379438,C0163,P071,8.0,325.1128068065401
ORD001399,2026-05-30 18:54:13.379438,C0974,P093,6.0,157.39077919076107
ORD001400,2026-05-28 18:54:13.379438,C0699,P024,3.0,266.4047344298716
ORD001401,2026-05-20 18:54:13.379438,C0039,P039,8.0,309.8325050438299
ORD001402,2026-04-15 18:54:13.379438,C0697,P068,3.0,11.038075622887215
ORD001403,2026-06-04 18:54:13.379438,C0083,P093,9.0,338.55150464412947
ORD001404,2026-06-22 18:54:13.379438,C0707,P044,3.0,331.4782528703174
ORD001405,2026-06-25 18:54:13.379438,C0546,P005,1.0,50.4634265858353
ORD001406,2026-04-11 18:54:13.379438,C0113,P055,2.0,395.9991335214824
ORD001407,2026-08-30 18:54:13.379438,C0425,P093,4.0,414.2935364968738
ORD001408,2026-06-23 18:54:13.379438,C0918,P030,2.0,152.17961065803772
ORD001409,2026-07-30 18:54:13.379438,C0230,P029,4.0,89.48420200855809
ORD001410,2026-04-28 18:54:13.379438,C0283,P026,4.0,346.375934552269
ORD001411,2026-07-01 18:54:13.379438,C0917,P083,4.0,70.44157764026656
ORD001412,2026-04-15 18:54:13.379438,C0937,P026,1.0,430.44078430967886
ORD001413,2026-08-24 18:54:13.379438,C0287,P037,9.0,245.26344767179256
ORD001414,2026-06-01 18:54:13.379438,C0155,P091,7.0,455.806401173613
ORD001415,2026-09-04 18:54:13.379438,C0165,P094,2.0,324.6629922835366
ORD001416,2026-07-21 18:54:13.379438,C0962,P053,3.0,-50.0
ORD001417,2026-04-29 18:54:13.379438,C0182,P030,8.0,239.3384806769671
ORD001418,2026-05-20 18:54:13.379438,C0239,P003,7.0,269.3801023448051
ORD001419,2026-05-05 18:54:13.379438,C0649,P043,4.0,409.42774580261187
ORD001420,2026-04-13 18:54:13.379438,C0339,P007,4.0,432.3090304433282
ORD001421,2026-04-19 18:54:13.379438,C0938,P049,9.0,344.67577034493155
ORD001422,2026-08-26 18:54:13.379438,C0512,P073,5.0,154.15707153461847
ORD001423,2026-09-01 18:54:13.379438,C0932,P041,5.0,268.9985689017648
ORD001424,2026-04-29 18:54:13.379438,C0266,P077,7.0,74.00470766634358
ORD001425,2026-06-28 18:54:13.379438,C0187,P079,1.0,122.75364297274264
ORD001426,2026-08-16 18:54:13.379438,C0040,P054,3.0,158.49873076615356
ORD001427,2026-04-17 18:54:13.379438,C0822,P069,2.0,45.65236647545473
ORD001428,2026-06-21 18:54:13.379438,C0493,P093,6.0,443.6444167786738
ORD001429,2026-07-29 18:54:13.379438,C0679,P099,6.0,70.09564684034964
ORD001430,2026-04-10 18:54:13.379438,C0391,P091,1.0,351.4509757818718
ORD001431,2026-08-18 18:54:13.379438,C0260,P027,6.0,257.7743157207452
ORD001432,2026-07-27 18:54:13.379438,C0655,P008,2.0,417.5662360021452
ORD001433,2026-09-26 18:54:13.379438,C0716,P032,4.0,373.10751662617406
ORD001434,2026-06-14 18:54:13.379438,C0176,P084,6.0,382.271622616446
ORD001435,2026-06-01 18:54:13.379438,C0774,P064,3.0,214.98967605234614
ORD001436,2026-06-24 18:54:13.379438,C0764,P010,3.0,418.64830658908267
ORD001437,2026-07-28 18:54:13.379438,C0329,P013,3.0,56.423519037534845
ORD001438,2026-09-17 18:54:13.379438,C0931,P063,4.0,227.76531777171448
ORD001439,2026-08-27 18:54:13.379438,C0200,P093,9.0,497.36088979200224
ORD001440,2026-07-15 18:54:13.379438,C0711,P035,4.0,474.57612707084246
ORD001441,2026-04-20 18:54:13.379438,C0196,P061,4.0,50.284166641239196
ORD001442,2026-04-17 18:54:13.379438,C0826,P054,4.0,290.76293869175043
ORD001443,2026-09-09 18:54:13.379438,C0589,P008,7.0,164.66879975949738
ORD001444,2026-09-02 18:54:13.379438,C0531,P029,5.0,366.9515421548387
ORD001445,2026-07-20 18:54:13.379438,C0062,P095,2.0,370.5358424877974
ORD001446,2026-05-18 18:54:13.379438,C0327,P041,7.0,10.04570133040901
ORD001447,2026-07-10 18:54:13.379438,C0906,P030,3.0,424.45139857796454
ORD001448,2026-08-12 18:54:13.379438,C0281,P086,1.0,119.55552679094022
ORD001449,2026-05-10 18:54:13.379438,C0940,P021,9.0,483.2942409674396
ORD001450,2026-09-21 18:54:13.379438,C0762,P076,5.0,453.6613408690915
ORD001451,2026-09-18 18:54:13.379438,C0227,P011,1.0,103.42293403292905
ORD001452,2026-07-20 18:54:13.379438,C0639,P002,1.0,321.8043577419816
ORD001453,2026-05-12 18:54:13.379438,C0058,P050,1.0,155.21213994494207
ORD001454,2026-04-18 18:54:13.379438,C0921,P041,9.0,60.46222632527665
ORD001455,2026-08-01 18:54:13.379438,C0477,P066,8.0,438.261140771096
ORD001456,2026-04-07 18:54:13.379438,C0376,P098,6.0,98.6049713846094
ORD001457,2026-07-05 18:54:13.379438,C0716,P003,6.0,216.27410460235933
ORD001458,2026-09-03 18:54:13.379438,C0243,P080,6.0,462.85267174931744
ORD001459,2026-08-22 18:54:13.379438,C0367,P051,4.0,46.92362728465459
ORD001460,2026-09-11 18:54:13.379438,C0936,P068,5.0,279.786402906386
ORD001461,2026-04-19 18:54:13.379438,C0844,P087,3.0,290.3507424371202
ORD001462,2026-09-20 18:54:13.379438,C0500,P084,3.0,383.902688231964
ORD001463,2026-07-20 18:54:13.379438,C0838,P025,7.0,415.29412618183983
ORD001464,2026-08-07 18:54:13.379438,C0252,P030,5.0,217.83045943266444
ORD001465,2026-05-28 18:54:13.379438,C0906,P082,8.0,374.4046899419907
ORD001466,2026-09-20 18:54:13.379438,C0322,P011,5.0,456.1152654024019
ORD001467,2026-05-07 18:54:13.379438,C0376,P093,4.0,444.2704375373713
ORD001468,2026-09-08 18:54:13.379438,C0409,P017,3.0,255.89134362179013
ORD001469,2026-04-16 18:54:13.379438,C0711,P026,2.0,307.4444792615016
ORD001470,2026-08-22 18:54:13.379438,C0488,P023,3.0,339.6763423381841
ORD001471,2026-04-21 18:54:13.379438,C0343,P056,7.0,411.36331195904023
ORD001472,2026-09-10 18:54:13.379438,C0240,P052,8.0,258.78921402075093
ORD001473,2026-07-08 18:54:13.379438,C0139,P048,5.0,64.83100945507434
ORD001474,2026-08-04 18:54:13.379438,C0122,P020,1.0,198.797851187299
ORD001475,2026-05-12 18:54:13.379438,C0420,P002,3.0,362.89901891640903
ORD001476,2026-05-19 18:54:13.379438,C0561,P088,4.0,315.66148314010536
ORD001477,2026-05-02 18:54:13.379438,C0304,P031,4.0,379.2109827272785
ORD001478,2026-06-04 18:54:13.379438,C0115,P027,1.0,254.97733177794274
ORD001479,2026-04-19 18:54:13.379438,C0343,P002,9.0,95.45833854714834
ORD001480,2026-08-02 18:54:13.379438,C0251,P078,4.0,66.45169391751935
ORD001481,2026-04-13 18:54:13.379438,C0007,P004,2.0,245.81835011661843
ORD001482,2026-09-08 18:54:13.379438,C0731,P013,9.0,110.80516974553814
ORD001483,2026-09-03 18:54:13.379438,C0589,P035,4.0,491.31077514634205
ORD001484,2026-07-15 18:54:13.379438,C0179,P072,4.0,107.38895625027646
ORD001485,2026-06-26 18:54:13.379438,C0145,P066,6.0,287.7243043979332
ORD001486,2026-08-14 18:54:13.379438,C0416,P006,8.0,10.866287753486784
ORD001487,2026-06-07 18:54:13.379438,C0666,P031,5.0,134.2860902774912
ORD001488,2026-09-27 18:54:13.379438,C0121,P010,8.0,136.97785873736524
ORD001489,2026-04-06 18:54:13.379438,C0124,P021,1.0,371.61384345184223
ORD001490,2026-09-23 18:54:13.379438,C0150,P074,4.0,252.8568078867852
ORD001491,2026-08-23 18:54:13.379438,C0397,P023,1.0,15.92500699528303
ORD001492,2026-08-01 18:54:13.379438,C0381,P003,3.0,195.79376003938165
ORD001493,2026-09-08 18:54:13.379438,C0780,P032,7.0,325.94273756532726
ORD001494,2026-06-10 18:54:13.379438,C0839,P020,1.0,321.9864078866635
ORD001495,2026-08-27 18:54:13.379438,C0001,P074,5.0,36.40546996415218
ORD001496,2026-05-10 18:54:13.379438,C0673,P029,1.0,465.1673368630247
ORD001497,2026-09-03 18:54:13.379438,C0244,P052,6.0,131.02562368620858
ORD001498,2026-09-26 18:54:13.379438,C0887,P046,9.0,446.8477959113678
ORD001499,2026-06-15 18:54:13.379438,C0398,P034,3.0,114.57307850455977
ORD001500,2026-08-24 18:54:13.379438,C0251,P084,6.0,288.24663929084016
ORD001501,2026-05-22 18:54:13.379438,C0879,P061,4.0,208.97935104051038
ORD001502,2026-08-02 18:54:13.379438,C0576,P072,6.0,294.86114874174115
ORD001503,2026-06-30 18:54:13.379438,C0299,P071,2.0,253.95277894161106
ORD001504,2026-08-21 18:54:13.379438,C0760,P070,4.0,11.003182318304198
ORD001505,2026-05-10 18:54:13.379438,C0954,P011,7.0,182.15286365130981
ORD001506,2026-06-03 18:54:13.379438,C0297,P082,6.0,15.496406601552726
ORD001507,2026-09-21 18:54:13.379438,C0977,P093,9.0,344.8496019824731
ORD001508,2026-08-05 18:54:13.379438,C0964,P089,7.0,428.21294454238
ORD001509,2026-05-12 18:54:13.379438,C0500,P063,1.0,198.51008623783167
ORD001510,2026-06-05 18:54:13.379438,C0115,P021,6.0,267.1529984083732
ORD001511,2026-05-19 18:54:13.379438,C0807,P003,3.0,42.26030011783688
ORD001512,2026-06-30 18:54:13.379438,C0001,P082,8.0,198.7467303186308
ORD001513,2026-04-14 18:54:13.379438,C0553,P088,1.0,78.04159915133278
ORD001514,2026-06-04 18:54:13.379438,C0685,P010,2.0,41.70390108468416
ORD001515,2026-06-19 18:54:13.379438,C0600,P027,3.0,94.29624227543069
ORD001516,2026-09-03 18:54:13.379438,C0482,P012,3.0,436.7135323468873
ORD001517,2026-05-25 18:54:13.379438,C0610,P007,7.0,491.28015763118503
ORD001518,2026-04-07 18:54:13.379438,C0600,P017,8.0,440.81492505710463
ORD001519,2026-06-01 18:54:13.379438,C0763,P065,9.0,485.1385311260055
ORD001520,2026-06-14 18:54:13.379438,C0510,P064,7.0,368.09533272787655
ORD001521,2026-08-29 18:54:13.379438,C0335,P026,8.0,88.25569491113687
ORD001522,2026-07-05 18:54:13.379438,C0465,P015,6.0,285.9535220081876
ORD001523,2026-06-05 18:54:13.379438,C0141,P033,2.0,368.4820741205246
ORD001524,2026-05-27 18:54:13.379438,C0583,P062,1.0,261.59676913291094
ORD001525,2026-07-29 18:54:13.379438,C0137,P047,3.0,281.78694471009425
ORD001526,2026-07-22 18:54:13.379438,C0959,P095,9.0,297.23314655711107
ORD001527,2026-06-16 18:54:13.379438,C0611,P035,7.0,238.75475529593066
ORD001528,2026-07-19 18:54:13.379438,C0663,P065,2.0,152.38834855186985
ORD001529,2026-05-30 18:54:13.379438,C0950,P072,1.0,322.14231801426774
ORD001530,2026-09-19 18:54:13.379438,C0687,P076,2.0,36.21911398814488
ORD001531,2026-04-06 18:54:13.379438,C0167,P083,3.0,93.75435088213368
ORD001532,2026-08-01 18:54:13.379438,C0343,P025,6.0,463.37815361361305
ORD001533,2026-04-09 18:54:13.379438,C0410,P057,9.0,249.51996371951705
ORD001534,2026-04-08 18:54:13.379438,C0769,P032,8.0,412.62506756734115
ORD001535,2026-04-08 18:54:13.379438,C0910,P063,9.0,366.0049389265644
ORD001536,2026-05-27 18:54:13.379438,C0736,P012,8.0,167.14743645225164
ORD001537,2026-05-20 18:54:13.379438,C0880,P063,7.0,403.7880408996241
ORD001538,2026-09-27 18:54:13.379438,C0842,P077,6.0,54.74799562612115
ORD001539,2026-04-12 18:54:13.379438,C0065,P092,8.0,438.7393446298042
ORD001540,2026-07-11 18:54:13.379438,C0581,P001,6.0,343.47440065190716
ORD001541,2026-04-23 18:54:13.379438,C0067,P051,2.0,464.265435290048
ORD001542,2026-08-03 18:54:13.379438,C0433,P070,9.0,448.8000961219635
ORD001543,2026-06-03 18:54:13.379438,C0050,P008,9.0,196.3283974286788
ORD001544,2026-08-04 18:54:13.379438,C0314,P068,3.0,429.84793571599045
ORD001545,2026-09-13 18:54:13.379438,C0309,P005,9.0,285.8778752894741
ORD001546,2026-09-28 18:54:13.379438,C0603,P089,2.0,86.9860150196631
ORD001547,2026-06-24 18:54:13.379438,C0115,P086,3.0,416.47992306172904
ORD001548,2026-06-04 18:54:13.379438,C0886,P092,6.0,454.8806817337318
ORD001549,2026-08-26 18:54:13.379438,C0569,P039,4.0,51.428131752958706
ORD001550,2026-04-06 18:54:13.379438,C0342,P023,8.0,465.9708936140838
ORD001551,2026-09-10 18:54:13.379438,C0530,P068,1.0,304.6198057132069
ORD001552,2026-04-16 18:54:13.379438,C0784,P052,6.0,22.68973354708438
ORD001553,2026-08-01 18:54:13.379438,C0642,P004,2.0,275.4793693224882
ORD001554,2026-08-06 18:54:13.379438,C0495,P047,6.0,400.40702679885436
ORD001555,2026-07-01 18:54:13.379438,C0269,P021,1.0,271.25890909625787
ORD001556,2026-06-15 18:54:13.379438,C0941,P056,2.0,356.5506644393519
ORD001557,2026-06-10 18:54:13.379438,C0080,P066,9.0,440.99553861985066
ORD001558,2026-08-23 18:54:13.379438,C0456,P059,6.0,436.1831399761332
ORD001559,2026-07-13 18:54:13.379438,C0299,P007,8.0,97.64625978841443
ORD001560,2026-07-10 18:54:13.379438,C0968,P049,7.0,219.29371229683417
ORD001561,2026-04-14 18:54:13.379438,C0822,P016,9.0,64.47088228124807
ORD001562,2026-07-17 18:54:13.379438,C0202,P017,9.0,301.59793037069187
ORD001563,2026-06-09 18:54:13.379438,C0503,P084,4.0,477.81610806137456
ORD001564,2026-08-04 18:54:13.379438,C0737,P087,7.0,99.10501675519727
ORD001565,2026-05-02 18:54:13.379438,C0671,P098,5.0,207.77887825482998
ORD001566,2026-08-18 18:54:13.379438,C0716,P075,7.0,477.4731319954376
ORD001567,2026-09-03 18:54:13.379438,C0649,P034,4.0,377.55793094318767
ORD001568,2026-06-18 18:54:13.379438,C0485,P033,1.0,44.87304474457431
ORD001569,2026-09-20 18:54:13.379438,C0585,P026,4.0,219.92362762083982
ORD001570,2026-04-12 18:54:13.379438,C0560,P066,3.0,494.06400354365104
ORD001571,2026-05-13 18:54:13.379438,C0018,P063,9.0,232.0888732560684
ORD001572,2026-04-28 18:54:13.379438,C0478,P087,5.0,318.40669086910816
ORD001573,2026-04-08 18:54:13.379438,C0992,P041,4.0,353.47858352063633
ORD001574,2026-08-20 18:54:13.379438,C0488,P086,8.0,335.32638102584696
ORD001575,2026-08-05 18:54:13.379438,C0983,P058,5.0,264.1720449300468
ORD001576,2026-05-11 18:54:13.379438,C0779,P098,3.0,75.06988687058745
ORD001577,2026-06-14 18:54:13.379438,C0446,P079,2.0,357.1232814394518
ORD001578,2026-08-14 18:54:13.379438,C0340,P010,8.0,467.330657628574
ORD001579,2026-09-26 18:54:13.379438,C0531,P015,2.0,471.43135716333995
ORD001580,2026-07-02 18:54:13.379438,C0612,P042,8.0,300.7608090235775
ORD001581,2026-08-27 18:54:13.379438,C0116,P093,5.0,251.17676968077743
ORD001582,2026-05-10 18:54:13.379438,C0858,P057,8.0,173.64093915926682
ORD001583,2026-06-02 18:54:13.379438,C0074,P087,5.0,60.748804462884166
ORD001584,2026-09-26 18:54:13.379438,C0792,P017,1.0,442.7277338987148
ORD001585,2026-05-01 18:54:13.379438,C0269,P060,2.0,77.1561760858724
ORD001586,2026-06-23 18:54:13.379438,C0637,P009,6.0,151.09340743120612
ORD001587,2026-07-26 18:54:13.379438,C0116,P036,3.0,372.7952506687125
ORD001588,2026-05-13 18:54:13.379438,C0686,P073,8.0,355.3342049946505
ORD001589,2026-05-18 18:54:13.379438,C0693,P080,5.0,343.69624947569304
ORD001590,2026-06-04 18:54:13.379438,C0738,P036,3.0,373.43642777290614
ORD001591,2026-07-05 18:54:13.379438,C0669,P048,7.0,275.5689328349639
ORD001592,2026-07-27 18:54:13.379438,C0164,P051,8.0,85.92597831202306
ORD001593,2026-06-09 18:54:13.379438,C0583,P097,4.0,499.195426384276
ORD001594,2026-05-29 18:54:13.379438,C0222,P095,9.0,447.14839770938386
ORD001595,2026-05-13 18:54:13.379438,C0126,P070,6.0,221.2646010602314
ORD001596,2026-07-10 18:54:13.379438,C0657,P074,1.0,269.85979377977173
ORD001597,2026-05-13 18:54:13.379438,C0176,P080,5.0,202.83996557529832
ORD001598,2026-07-03 18:54:13.379438,C0973,P068,5.0,322.6093060700623
ORD001599,2026-05-06 18:54:13.379438,C0664,P022,7.0,368.25861947914126
ORD001600,2026-04-09 18:54:13.379438,C0694,P077,7.0,123.46596740029122
ORD001601,2026-08-28 18:54:13.379438,C0375,P080,6.0,222.0703014210255
ORD001602,2026-06-22 18:54:13.379438,C0991,P093,8.0,323.71504550368036
ORD001603,2026-09-18 18:54:13.379438,C0859,P006,2.0,494.12966308679694
ORD001604,2026-07-04 18:54:13.379438,C0498,P026,7.0,169.1883265422068
ORD001605,2026-07-09 18:54:13.379438,C0085,P075,7.0,375.05021896092654
ORD001606,2026-06-01 18:54:13.379438,C0876,P088,4.0,179.86916413836914
ORD001607,2026-06-01 18:54:13.379438,C0383,P093,2.0,55.24647898781574
ORD001608,2026-05-21 18:54:13.379438,C0633,P003,4.0,387.3714518134656
ORD001609,2026-09-19 18:54:13.379438,C0641,P052,4.0,328.1603726580163
ORD001610,2026-04-16 18:54:13.379438,C0463,P074,6.0,262.02646060617394
ORD001611,2026-07-19 18:54:13.379438,C0451,P060,7.0,340.76758552512763
ORD001612,2026-05-18 18:54:13.379438,C0518,P063,3.0,440.85702643992175
ORD001613,2026-07-01 18:54:13.379438,C0846,P065,1.0,380.690194490528
ORD001614,2026-09-20 18:54:13.379438,C0695,P052,3.0,430.33053723383165
ORD001615,2026-07-12 18:54:13.379438,C0550,P090,9.0,152.1092298780348
ORD001616,2026-09-05 18:54:13.379438,C0929,P076,1.0,402.2369234746464
ORD001617,2026-09-16 18:54:13.379438,C0116,P014,8.0,186.40458009522447
ORD001618,2026-04-10 18:54:13.379438,C0614,P089,2.0,20.11940963302438
ORD001619,2026-08-14 18:54:13.379438,C0008,P072,6.0,31.16027586392972
ORD001620,2026-05-18 18:54:13.379438,C0218,P068,3.0,367.8737357255272
ORD001621,2026-05-31 18:54:13.379438,C0719,P028,7.0,143.2355592733539
ORD001622,2026-05-04 18:54:13.379438,C0590,P071,2.0,160.71628423950943
ORD001623,2026-04-26 18:54:13.379438,C0880,P010,4.0,315.06324260641793
ORD001624,2026-09-20 18:54:13.379438,C0404,P057,9.0,373.3395373582782
ORD001625,2026-08-19 18:54:13.379438,C0567,P066,6.0,283.8532830554685
ORD001626,2026-09-10 18:54:13.379438,C0304,P090,4.0,356.1223982540914
ORD001627,2026-07-19 18:54:13.379438,C0467,P050,2.0,471.1158898905952
ORD001628,2026-09-08 18:54:13.379438,C0952,P014,9.0,428.53837310904385
ORD001629,2026-05-12 18:54:13.379438,C0993,P016,4.0,127.9937890702967
ORD001630,2026-09-09 18:54:13.379438,C0740,P054,9.0,454.32790739083754
ORD001631,2026-06-24 18:54:13.379438,C0088,P043,2.0,155.65948507178734
ORD001632,2026-07-12 18:54:13.379438,C0010,P042,7.0,333.6882469498435
ORD001633,2026-04-05 18:54:13.379438,C0308,P081,5.0,438.61099852607146
ORD001634,2026-06-19 18:54:13.379438,C0434,P022,8.0,315.4886023611671
ORD001635,2026-04-15 18:54:13.379438,C0802,P068,8.0,405.0361066935103
ORD001636,2026-05-12 18:54:13.379438,C0164,P019,4.0,464.4000833515792
ORD001637,2026-04-16 18:54:13.379438,C0239,P066,4.0,483.7991619047648
ORD001638,2026-05-19 18:54:13.379438,C0317,P039,8.0,211.21013577840762
ORD001639,2026-09-05 18:54:13.379438,C0996,P073,3.0,496.4564212313184
ORD001640,2026-07-25 18:54:13.379438,C0656,P019,7.0,143.12377025446082
ORD001641,2026-04-20 18:54:13.379438,C0335,P016,8.0,236.47142286697522
ORD001642,2026-07-16 18:54:13.379438,C0018,P054,8.0,382.745724176303
ORD001643,2026-07-10 18:54:13.379438,C0071,P025,4.0,485.3752482815431
ORD001644,2026-06-30 18:54:13.379438,C0175,P018,9.0,35.94126700999888
ORD001645,2026-07-21 18:54:13.379438,C0854,P023,4.0,473.364431385636
ORD001646,2026-09-13 18:54:13.379438,C0800,P085,8.0,499.350993804287
ORD001647,2026-06-12 18:54:13.379438,C0811,P011,6.0,455.69392620539116
ORD001648,2026-09-08 18:54:13.379438,C0339,P039,5.0,63.10826554329877
ORD001649,2026-06-16 18:54:13.379438,C0936,P068,4.0,421.9431267060909
ORD001650,2026-06-05 18:54:13.379438,C0248,P025,5.0,323.4832837811983
ORD001651,2026-09-06 18:54:13.379438,C0193,P063,1.0,14.668004284264724
ORD001652,2026-06-02 18:54:13.379438,C0419,P096,7.0,492.34434361860946
ORD001653,2026-06-21 18:54:13.379438,C0325,P030,8.0,83.75662443327653
ORD001654,2026-05-10 18:54:13.379438,C0306,P045,9.0,204.4424844922843
ORD001655,2026-04-25 18:54:13.379438,C0780,P090,3.0,24.833526978739233
ORD001656,2026-08-29 18:54:13.379438,C0204,P061,9.0,161.6643662661064
ORD001657,2026-07-08 18:54:13.379438,C0853,P051,5.0,288.479604429882
ORD001658,2026-06-10 18:54:13.379438,C0123,P098,6.0,466.1180299897223
ORD001659,2026-04-20 18:54:13.379438,C0570,P009,1.0,495.2786178250923
ORD001660,2026-04-15 18:54:13.379438,C0851,P076,9.0,217.44555478300092
ORD001661,2026-08-31 18:54:13.379438,C0447,P002,9.0,219.81010459384368
ORD001662,2026-08-26 18:54:13.379438,C0713,P005,6.0,88.5682815806138
ORD001663,2026-08-19 18:54:13.379438,C0491,P062,8.0,254.19585936367537
ORD001664,2026-07-30 18:54:13.379438,C0433,P069,4.0,470.6396977229757
ORD001665,2026-04-25 18:54:13.379438,C0624,P052,5.0,91.04411714633116
ORD001666,2026-08-01 18:54:13.379438,C0128,P086,5.0,140.57188911682286
ORD001667,2026-05-23 18:54:13.379438,C0548,P005,7.0,446.7457581221751
ORD001668,2026-04-17 18:54:13.379438,C0746,P059,7.0,316.95100077536824
ORD001669,2026-09-25 18:54:13.379438,C0822,P068,7.0,171.94854659989772
ORD001670,2026-05-02 18:54:13.379438,C0047,P009,5.0,408.2450329303754
ORD001671,2026-09-14 18:54:13.379438,C0505,P093,4.0,63.3924294340339
ORD001672,2026-09-30 18:54:13.379438,C0115,P022,8.0,430.5921692574356
ORD001673,2026-08-06 18:54:13.379438,C0416,P027,1.0,263.82081633402663
ORD001674,2026-04-10 18:54:13.379438,C0767,P010,1.0,380.89787089385266
ORD001675,2026-05-02 18:54:13.379438,C0995,P080,6.0,264.01187986740126
ORD001676,2026-08-20 18:54:13.379438,C0223,P061,2.0,130.67373173049697
ORD001677,2026-05-06 18:54:13.379438,C0636,P051,3.0,324.0158251642961
ORD001678,2026-08-15 18:54:13.379438,C0949,P010,4.0,85.84765664332757
ORD001679,2026-07-23 18:54:13.379438,C0503,P006,2.0,122.63651292860625
ORD001680,2026-06-21 18:54:13.379438,C0672,P062,7.0,279.16957781589105
ORD001681,2026-09-10 18:54:13.379438,C0958,P005,1.0,201.09195484200748
ORD001682,2026-09-29 18:54:13.379438,C0933,P070,3.0,375.1491197907371
ORD001683,2026-05-31 18:54:13.379438,C0096,P063,2.0,295.95051399539295
ORD001684,2026-04-29 18:54:13.379438,C0107,P056,9.0,196.85421252836724
ORD001685,2026-09-24 18:54:13.379438,C0632,P059,8.0,170.0976680690103
ORD001686,2026-05-02 18:54:13.379438,C0613,P063,3.0,457.4889631643137
ORD001687,2026-04-07 18:54:13.379438,C0615,P089,5.0,29.64050436071612
ORD001688,2026-07-11 18:54:13.379438,C0678,P059,3.0,348.60520920021156
ORD001689,2026-08-22 18:54:13.379438,C0926,P051,6.0,202.03030365879508
ORD001690,2026-05-12 18:54:13.379438,C0698,P050,5.0,194.90526053606615
ORD001691,2026-04-18 18:54:13.379438,C0032,P004,2.0,329.4196189095426
ORD001692,2026-07-31 18:54:13.379438,C0493,P048,8.0,426.7277290894763
ORD001693,2026-05-02 18:54:13.379438,C0066,P032,6.0,364.9620002068338
ORD001694,2026-09-07 18:54:13.379438,C0179,P051,3.0,338.3545214400606
ORD001695,2026-06-17 18:54:13.379438,C0779,P052,1.0,253.1392005202844
ORD001696,2026-07-28 18:54:13.379438,C0443,P099,5.0,239.89744731751694
ORD001697,2026-05-05 18:54:13.379438,C0916,P074,2.0,235.75048498856938
ORD001698,2026-08-11 18:54:13.379438,C0549,P034,2.0,81.26925700946957
ORD001699,2026-09-25 18:54:13.379438,C0201,P036,9.0,284.1564643022581
ORD001700,2026-06-26 18:54:13.379438,C0870,P070,7.0,164.57749625430517
ORD001701,2026-04-25 18:54:13.379438,C0049,P043,6.0,312.9316691504194
ORD001702,2026-04-30 18:54:13.379438,C0787,P016,1.0,271.824271335953
ORD001703,2026-06-23 18:54:13.379438,C0951,P059,2.0,470.56285572709305
ORD001704,2026-08-07 18:54:13.379438,C0680,P053,7.0,223.11576470779445
ORD001705,2026-07-04 18:54:13.379438,C0263,P019,3.0,335.55463192618276
ORD001706,2026-04-24 18:54:13.379438,C0133,P098,2.0,300.47325375805144
ORD001707,2026-05-20 18:54:13.379438,C0810,P089,6.0,345.35343137300475
ORD001708,2026-07-13 18:54:13.379438,C0344,P095,8.0,140.8176807986958
ORD001709,2026-06-26 18:54:13.379438,C0176,P041,8.0,136.05198276511481
ORD001710,2026-04-09 18:54:13.379438,C0391,P081,2.0,284.24219855224703
ORD001711,2026-08-28 18:54:13.379438,C0011,P047,6.0,426.04017486804213
ORD001712,2026-08-12 18:54:13.379438,C0201,P094,5.0,362.8042550113796
ORD001713,2026-04-04 18:54:13.379438,C0945,P054,7.0,249.5780028442302
ORD001714,2026-05-31 18:54:13.379438,C0926,P055,4.0,134.9962722673307
ORD001715,2026-08-05 18:54:13.379438,C0809,P095,2.0,382.0801407895002
ORD001716,2026-09-16 18:54:13.379438,C0003,P019,3.0,463.86063683020967
ORD001717,2026-04-18 18:54:13.379438,C0214,P062,9.0,114.37995728258744
ORD001718,2026-09-12 18:54:13.379438,C0808,P099,8.0,401.5559233942379
ORD001719,2026-09-13 18:54:13.379438,C0307,P093,9.0,94.49830895630006
ORD001720,2026-06-06 18:54:13.379438,C0980,P059,5.0,451.383659355611
ORD001721,2026-04-28 18:54:13.379438,C0544,P065,5.0,324.604448004045
ORD001722,2026-04-27 18:54:13.379438,C0560,P068,7.0,98.69490208824034
ORD001723,2026-04-15 18:54:13.379438,C0327,P028,7.0,27.767169110503673
ORD001724,2026-04-21 18:54:13.379438,C0764,P018,1.0,350.3619838730193
ORD001725,2026-04-18 18:54:13.379438,C0199,P026,5.0,306.98989378589476
ORD001726,2026-04-30 18:54:13.379438,C0916,P019,8.0,309.5457300883022
ORD001727,2026-06-14 18:54:13.379438,C0601,P055,7.0,246.30834030004237
ORD001728,2026-06-02 18:54:13.379438,C0109,P057,2.0,311.07714027028584
ORD001729,2026-09-24 18:54:13.379438,C0291,P006,8.0,437.8793153195317
ORD001730,2026-08-26 18:54:13.379438,C0108,P001,2.0,476.4807749777931
ORD001731,2026-07-05 18:54:13.379438,C0408,P008,1.0,178.8088988146793
ORD001732,2026-05-26 18:54:13.379438,C0552,P097,3.0,249.05726439268528
ORD001733,2026-04-11 18:54:13.379438,C0973,P051,3.0,143.78365959688887
ORD001734,2026-06-21 18:54:13.379438,C0052,P085,6.0,211.67682114735177
ORD001735,2026-04-30 18:54:13.379438,C0112,P088,3.0,399.9853915276266
ORD001736,2026-09-24 18:54:13.379438,C0295,P025,7.0,218.24467782335037
ORD001737,2026-05-23 18:54:13.379438,C0580,P047,8.0,201.90380213863844
ORD001738,2026-08-12 18:54:13.379438,C0189,P055,3.0,426.5544409360733
ORD001739,2026-07-05 18:54:13.379438,C0844,P064,9.0,10.623457230449523
ORD001740,2026-09-22 18:54:13.379438,C0721,P083,1.0,427.57215736527195
ORD001741,2026-04-27 18:54:13.379438,C0065,P093,3.0,98.88990337850377
ORD001742,2026-06-02 18:54:13.379438,C0574,P010,3.0,144.51086777089077
ORD001743,2026-08-03 18:54:13.379438,C0465,P056,7.0,187.18844358180297
ORD001744,2026-08-12 18:54:13.379438,C0258,P012,5.0,441.5195931182199
ORD001745,2026-08-29 18:54:13.379438,C0646,P033,4.0,455.2539550134725
ORD001746,2026-05-19 18:54:13.379438,C0634,P071,2.0,333.9774930761859
ORD001747,2026-04-18 18:54:13.379438,C0331,P017,7.0,225.32700363568028
ORD001748,2026-09-03 18:54:13.379438,C0501,P061,3.0,262.9026270591993
ORD001749,2026-04-20 18:54:13.379438,C0683,P010,7.0,294.3967885217216
ORD001750,2026-08-07 18:54:13.379438,C0210,P031,7.0,477.4554942262832
ORD001751,2026-06-26 18:54:13.379438,C0808,P060,2.0,484.891928076387
ORD001752,2026-04-12 18:54:13.379438,C0089,P070,7.0,425.19313469396064
ORD001753,2026-09-16 18:54:13.379438,C0679,P017,6.0,296.0270662677405
ORD001754,2026-09-26 18:54:13.379438,C0028,P050,4.0,201.4598923800213
ORD001755,2026-06-05 18:54:13.379438,C0238,P037,5.0,122.83715917607924
ORD001756,2026-07-29 18:54:13.379438,C0336,P082,8.0,271.8833715659828
ORD001757,2026-08-11 18:54:13.379438,C0063,P062,5.0,179.35913756050292
ORD001758,2026-06-30 18:54:13.379438,C0960,P090,3.0,45.644803844149514
ORD001759,2026-06-14 18:54:13.379438,C0767,P080,2.0,243.3481716085305
ORD001760,2026-08-20 18:54:13.379438,C0908,P072,6.0,289.8322298220277
ORD001761,2026-06-06 18:54:13.379438,C0553,P088,6.0,309.54442054691265
ORD001762,2026-06-14 18:54:13.379438,C0500,P077,7.0,46.16880167875548
ORD001763,2026-04-24 18:54:13.379438,C0541,P029,8.0,246.7239892565381
ORD001764,2026-04-21 18:54:13.379438,C0791,P032,4.0,331.39739462214476
ORD001765,2026-06-06 18:54:13.379438,C0469,P088,8.0,480.92139418147787
ORD001766,2026-06-24 18:54:13.379438,C0592,P080,1.0,22.272446159345755
ORD001767,2026-07-22 18:54:13.379438,C0051,P011,6.0,341.37832770875457
ORD001768,2026-07-07 18:54:13.379438,C0112,P096,6.0,40.54533090129585
ORD001769,2026-09-16 18:54:13.379438,C0873,P006,3.0,87.83330873974792
ORD001770,2026-05-05 18:54:13.379438,C0301,P035,9.0,94.92090611817206
ORD001771,2026-04-14 18:54:13.379438,C0090,P033,5.0,171.14749410799183
ORD001772,2026-05-18 18:54:13.379438,C0229,P018,1.0,417.33652690787125
ORD001773,2026-05-06 18:54:13.379438,C0150,P037,7.0,429.55625491993567
ORD001774,2026-07-14 18:54:13.379438,C0755,P013,3.0,193.7264371990839
ORD001775,2026-09-19 18:54:13.379438,C0138,P074,4.0,221.33838535335352
ORD001776,2026-08-17 18:54:13.379438,C0135,P090,6.0,116.34504893217071
ORD001777,2026-04-14 18:54:13.379438,C0457,P081,8.0,221.93175761808277
ORD001778,2026-09-29 18:54:13.379438,C0601,P064,4.0,144.66887185237252
ORD001779,2026-06-30 18:54:13.379438,C0494,P001,9.0,95.69249616956608
ORD001780,2026-05-14 18:54:13.379438,C0527,P063,8.0,87.64935409134718
ORD001781,2026-08-26 18:54:13.379438,C0333,P089,6.0,390.06710417860813
ORD001782,2026-06-18 18:54:13.379438,C0362,P034,7.0,67.30373136897029
ORD001783,2026-08-02 18:54:13.379438,C0174,P010,8.0,311.8568910932881
ORD001784,2026-05-19 18:54:13.379438,C0602,P084,2.0,92.06618651726342
ORD001785,2026-09-10 18:54:13.379438,C0213,P007,5.0,420.5413153614659
ORD001786,2026-06-22 18:54:13.379438,C0343,P056,7.0,144.48886338702889
ORD001787,2026-05-27 18:54:13.379438,C0061,P080,8.0,31.99780692685766
ORD001788,2026-06-28 18:54:13.379438,C0876,P037,5.0,231.51584774041734
ORD001789,2026-07-04 18:54:13.379438,C0732,P029,3.0,499.9005852778615
ORD001790,2026-08-29 18:54:13.379438,C0061,P012,6.0,408.4371801156538
ORD001791,2026-09-11 18:54:13.379438,C0819,P017,5.0,289.4286213510893
ORD001792,2026-09-18 18:54:13.379438,C0678,P048,8.0,102.82501614952622
ORD001793,2026-09-10 18:54:13.379438,C0524,P084,9.0,67.57746845760664
ORD001794,2026-07-09 18:54:13.379438,C0216,P026,9.0,420.8897643231154
ORD001795,2026-04-05 18:54:13.379438,C0589,P083,6.0,395.97662865869916
ORD001796,2026-05-06 18:54:13.379438,C0744,P012,4.0,236.47239693352824
ORD001797,2026-09-08 18:54:13.379438,C0624,P021,4.0,216.49074653795566
ORD001798,2026-09-11 18:54:13.379438,C0578,P042,9.0,376.84966674487123
ORD001799,2026-06-19 18:54:13.379438,C0694,P061,4.0,272.65844809412664
ORD001800,2026-07-28 18:54:13.379438,C0423,P058,8.0,208.04293332700684
ORD001801,2026-09-04 18:54:13.379438,C0716,P054,9.0,133.34321946343482
ORD001802,2026-08-31 18:54:13.379438,C0423,P034,5.0,70.05611740349146
ORD001803,2026-07-15 18:54:13.379438,C0371,P007,6.0,301.4488011197176
ORD001804,2026-09-16 18:54:13.379438,C0206,P035,3.0,414.7639353791164
ORD001805,2026-07-15 18:54:13.379438,C0286,P015,5.0,375.6297251588643
ORD001806,2026-07-02 18:54:13.379438,C0105,P065,5.0,351.1960417084198
ORD001807,2026-09-24 18:54:13.379438,C0754,P090,2.0,465.13753349988093
ORD001808,2026-08-03 18:54:13.379438,C0747,P099,6.0,203.3132039113747
ORD001809,2026-08-24 18:54:13.379438,C0688,P025,9.0,77.23660789696552
ORD001810,2026-07-18 18:54:13.379438,C0723,P059,7.0,59.95506055687259
ORD001811,2026-07-31 18:54:13.379438,C0543,P079,8.0,477.9559173129537
ORD001812,2026-09-22 18:54:13.379438,C0747,P086,2.0,298.5924657644125
ORD001813,2026-05-22 18:54:13.379438,C0242,P006,9.0,407.2886883849077
ORD001814,2026-07-16 18:54:13.379438,C0491,P052,3.0,272.4243285459538
ORD001815,2026-06-03 18:54:13.379438,C0665,P079,5.0,205.2622542778906
ORD001816,2026-08-04 18:54:13.379438,C0708,P088,7.0,108.13212892482233
ORD001817,2026-08-15 18:54:13.379438,C0498,P021,4.0,429.6400890221278
ORD001818,2026-04-12 18:54:13.379438,C0435,P071,,41.122466273225754
ORD001819,2026-04-09 18:54:13.379438,C0781,P093,8.0,451.1141075684659
ORD001820,2026-06-15 18:54:13.379438,C0484,P096,4.0,110.45626165094939
ORD001821,2026-07-15 18:54:13.379438,C0447,P032,5.0,14.67021250233698
ORD001822,2026-09-10 18:54:13.379438,C0384,P053,3.0,60.90958641322627
ORD001823,2026-05-14 18:54:13.379438,C0510,P059,5.0,442.9192690016507
ORD001824,2026-07-26 18:54:13.379438,C0170,P069,8.0,46.11651682388004
ORD001825,2026-04-11 18:54:13.379438,C0950,P062,3.0,184.0678875048571
ORD001826,2026-06-14 18:54:13.379438,C0869,P004,5.0,132.65511979355426
ORD001827,2026-09-28 18:54:13.379438,C0323,P086,1.0,28.05877952164518
ORD001828,2026-07-04 18:54:13.379438,C0848,P018,2.0,270.4187584401457
ORD001829,2026-06-04 18:54:13.379438,C0474,P099,3.0,499.18312698846523
ORD001830,2026-06-26 18:54:13.379438,C0232,P081,1.0,427.9736652389654
ORD001831,2026-06-04 18:54:13.379438,C0696,P056,9.0,92.75738472716277
ORD001832,2026-07-23 18:54:13.379438,C0359,P024,9.0,443.3148442785041
ORD001833,2026-08-08 18:54:13.379438,C0275,P066,5.0,231.37880574968895
ORD001834,2026-04-10 18:54:13.379438,C0942,P013,4.0,143.89276788842525
ORD001835,2026-06-26 18:54:13.379438,C0911,P062,5.0,323.7498777213382
ORD001836,2026-08-13 18:54:13.379438,C0032,P054,4.0,116.18046010391156
ORD001837,2026-08-15 18:54:13.379438,C0177,P015,5.0,441.0293754929952
ORD001838,2026-05-31 18:54:13.379438,C0917,P069,7.0,315.85025409534205
ORD001839,2026-04-25 18:54:13.379438,C0065,P003,8.0,76.65072206764047
ORD001840,2026-09-04 18:54:13.379438,C0710,P037,2.0,289.6179477452395
ORD001841,2026-08-08 18:54:13.379438,C0027,P037,4.0,260.0818107805112
ORD001842,2026-04-06 18:54:13.379438,C0663,P003,8.0,241.01321011705636
ORD001843,2026-08-08 18:54:13.379438,C0815,P063,7.0,188.8382015413876
ORD001844,2026-05-14 18:54:13.379438,C0479,P035,9.0,242.3607058647995
ORD001845,2026-07-18 18:54:13.379438,C0268,P052,5.0,297.14562699326797
ORD001846,2026-04-17 18:54:13.379438,C0597,P087,6.0,369.4489649383914
ORD001847,2026-04-15 18:54:13.379438,C0066,P028,8.0,459.75903474813657
ORD001848,2026-06-29 18:54:13.379438,C0133,P094,5.0,31.74820670754115
ORD001849,2026-04-15 18:54:13.379438,C0905,P018,9.0,288.9785691914645
ORD001850,2026-08-22 18:54:13.379438,C0916,P036,4.0,378.46724907460424
ORD001851,2026-04-28 18:54:13.379438,C0366,P033,8.0,66.62152534962559
ORD001852,2026-05-18 18:54:13.379438,C0082,P064,3.0,456.6339187931745
ORD001853,2026-08-03 18:54:13.379438,C0893,P026,5.0,130.04498331456182
ORD001854,2026-08-28 18:54:13.379438,C0831,P048,8.0,418.3326404126468
ORD001855,2026-05-28 18:54:13.379438,C0982,P040,7.0,334.3832659067896
ORD001856,2026-07-12 18:54:13.379438,C0328,P017,1.0,284.17783090887116
ORD001857,2026-09-23 18:54:13.379438,C0098,P040,4.0,435.9287627284433
ORD001858,2026-08-17 18:54:13.379438,C0585,P007,2.0,484.9248999410686
ORD001859,2026-07-31 18:54:13.379438,C0327,P057,2.0,498.5941243177215
ORD001860,2026-05-26 18:54:13.379438,C0542,P008,7.0,344.8076973788514
ORD001861,2026-05-05 18:54:13.379438,C0125,P056,3.0,176.17423441052668
ORD001862,2026-05-24 18:54:13.379438,C0210,P031,3.0,438.6026314806692
ORD001863,2026-05-17 18:54:13.379438,C0987,P059,6.0,330.63067140068375
ORD001864,2026-06-24 18:54:13.379438,C0784,P058,6.0,168.4313072206862
ORD001865,2026-08-27 18:54:13.379438,C0725,P012,1.0,466.8586708902442
ORD001866,2026-08-31 18:54:13.379438,C0133,P048,1.0,376.348695000693
ORD001867,2026-05-10 18:54:13.379438,C0503,P031,6.0,231.8856239408204
ORD001868,2026-07-08 18:54:13.379438,C0157,P083,7.0,232.700390651252
ORD001869,2026-05-29 18:54:13.379438,C0559,P063,9.0,498.0049995710889
ORD001870,2026-07-17 18:54:13.379438,C0869,P074,4.0,193.1174612081512
ORD001871,2026-06-01 18:54:13.379438,C0875,P039,6.0,56.099532169240604
ORD001872,2026-08-12 18:54:13.379438,C0382,P076,3.0,273.89514489691805
ORD001873,2026-09-06 18:54:13.379438,C0022,P020,4.0,443.5784847759764
ORD001874,2026-05-08 18:54:13.379438,C0974,P048,9.0,296.4146951636001
ORD001875,2026-07-05 18:54:13.379438,C0953,P071,1.0,398.6128616395616
ORD001876,2026-07-09 18:54:13.379438,C0595,P054,5.0,36.8837026354931
ORD001877,2026-08-16 18:54:13.379438,C0419,P078,7.0,339.96342334979414
ORD001878,2026-06-18 18:54:13.379438,C0472,P075,3.0,48.8051171190492
ORD001879,2026-05-22 18:54:13.379438,C0234,P071,2.0,282.614773542896
ORD001880,2026-07-06 18:54:13.379438,C0572,P029,2.0,253.9060434967317
ORD001881,2026-09-09 18:54:13.379438,C0454,P074,1.0,473.3461684158191
ORD001882,2026-04-27 18:54:13.379438,C0700,P093,5.0,74.9075563298637
ORD001883,2026-08-29 18:54:13.379438,C0570,P073,3.0,14.650790204101465
ORD001884,2026-05-10 18:54:13.379438,C0771,P048,7.0,77.30382929241009
ORD001885,2026-04-07 18:54:13.379438,C0162,P074,1.0,93.64600935534021
ORD001886,2026-07-20 18:54:13.379438,C0301,P083,9.0,132.94661908928362
ORD001887,2026-08-07 18:54:13.379438,C0306,P056,2.0,409.39349082834497
ORD001888,2026-04-23 18:54:13.379438,C0002,P095,8.0,194.67160892449695
ORD001889,2026-09-02 18:54:13.379438,C0271,P017,4.0,421.97121811503087
ORD001890,2026-05-23 18:54:13.379438,C0421,P009,6.0,143.2475913570786
ORD001891,2026-09-27 18:54:13.379438,C0143,P097,9.0,431.6651479262324
ORD001892,2026-09-29 18:54:13.379438,C0700,P034,7.0,13.964317093995788
ORD001893,2026-07-08 18:54:13.379438,C0864,P045,8.0,467.9223805571661
ORD001894,2026-07-17 18:54:13.379438,C0853,P088,7.0,375.5641183508489
ORD001895,2026-09-14 18:54:13.379438,C0960,P009,2.0,212.23793508543284
ORD001896,2026-07-29 18:54:13.379438,C0977,P007,9.0,292.8941594490657
ORD001897,2026-07-10 18:54:13.379438,C0994,P016,1.0,467.1782193543921
ORD001898,2026-06-08 18:54:13.379438,C0736,P019,2.0,295.45455614137876
ORD001899,2026-06-21 18:54:13.379438,C0879,P006,3.0,121.9985765884202
ORD001900,2026-09-12 18:54:13.379438,C0692,P011,3.0,290.70821228308785
ORD001901,2026-09-14 18:54:13.379438,C0535,P076,4.0,437.0091739324166
ORD001902,2026-04-09 18:54:13.379438,C0867,P061,5.0,493.8504894375165
ORD001903,2026-05-12 18:54:13.379438,C0037,P042,6.0,296.20080176817646
ORD001904,2026-09-20 18:54:13.379438,C0107,P013,1.0,86.26613565492168
ORD001905,2026-07-27 18:54:13.379438,C0297,P012,8.0,388.158696165865
ORD001906,2026-08-06 18:54:13.379438,C0741,P085,6.0,498.4865585143759
ORD001907,2026-04-15 18:54:13.379438,C0825,P074,9.0,242.08161292343965
ORD001908,2026-08-12 18:54:13.379438,C0097,P020,5.0,198.02905584457207
ORD001909,2026-04-21 18:54:13.379438,C0281,P050,7.0,280.72531649833826
ORD001910,2026-05-13 18:54:13.379438,C0110,P036,4.0,90.73542812494635
ORD001911,2026-04-24 18:54:13.379438,C0549,P092,6.0,485.9288584067584
ORD001912,2026-08-24 18:54:13.379438,C0552,P088,6.0,420.78399601337185
ORD001913,2026-07-11 18:54:13.379438,C0597,P069,4.0,65.36544832814818
ORD001914,2026-04-29 18:54:13.379438,C0814,P037,6.0,473.08993369128234
ORD001915,2026-04-11 18:54:13.379438,C0188,P012,8.0,471.98153419369817
ORD001916,2026-07-12 18:54:13.379438,C0752,P099,5.0,165.01382738162368
ORD001917,2026-06-29 18:54:13.379438,C0870,P040,2.0,313.3796109181996
ORD001918,2026-05-15 18:54:13.379438,C0488,P054,9.0,64.26959982446104
ORD001919,2026-09-22 18:54:13.379438,C0354,P002,4.0,51.25378619718461
ORD001920,2026-04-17 18:54:13.379438,C0019,P050,4.0,255.87933486405308
ORD001921,2026-06-20 18:54:13.379438,C0859,P041,7.0,34.34225382228277
ORD001922,2026-04-05 18:54:13.379438,C0393,P045,6.0,438.69688888853926
ORD001923,2026-07-31 18:54:13.379438,C0837,P009,4.0,464.7667366300134
ORD001924,2026-05-10 18:54:13.379438,C0261,P062,6.0,42.980141597419916
ORD001925,2026-06-11 18:54:13.379438,C0985,P086,3.0,33.16951410850555
ORD001926,2026-09-16 18:54:13.379438,C0410,P047,7.0,118.49473233132102
ORD001927,2026-05-14 18:54:13.379438,C0403,P005,6.0,465.67959586689875
ORD001928,2026-06-04 18:54:13.379438,C0670,P076,3.0,386.81716721497213
ORD001929,2026-06-02 18:54:13.379438,C0484,P001,1.0,341.4839157535704
ORD001930,2026-08-06 18:54:13.379438,C0304,P044,5.0,390.4101329671949
ORD001931,2026-07-23 18:54:13.379438,C0624,P022,2.0,107.74362313300999
ORD001932,2026-04-17 18:54:13.379438,C0656,P038,7.0,135.72829783246416
ORD001933,2026-06-26 18:54:13.379438,C0768,P019,7.0,165.6380315835936
ORD001934,2026-08-11 18:54:13.379438,C0967,P080,4.0,306.4822976241479
ORD001935,2026-06-12 18:54:13.379438,C0018,P031,6.0,308.0278321348044
ORD001936,2026-08-26 18:54:13.379438,C0184,P067,1.0,112.21778629037381
ORD001937,2026-08-04 18:54:13.379438,C0405,P087,2.0,223.99631480955023
ORD001938,2026-07-01 18:54:13.379438,C0799,P042,6.0,348.10974554309786
ORD001939,2026-05-01 18:54:13.379438,C0897,P082,2.0,161.71345237446698
ORD001940,2026-06-08 18:54:13.379438,C0131,P026,4.0,46.98376865355708
ORD001941,2026-09-13 18:54:13.379438,C0479,P013,4.0,106.72108975145095
ORD001942,2026-04-08 18:54:13.379438,C0793,P058,9.0,90.72045357504257
ORD001943,2026-09-18 18:54:13.379438,C0757,P018,7.0,319.651966671908
ORD001944,2026-09-14 18:54:13.379438,C0008,P067,7.0,43.58900373921215
ORD001945,2026-05-18 18:54:13.379438,C0705,P087,1.0,443.5272919196784
ORD001946,2026-09-01 18:54:13.379438,C0318,P003,5.0,51.34969794212377
ORD001947,2026-05-20 18:54:13.379438,C0391,P055,3.0,302.97577177303936
ORD001948,2026-05-04 18:54:13.379438,C0519,P089,3.0,465.47099123284954
ORD001949,2026-08-20 18:54:13.379438,C0136,P091,6.0,40.58723506566754
ORD001950,2026-04-13 18:54:13.379438,C0531,P058,4.0,197.72138980760866
ORD001951,2026-07-30 18:54:13.379438,C0913,P063,8.0,170.69343855189592
ORD001952,2026-04-17 18:54:13.379438,C0651,P091,4.0,178.662299197602
ORD001953,2026-06-22 18:54:13.379438,C0367,P052,8.0,304.152618051841
ORD001954,2026-07-05 18:54:13.379438,C0489,P089,4.0,138.43051677640494
ORD001955,2026-04-13 18:54:13.379438,C0689,P024,3.0,23.388249069457316
ORD001956,2026-06-18 18:54:13.379438,C0011,P072,5.0,481.5147678565383
ORD001957,2026-07-06 18:54:13.379438,C0998,P009,5.0,376.9002330248668
ORD001958,2026-07-17 18:54:13.379438,C0553,P037,1.0,76.21252019548024
ORD001959,2026-04-04 18:54:13.379438,C0446,P094,8.0,233.02685821970172
ORD001960,2026-08-14 18:54:13.379438,C0114,P083,8.0,40.73364927405137
ORD001961,2026-04-23 18:54:13.379438,C0692,P053,8.0,23.649602384772383
ORD001962,2026-04-11 18:54:13.379438,C0706,P080,4.0,33.28074840281407
ORD001963,2026-09-21 18:54:13.379438,C0196,P024,9.0,380.33108891505776
ORD001964,2026-04-04 18:54:13.379438,C0860,P021,3.0,228.01273906088804
ORD001965,2026-05-30 18:54:13.379438,C0737,P040,7.0,423.7544884486098
ORD001966,2026-06-06 18:54:13.379438,C0843,P062,6.0,159.55540099644702
ORD001967,2026-07-30 18:54:13.379438,C0323,P070,9.0,389.90765160297116
ORD001968,2026-05-01 18:54:13.379438,C0936,P069,4.0,48.18793339555001
ORD001969,2026-08-02 18:54:13.379438,C0773,P014,4.0,321.20299723461807
ORD001970,2026-07-19 18:54:13.379438,C0512,P042,6.0,186.6949376538821
ORD001971,2026-09-15 18:54:13.379438,C0628,P050,8.0,145.5952140343002
ORD001972,2026-09-25 18:54:13.379438,C0981,P061,3.0,409.4034561338067
ORD001973,2026-09-15 18:54:13.379438,C0662,P004,8.0,35.441838606829684
ORD001974,2026-05-22 18:54:13.379438,C0630,P072,8.0,475.2704157362496
ORD001975,2026-08-01 18:54:13.379438,C0165,P088,7.0,394.9173272726054
ORD001976,2026-05-17 18:54:13.379438,C0252,P075,7.0,184.24854422434018
ORD001977,2026-05-29 18:54:13.379438,C0779,P017,5.0,495.7531658127136
ORD001978,2026-09-06 18:54:13.379438,C0044,P085,2.0,109.21972716767436
ORD001979,2026-07-23 18:54:13.379438,C0470,P057,2.0,207.18286651365005
ORD001980,2026-08-15 18:54:13.379438,C0489,P090,8.0,443.5909727834537
ORD001981,2026-07-20 18:54:13.379438,C0181,P048,6.0,498.4354715532381
ORD001982,2026-08-29 18:54:13.379438,C0077,P044,8.0,127.16528245883882
ORD001983,2026-07-26 18:54:13.379438,C0374,P045,3.0,374.1255691229373
ORD001984,2026-06-20 18:54:13.379438,C0628,P091,1.0,159.8073720114217
ORD001985,2026-08-11 18:54:13.379438,C0957,P080,6.0,385.5716086496669
ORD001986,2026-05-10 18:54:13.379438,C0067,P090,2.0,71.38916725212042
ORD001987,2026-04-23 18:54:13.379438,C0525,P033,9.0,174.72326754953727
ORD001988,2026-04-29 18:54:13.379438,C0092,P031,5.0,46.749796921696856
ORD001989,2026-05-02 18:54:13.379438,C0758,P047,5.0,251.029490917741
ORD001990,2026-04-04 18:54:13.379438,C0779,P006,8.0,353.7352708493366
ORD001991,2026-07-31 18:54:13.379438,C0651,P072,6.0,195.52188327765086
ORD001992,2026-05-08 18:54:13.379438,C0853,P071,3.0,311.2112932511495
ORD001993,2026-06-01 18:54:13.379438,C0244,P034,9.0,288.8525135036915
ORD001994,2026-06-11 18:54:13.379438,C0341,P053,4.0,154.35229353451132
ORD001995,2026-09-11 18:54:13.379438,C0903,P014,4.0,248.5213120714842
ORD001996,2026-09-29 18:54:13.379438,C0785,P016,2.0,43.81933106958707
ORD001997,2026-04-15 18:54:13.379438,C0304,P043,3.0,235.35750709025646
ORD001998,2026-04-23 18:54:13.379438,C0398,P073,4.0,234.5128522131456
ORD001999,2026-05-16 18:54:13.379438,C0703,P074,7.0,24.071776320133914
ORD002000,2026-08-07 18:54:13.379438,C0448,P081,3.0,261.7978915770865
ORD002001,2026-05-23 18:54:13.379438,C0097,P012,8.0,371.4698963188902
ORD002002,2026-05-02 18:54:13.379438,C0331,P070,8.0,231.60356566993073
ORD002003,2026-05-12 18:54:13.379438,C0205,P019,2.0,326.55250547372475
ORD002004,2026-09-21 18:54:13.379438,C0449,P041,4.0,270.8862746476051
ORD002005,2026-09-28 18:54:13.379438,C0418,P053,8.0,394.73759957229765
ORD002006,2026-09-01 18:54:13.379438,C0649,P029,1.0,262.08307997531114
ORD002007,2026-09-22 18:54:13.379438,C0077,P070,1.0,172.4884169123785
ORD002008,2026-05-11 18:54:13.379438,C0896,P059,-1.0,415.5086970926543
ORD002009,2026-06-26 18:54:13.379438,C0549,P089,2.0,43.134493196444275
ORD002010,2026-09-01 18:54:13.379438,C0798,P064,1.0,151.83356047879096
ORD002011,2026-08-09 18:54:13.379438,C0425,P024,8.0,299.827371465888
ORD002012,2026-08-07 18:54:13.379438,C0429,P089,2.0,429.45299330415946
ORD002013,2026-05-18 18:54:13.379438,C0485,P016,4.0,45.34950022635035
ORD002014,2026-05-25 18:54:13.379438,C0815,P052,3.0,57.065937042701584
ORD002015,2026-06-22 18:54:13.379438,C0135,P080,2.0,148.36866041717064
ORD002016,2026-09-28 18:54:13.379438,C0654,P006,8.0,178.84025755593498
ORD002017,2026-08-05 18:54:13.379438,C0254,P037,3.0,423.3337401846856
ORD002018,2026-07-31 18:54:13.379438,C0560,P085,9.0,479.86257641558433
ORD002019,2026-04-11 18:54:13.379438,C0255,P004,5.0,18.442057015073335
ORD002020,2026-06-27 18:54:13.379438,C0646,P098,9.0,17.52449457391197
ORD002021,2026-08-10 18:54:13.379438,C0802,P092,3.0,433.7570611490867
ORD002022,2026-04-11 18:54:13.379438,C0720,P038,5.0,76.4523169011623
ORD002023,2026-09-07 18:54:13.379438,C0499,P041,6.0,176.2747190190443
ORD002024,2026-07-08 18:54:13.379438,C0613,P092,9.0,144.85462840907056
ORD002025,2026-07-14 18:54:13.379438,C0484,P081,8.0,148.1154258938268
ORD002026,2026-04-08 18:54:13.379438,C0046,P014,2.0,171.01003009378468
ORD002027,2026-06-28 18:54:13.379438,C0443,P071,2.0,174.66263016687506
ORD002028,2026-09-25 18:54:13.379438,C0582,P086,5.0,313.87636130039664
ORD002029,2026-05-07 18:54:13.379438,C0648,P051,5.0,318.1042133683708
ORD002030,2026-05-28 18:54:13.379438,C0792,P065,5.0,266.21707839187076
ORD002031,2026-07-31 18:54:13.379438,C0579,P093,4.0,430.685372147639
ORD002032,2026-09-21 18:54:13.379438,C0004,P052,8.0,424.3792047270468
ORD002033,2026-09-08 18:54:13.379438,C0736,P095,5.0,116.43652635550016
ORD002034,2026-07-26 18:54:13.379438,C0001,P030,1.0,276.3833831850401
ORD002035,2026-08-26 18:54:13.379438,C0290,P057,5.0,394.0801748552385
ORD002036,2026-04-29 18:54:13.379438,C0109,P079,1.0,434.76842501088123
ORD002037,2026-08-17 18:54:13.379438,C0777,P082,4.0,135.04102880580115
ORD002038,2026-05-20 18:54:13.379438,C0575,P099,1.0,252.1090732047595
ORD002039,2026-07-25 18:54:13.379438,C0460,P030,6.0,267.26336891777254
ORD002040,2026-06-18 18:54:13.379438,C0266,P098,6.0,352.8227759277487
ORD002041,2026-06-14 18:54:13.379438,C0138,P042,1.0,171.82702612975694
ORD002042,2026-07-01 18:54:13.379438,C0434,P011,8.0,153.79138165293037
ORD002043,2026-05-19 18:54:13.379438,C0044,P027,4.0,355.742767993665
ORD002044,2026-05-06 18:54:13.379438,C0886,P024,2.0,205.67438696496677
ORD002045,2026-04-04 18:54:13.379438,C0510,P099,1.0,11.97173427017508
ORD002046,2026-08-28 18:54:13.379438,C0944,P039,3.0,469.5448237120026
ORD002047,2026-05-04 18:54:13.379438,C0983,P072,7.0,83.32629289609093
ORD002048,2026-08-23 18:54:13.379438,C0262,P018,8.0,82.8307168182907
ORD002049,2026-05-26 18:54:13.379438,C0728,P077,5.0,410.9992427536014
ORD002050,2026-05-21 18:54:13.379438,C0633,P045,7.0,174.39638718102074
ORD002051,2026-06-11 18:54:13.379438,C0152,P088,2.0,170.80590024294952
ORD002052,2026-07-17 18:54:13.379438,C0213,P087,4.0,314.9737496163426
ORD002053,2026-07-02 18:54:13.379438,C0234,P012,6.0,38.92893994127381
ORD002054,2026-06-05 18:54:13.379438,C0863,P049,5.0,126.11124562495667
ORD002055,2026-06-15 18:54:13.379438,C0623,P094,6.0,36.10287007248907
ORD002056,2026-09-11 18:54:13.379438,C0954,P031,2.0,152.8397342453003
ORD002057,2026-09-19 18:54:13.379438,C0361,P092,7.0,436.2657776549348
ORD002058,2026-07-01 18:54:13.379438,C0320,P022,8.0,455.5729467716706
ORD002059,2026-09-26 18:54:13.379438,C0222,P044,9.0,161.62398041721093
ORD002060,2026-04-16 18:54:13.379438,C0952,P092,6.0,101.91748118217085
ORD002061,2026-06-15 18:54:13.379438,C0738,P064,7.0,76.28523423043391
ORD002062,2026-06-19 18:54:13.379438,C0210,P077,1.0,203.26536919856682
ORD002063,2026-09-09 18:54:13.379438,C0396,P025,9.0,414.93907954231383
ORD002064,2026-06-10 18:54:13.379438,C0931,P051,6.0,427.8050824775053
ORD002065,2026-07-10 18:54:13.379438,C0583,P007,4.0,32.504712234623156
ORD002066,2026-08-06 18:54:13.379438,C0489,P006,9.0,112.52213957155405
ORD002067,2026-07-14 18:54:13.379438,C0872,P024,1.0,109.5534250389023
ORD002068,2026-08-13 18:54:13.379438,C0601,P019,2.0,415.9307882078796
ORD002069,2026-07-14 18:54:13.379438,C0774,P083,3.0,233.58323478041504
ORD002070,2026-04-22 18:54:13.379438,C0961,P009,1.0,190.51366365823137
ORD002071,2026-06-24 18:54:13.379438,C0878,P036,2.0,478.7368866249776
ORD002072,2026-08-22 18:54:13.379438,C0464,P040,2.0,463.4250757488655
ORD002073,2026-04-26 18:54:13.379438,C0700,P093,7.0,225.6522764949007
ORD002074,2026-06-25 18:54:13.379438,C0624,P024,6.0,72.88259474142124
ORD002075,2026-07-21 18:54:13.379438,C0452,P048,9.0,93.79170853519867
ORD002076,2026-06-17 18:54:13.379438,C0413,P063,5.0,64.92111945729866
ORD002077,2026-08-10 18:54:13.379438,C0934,P069,9.0,343.44690300952556
ORD002078,2026-06-30 18:54:13.379438,C0751,P053,9.0,281.79667331374117
ORD002079,2026-05-27 18:54:13.379438,C0476,P054,2.0,282.7557939253761
ORD002080,2026-07-01 18:54:13.379438,C0256,P042,9.0,58.20514882591358
ORD002081,2026-08-24 18:54:13.379438,C0150,P045,3.0,398.704728463695
ORD002082,2026-06-07 18:54:13.379438,C0127,P090,3.0,272.4307172752063
ORD002083,2026-06-18 18:54:13.379438,C0392,P014,9.0,54.57490620439551
ORD002084,2026-08-24 18:54:13.379438,C0831,P029,7.0,376.0940873472847
ORD002085,2026-08-30 18:54:13.379438,C0480,P006,8.0,490.8360712746834
ORD002086,2026-08-28 18:54:13.379438,C0993,P007,7.0,226.17845047635848
ORD002087,2026-06-02 18:54:13.379438,C0397,P037,9.0,66.67076496921513
ORD002088,2026-07-05 18:54:13.379438,C0923,P053,8.0,59.68558577708277
ORD002089,2026-09-11 18:54:13.379438,C0402,P018,4.0,22.68096911371662
ORD002090,2026-05-22 18:54:13.379438,C0274,P087,2.0,387.4950917621106
ORD002091,2026-05-08 18:54:13.379438,C0845,P038,5.0,350.06048861192403
ORD002092,2026-09-22 18:54:13.379438,C0982,P059,2.0,296.2772519962743
ORD002093,2026-07-14 18:54:13.379438,C0958,P001,4.0,385.15836845388856
ORD002094,2026-04-14 18:54:13.379438,C0910,P068,2.0,499.65585753029984
ORD002095,2026-07-11 18:54:13.379438,C0139,P044,5.0,206.90548939424875
ORD002096,2026-07-22 18:54:13.379438,C0103,P047,6.0,355.84701031461304
ORD002097,2026-06-16 18:54:13.379438,C0242,P035,1.0,194.80918659054325
ORD002098,2026-09-24 18:54:13.379438,C0117,P087,8.0,182.50836405822915
ORD002099,2026-04-12 18:54:13.379438,C0214,P091,2.0,426.9508474832264
ORD002100,2026-04-06 18:54:13.379438,C0484,P060,5.0,291.6339393275061
ORD002101,2026-06-27 18:54:13.379438,C0529,P090,8.0,69.10050384787081
ORD002102,2026-04-29 18:54:13.379438,C0691,P052,5.0,207.72283897933244
ORD002103,2026-06-14 18:54:13.379438,C0224,P008,3.0,400.31161656848224
ORD002104,2026-05-21 18:54:13.379438,C0270,P080,6.0,470.59907833706916
ORD002105,2026-09-06 18:54:13.379438,C0825,P041,1.0,311.0697830738141
ORD002106,2026-07-29 18:54:13.379438,C0861,P003,1.0,203.16471759388938
ORD002107,2026-09-04 18:54:13.379438,C0134,P096,8.0,133.47137188163094
ORD002108,2026-09-03 18:54:13.379438,C0114,P069,7.0,216.79161208861134
ORD002109,2026-04-15 18:54:13.379438,C0441,P084,3.0,287.1706941235786
ORD002110,2026-08-14 18:54:13.379438,C0644,P014,8.0,12.164200782039915
ORD002111,2026-05-21 18:54:13.379438,C0651,P096,8.0,141.65213248973657
ORD002112,2026-05-10 18:54:13.379438,C0365,P026,1.0,339.04281052751406
ORD002113,2026-05-17 18:54:13.379438,C0232,P070,7.0,339.88251456377094
ORD002114,2026-04-18 18:54:13.379438,C0458,P058,2.0,329.97329384603484
ORD002115,2026-05-16 18:54:13.379438,C0375,P040,2.0,475.47175627175056
ORD002116,2026-09-26 18:54:13.379438,C0604,P051,2.0,288.587373547585
ORD002117,2026-06-29 18:54:13.379438,C0779,P005,5.0,142.16674488311077
ORD002118,2026-06-12 18:54:13.379438,C0611,P077,7.0,407.69021956446716
ORD002119,2026-05-19 18:54:13.379438,C0207,P032,4.0,200.79489812065464
ORD002120,2026-07-20 18:54:13.379438,C0520,P080,4.0,127.25235885179939
ORD002121,2026-08-04 18:54:13.379438,C0468,P001,9.0,282.80702196520025
ORD002122,2026-09-21 18:54:13.379438,C0882,P077,9.0,151.6268712349279
ORD002123,2026-04-24 18:54:13.379438,C0443,P054,7.0,204.1184186753482
ORD002124,2026-09-01 18:54:13.379438,C0917,P011,4.0,349.6472036034415
ORD002125,2026-07-19 18:54:13.379438,C0321,P053,8.0,498.01457712995153
ORD002126,2026-06-22 18:54:13.379438,C0093,P008,3.0,325.9184809731662
ORD002127,2026-05-20 18:54:13.379438,C0408,P025,3.0,145.4751527424516
ORD002128,2026-07-29 18:54:13.379438,C0158,P040,7.0,54.32811484625992
ORD002129,2026-08-05 18:54:13.379438,C0872,P032,9.0,187.3641395676985
ORD002130,2026-08-24 18:54:13.379438,C0099,P088,4.0,19.462235921160445
ORD002131,2026-04-28 18:54:13.379438,C0225,P028,4.0,237.72982024474513
ORD002132,2026-05-09 18:54:13.379438,C0852,P078,1.0,333.3920458915234
ORD002133,2026-05-24 18:54:13.379438,C0441,P003,1.0,260.78002846663026
ORD002134,2026-04-18 18:54:13.379438,C0720,P091,3.0,433.9883280209711
ORD002135,2026-06-10 18:54:13.379438,C0585,P084,7.0,252.08454257135807
ORD002136,2026-04-24 18:54:13.379438,C0991,P079,9.0,236.56622975089758
ORD002137,2026-08-22 18:54:13.379438,C0401,P062,4.0,161.74181826670053
ORD002138,2026-04-22 18:54:13.379438,C0571,P027,2.0,420.43071494779826
ORD002139,2026-05-07 18:54:13.379438,C0799,P045,6.0,452.7633488489819
ORD002140,2026-06-20 18:54:13.379438,C0064,P092,6.0,489.1801807905029
ORD002141,2026-08-06 18:54:13.379438,C0768,P025,9.0,490.79240808604044
ORD002142,2026-07-29 18:54:13.379438,C0560,P061,4.0,490.407576781141
ORD002143,2026-05-25 18:54:13.379438,C0279,P044,8.0,358.8598680676266
ORD002144,2026-04-30 18:54:13.379438,C0710,P097,3.0,285.6999220438242
ORD002145,2026-09-07 18:54:13.379438,C0670,P046,2.0,94.44878727016552
ORD002146,2026-09-06 18:54:13.379438,C0823,P014,9.0,385.86095773109975
ORD002147,2026-05-08 18:54:13.379438,C0519,P008,6.0,370.0912718817478
ORD002148,2026-08-17 18:54:13.379438,C0248,P048,8.0,422.7770572742822
ORD002149,2026-08-25 18:54:13.379438,C0368,P014,9.0,236.60102699286736
ORD002150,2026-07-18 18:54:13.379438,C0744,P065,1.0,447.28651453288086
ORD002151,2026-09-14 18:54:13.379438,C0618,P080,1.0,362.15042900791633
ORD002152,2026-09-08 18:54:13.379438,C0971,P082,5.0,93.85141549691461
ORD002153,2026-08-27 18:54:13.379438,C0098,P007,9.0,111.38272329555159
ORD002154,2026-04-05 18:54:13.379438,C0268,P079,7.0,408.9901053073044
ORD002155,2026-09-27 18:54:13.379438,C0060,P088,7.0,218.58977019463003
ORD002156,2026-06-19 18:54:13.379438,C0500,P049,2.0,132.0163438555349
ORD002157,2026-08-13 18:54:13.379438,C0308,P055,3.0,217.06248534406788
ORD002158,2026-07-02 18:54:13.379438,C0493,P013,4.0,89.07508950521424
ORD002159,2026-07-01 18:54:13.379438,C0411,P073,2.0,446.95097298417534
ORD002160,2026-07-06 18:54:13.379438,C0140,P056,9.0,45.05431358284737
ORD002161,2026-04-10 18:54:13.379438,C0909,P056,5.0,183.0883424611503
ORD002162,2026-07-07 18:54:13.379438,C0328,P015,7.0,282.89509205993426
ORD002163,2026-07-20 18:54:13.379438,C0464,P057,9.0,438.0863566641095
ORD002164,2026-06-16 18:54:13.379438,C0702,P058,5.0,392.95895558056367
ORD002165,2026-05-12 18:54:13.379438,C0637,P035,6.0,20.98755618294446
ORD002166,2026-08-22 18:54:13.379438,C0925,P088,4.0,414.37158993737734
ORD002167,2026-09-09 18:54:13.379438,C0163,P097,8.0,322.67883228131836
ORD002168,2026-06-13 18:54:13.379438,C0060,P016,1.0,75.34071517571813
ORD002169,2026-05-29 18:54:13.379438,C0925,P008,1.0,312.5640040979166
ORD002170,2026-09-20 18:54:13.379438,C0031,P093,5.0,410.7681665198882
ORD002171,2026-05-15 18:54:13.379438,C0333,P087,9.0,305.03481663504266
ORD002172,2026-05-09 18:54:13.379438,C0076,P045,2.0,499.58190536157724
ORD002173,2026-06-26 18:54:13.379438,C0755,P095,3.0,258.43167660047914
ORD002174,2026-07-30 18:54:13.379438,C0317,P040,8.0,339.83422918975845
ORD002175,2026-04-10 18:54:13.379438,C0770,P054,5.0,44.48302136160683
ORD002176,2026-05-27 18:54:13.379438,C0417,P014,3.0,408.46710461667817
ORD002177,2026-08-10 18:54:13.379438,C0968,P059,6.0,315.8104816280916
ORD002178,2026-09-22 18:54:13.379438,C0190,P094,6.0,285.0089739702513
ORD002179,2026-08-01 18:54:13.379438,C0489,P053,5.0,357.31626837839667
ORD002180,2026-09-23 18:54:13.379438,C0889,P027,5.0,284.6497832923825
ORD002181,2026-07-18 18:54:13.379438,C0315,P047,6.0,385.56119342503297
ORD002182,2026-05-20 18:54:13.379438,C0296,P080,2.0,295.92264080151466
ORD002183,2026-08-04 18:54:13.379438,C0501,P006,6.0,264.82637807912397
ORD002184,2026-08-22 18:54:13.379438,C0177,P055,2.0,76.15954751362669
ORD002185,2026-07-31 18:54:13.379438,C0800,P097,3.0,241.19707446449289
ORD002186,2026-08-31 18:54:13.379438,C0806,P044,2.0,273.7349842505236
ORD002187,2026-07-30 18:54:13.379438,C0860,P018,1.0,316.0411612354922
ORD002188,2026-04-24 18:54:13.379438,C0719,P016,1.0,233.38716003480437
ORD002189,2026-08-18 18:54:13.379438,C0215,P012,9.0,81.85528616143023
ORD002190,2026-04-29 18:54:13.379438,C0856,P020,4.0,83.67768426501326
ORD002191,2026-04-12 18:54:13.379438,C0653,P045,5.0,363.28399726712473
ORD002192,2026-04-18 18:54:13.379438,C0597,P064,7.0,334.1091519489863
ORD002193,2026-04-13 18:54:13.379438,C0694,P059,2.0,137.15466753090305
ORD002194,2026-08-03 18:54:13.379438,C0332,P093,9.0,228.47022134298354
ORD002195,2026-08-02 18:54:13.379438,C0128,P094,4.0,160.40926442867675
ORD002196,2026-08-06 18:54:13.379438,C0269,P090,1.0,98.70119974009359
ORD002197,2026-09-20 18:54:13.379438,C0551,P022,8.0,169.8201533416757
ORD002198,2026-06-14 18:54:13.379438,C0535,P097,4.0,138.7176430878491
ORD002199,2026-09-02 18:54:13.379438,C0754,P047,7.0,50.38953383719676
ORD002200,2026-05-22 18:54:13.379438,C0366,P029,3.0,257.1984206094402
ORD002201,2026-09-04 18:54:13.379438,C0619,P086,9.0,230.93318597004264
ORD002202,2026-07-03 18:54:13.379438,C0348,P045,5.0,360.15808171391546
ORD002203,2026-05-10 18:54:13.379438,C0142,P077,5.0,313.9497776116552
ORD002204,2026-06-10 18:54:13.379438,C0145,P009,3.0,178.25530552701355
ORD002205,2026-05-23 18:54:13.379438,C0792,P024,9.0,253.18905851685716
ORD002206,2026-09-02 18:54:13.379438,C0245,P015,3.0,272.68072546599564
ORD002207,2026-04-22 18:54:13.379438,C0442,P036,2.0,459.5988177419276
ORD002208,2026-07-12 18:54:13.379438,C0703,P013,9.0,491.03022771069277
ORD002209,2026-06-02 18:54:13.379438,C0290,P091,9.0,409.6159727326111
ORD002210,2026-09-17 18:54:13.379438,C0691,P044,4.0,285.43123054368095
ORD002211,2026-07-01 18:54:13.379438,C0112,P071,4.0,464.77235289076003
ORD002212,2026-08-27 18:54:13.379438,C0214,P072,6.0,97.27523205029831
ORD002213,2026-08-28 18:54:13.379438,C0650,P078,9.0,351.28307902416236
ORD002214,2026-09-14 18:54:13.379438,C0886,P076,8.0,235.62918105027103
ORD002215,2026-06-11 18:54:13.379438,C0200,P036,3.0,80.92697238906044
ORD002216,2026-09-25 18:54:13.379438,C0405,P061,6.0,46.85289371232075
ORD002217,2026-05-22 18:54:13.379438,C0421,P081,7.0,245.56350015710774
ORD002218,2026-07-20 18:54:13.379438,C0007,P040,6.0,127.09490994333514
ORD002219,2026-09-11 18:54:13.379438,C0858,P093,3.0,132.74806679720336
ORD002220,2026-07-31 18:54:13.379438,C0525,P027,9.0,166.90627479590523
ORD002221,2026-08-30 18:54:13.379438,C0592,P001,4.0,361.9984672680045
ORD002222,2026-08-31 18:54:13.379438,C0286,P034,2.0,90.40390476150063
ORD002223,2026-09-26 18:54:13.379438,C0671,P068,9.0,361.602383972292
ORD002224,2026-05-10 18:54:13.379438,C0389,P088,3.0,393.52786424697274
ORD002225,2026-08-24 18:54:13.379438,C0416,P021,6.0,301.29524720963116
ORD002226,2026-09-13 18:54:13.379438,C0784,P033,5.0,131.30318902334085
ORD002227,2026-09-10 18:54:13.379438,C0713,P007,2.0,35.25093883475613
ORD002228,2026-04-14 18:54:13.379438,C0150,P065,1.0,209.89310468397554
ORD002229,2026-08-19 18:54:13.379438,C0960,P003,9.0,425.2481582405151
ORD002230,2026-06-20 18:54:13.379438,C0428,P051,3.0,59.91643087684116
ORD002231,2026-06-19 18:54:13.379438,C0808,P079,7.0,374.9670779070301
ORD002232,2026-09-03 18:54:13.379438,C0293,P095,9.0,239.26600591324456
ORD002233,2026-04-05 18:54:13.379438,C0334,P054,9.0,450.4282065235098
ORD002234,2026-06-06 18:54:13.379438,C0272,P080,6.0,184.53706836671415
ORD002235,2026-05-08 18:54:13.379438,C0043,P074,8.0,355.32692780946456
ORD002236,2026-04-10 18:54:13.379438,C0468,P093,9.0,372.6584944623689
ORD002237,2026-06-27 18:54:13.379438,C0319,P059,3.0,107.3834393583386
ORD002238,2026-08-27 18:54:13.379438,C0492,P006,6.0,87.49199361398995
ORD002239,2026-06-09 18:54:13.379438,C0527,P029,5.0,55.43826213151293
ORD002240,2026-05-15 18:54:13.379438,C0760,P017,7.0,353.77534823055714
ORD002241,2026-07-30 18:54:13.379438,C0172,P060,7.0,278.59372279328863
ORD002242,2026-08-06 18:54:13.379438,C0730,P022,9.0,52.49219854635042
ORD002243,2026-09-17 18:54:13.379438,C0649,P024,1.0,161.08373394113892
ORD002244,2026-09-19 18:54:13.379438,C0321,P081,6.0,79.7497454972678
ORD002245,2026-04-27 18:54:13.379438,C0739,P085,5.0,55.413701312319965
ORD002246,2026-05-19 18:54:13.379438,C0044,P051,4.0,156.3978706560749
ORD002247,2026-04-22 18:54:13.379438,C0532,P050,1.0,57.185045887973295
ORD002248,2026-06-10 18:54:13.379438,C0631,P011,4.0,137.49114062640456
ORD002249,2026-07-14 18:54:13.379438,C0454,P056,7.0,280.8323915965141
ORD002250,2026-05-15 18:54:13.379438,C0746,P071,4.0,284.8430613008473
ORD002251,2026-05-05 18:54:13.379438,C0970,P042,1.0,92.32112742305635
ORD002252,2026-09-17 18:54:13.379438,C0880,P039,1.0,103.59662442835894
ORD002253,2026-07-21 18:54:13.379438,C0891,P069,1.0,428.93606831445675
ORD002254,2026-05-09 18:54:13.379438,C0929,P048,5.0,91.79810037619707
ORD002255,2026-07-09 18:54:13.379438,C0848,P057,7.0,32.4133187163258
ORD002256,2026-09-14 18:54:13.379438,C0868,P021,9.0,129.96221658192175
ORD002257,2026-08-12 18:54:13.379438,C0774,P082,8.0,292.4489369119515
ORD002258,2026-06-15 18:54:13.379438,C0083,P099,2.0,13.539987700318655
ORD002259,2026-08-17 18:54:13.379438,C0543,P020,9.0,492.64366401647504
ORD002260,2026-07-09 18:54:13.379438,C0322,P015,4.0,122.89090915552346
ORD002261,2026-08-04 18:54:13.379438,C0786,P069,5.0,126.67758891398886
ORD002262,2026-06-12 18:54:13.379438,C0234,P077,5.0,371.9225748563645
ORD002263,2026-09-19 18:54:13.379438,C0540,P051,4.0,131.60775253923995
ORD002264,2026-04-16 18:54:13.379438,C0252,P076,6.0,204.1141741141374
ORD002265,2026-05-22 18:54:13.379438,C0836,P062,1.0,276.5201574371457
ORD002266,2026-06-02 18:54:13.379438,C0765,P085,2.0,20.717511208424632
ORD002267,2026-08-11 18:54:13.379438,C0449,P037,4.0,420.2733868143741
ORD002268,2026-04-08 18:54:13.379438,C0239,P006,4.0,260.9048814550039
ORD002269,2026-09-22 18:54:13.379438,C0490,P071,8.0,163.3302996996535
ORD002270,2026-04-30 18:54:13.379438,C0882,P026,9.0,205.89544767611608
ORD002271,2026-09-10 18:54:13.379438,C0464,P008,4.0,37.3541139013608
ORD002272,2026-08-30 18:54:13.379438,C0941,P073,6.0,361.8107405906424
ORD002273,2026-04-11 18:54:13.379438,C0314,P091,4.0,274.3571554679736
ORD002274,2026-05-23 18:54:13.379438,C0175,P004,4.0,457.8558062473397
ORD002275,2026-06-09 18:54:13.379438,C0706,P021,9.0,237.45155156569152
ORD002276,2026-05-17 18:54:13.379438,C0180,P031,4.0,415.9167505300919
ORD002277,2026-08-06 18:54:13.379438,C0932,P021,6.0,102.28098670706751
ORD002278,2026-05-31 18:54:13.379438,C0385,P025,9.0,37.68958902039128
ORD002279,2026-04-06 18:54:13.379438,C0295,P015,3.0,474.73566064457697
ORD002280,2026-06-28 18:54:13.379438,C0215,P035,7.0,135.90946271212545
ORD002281,2026-06-12 18:54:13.379438,C0986,P049,7.0,418.45602520068
ORD002282,2026-08-11 18:54:13.379438,C0715,P043,1.0,136.09352286821016
ORD002283,2026-09-22 18:54:13.379438,C0762,P041,2.0,86.36243060803214
ORD002284,2026-04-05 18:54:13.379438,C0874,P037,5.0,368.94013838051535
ORD002285,2026-07-14 18:54:13.379438,C0769,P057,8.0,391.4190037441227
ORD002286,2026-05-08 18:54:13.379438,C0075,P042,6.0,423.37024043929546
ORD002287,2026-07-10 18:54:13.379438,C0344,P047,7.0,433.7856544956887
ORD002288,2026-05-03 18:54:13.379438,C0714,P092,3.0,246.7342851760211
ORD002289,2026-07-28 18:54:13.379438,C0142,P061,6.0,206.10627683409567
ORD002290,2026-04-11 18:54:13.379438,C0718,P014,9.0,377.97479350659756
ORD002291,2026-08-31 18:54:13.379438,C0199,P068,3.0,288.99929279279763
ORD002292,2026-05-17 18:54:13.379438,C0919,P053,6.0,482.9892324980582
ORD002293,2026-05-09 18:54:13.379438,C0171,P084,7.0,194.15964554642719
ORD002294,2026-06-19 18:54:13.379438,C0406,P034,5.0,31.009010119943067
ORD002295,2026-05-04 18:54:13.379438,C0828,P076,8.0,298.7592406354751
ORD002296,2026-05-20 18:54:13.379438,C0228,P097,8.0,183.20010350957773
ORD002297,2026-05-28 18:54:13.379438,C0411,P024,6.0,177.91010006140507
ORD002298,2026-07-18 18:54:13.379438,C0952,P020,7.0,286.61434836607407
ORD002299,2026-09-08 18:54:13.379438,C0898,P069,3.0,461.67283287354286
ORD002300,2026-08-02 18:54:13.379438,C0935,P030,7.0,140.80955746795667
ORD002301,2026-05-28 18:54:13.379438,C0691,P088,7.0,196.00075351846166
ORD002302,2026-08-25 18:54:13.379438,C0878,P007,4.0,446.7123286164322
ORD002303,2026-04-15 18:54:13.379438,C0787,P036,4.0,448.6573764961654
ORD002304,2026-08-26 18:54:13.379438,C0062,P038,3.0,124.94864419887784
ORD002305,2026-08-25 18:54:13.379438,C0327,P080,7.0,356.10198773738995
ORD002306,2026-08-21 18:54:13.379438,C0716,P052,5.0,213.62486217579774
ORD002307,2026-08-17 18:54:13.379438,C0963,P015,3.0,468.64027112003873
ORD002308,2026-04-06 18:54:13.379438,C0959,P046,6.0,368.8002026042571
ORD002309,2026-08-25 18:54:13.379438,C0879,P023,6.0,252.23310491717157
ORD002310,2026-05-03 18:54:13.379438,C0133,P012,6.0,410.53156091280493
ORD002311,2026-04-26 18:54:13.379438,C0584,P093,2.0,498.96048407830915
ORD002312,2026-07-04 18:54:13.379438,C0590,P044,7.0,229.05121984022497
ORD002313,2026-07-27 18:54:13.379438,C0189,P015,7.0,193.02107946256004
ORD002314,2026-07-16 18:54:13.379438,C0356,P093,4.0,307.4476884143846
ORD002315,2026-07-30 18:54:13.379438,C0071,P049,6.0,344.7104103442703
ORD002316,2026-04-08 18:54:13.379438,C0263,P021,4.0,355.1797768068058
ORD002317,2026-07-16 18:54:13.379438,C0306,P015,4.0,242.05562082472224
ORD002318,2026-07-20 18:54:13.379438,C0558,P014,6.0,172.823463124699
ORD002319,2026-06-07 18:54:13.379438,C0224,P042,9.0,412.7431261191048
ORD002320,2026-08-02 18:54:13.379438,C0328,P080,7.0,479.5475511217873
ORD002321,2026-05-03 18:54:13.379438,C0762,P015,2.0,433.3511081190852
ORD002322,2026-08-30 18:54:13.379438,C0588,P063,6.0,344.3535710148581
ORD002323,2026-06-26 18:54:13.379438,C0074,P068,5.0,186.47355737956795
ORD002324,2026-08-31 18:54:13.379438,C0511,P027,6.0,315.0167316337206
ORD002325,2026-05-05 18:54:13.379438,C0142,P087,8.0,59.56843111740874
ORD002326,2026-09-11 18:54:13.379438,C0585,P093,8.0,271.61735666809335
ORD002327,2026-04-19 18:54:13.379438,C0102,P053,3.0,392.7964282073032
ORD002328,2026-05-11 18:54:13.379438,C0606,P052,9.0,133.01898193379859
ORD002329,2026-08-23 18:54:13.379438,C0581,P063,6.0,255.75179179327256
ORD002330,2026-05-09 18:54:13.379438,C0065,P073,7.0,45.90438074324578
ORD002331,2026-09-01 18:54:13.379438,C0193,P053,9.0,420.86351546117805
ORD002332,2026-07-26 18:54:13.379438,C0953,P057,7.0,181.61366551540175
ORD002333,2026-06-08 18:54:13.379438,C0062,P052,9.0,295.28185552920866
ORD002334,2026-07-17 18:54:13.379438,C0532,P043,1.0,195.48207162428466
ORD002335,2026-06-27 18:54:13.379438,C0241,P007,1.0,302.8241795518
ORD002336,2026-04-05 18:54:13.379438,C0715,P042,3.0,374.6570006002745
ORD002337,2026-06-17 18:54:13.379438,C0410,P004,9.0,170.13915516650897
ORD002338,2026-06-09 18:54:13.379438,C0300,P069,1.0,264.43807347853397
ORD002339,2026-09-30 18:54:13.379438,C0195,P005,1.0,399.48852290569465
ORD002340,2026-09-01 18:54:13.379438,C0454,P075,5.0,347.0471857107108
ORD002341,2026-09-04 18:54:13.379438,C0574,P092,8.0,37.96575097318089
ORD002342,2026-05-28 18:54:13.379438,C0619,P080,2.0,288.69182589302636
ORD002343,2026-04-09 18:54:13.379438,C0637,P041,4.0,194.40349988282256
ORD002344,2026-09-13 18:54:13.379438,C0301,P094,6.0,357.30227192007044
ORD002345,2026-08-31 18:54:13.379438,C0779,P004,1.0,18.16724188829363
ORD002346,2026-09-21 18:54:13.379438,C0456,P002,4.0,171.99243497236387
ORD002347,2026-08-24 18:54:13.379438,C0989,P067,4.0,52.38160713848221
ORD002348,2026-06-28 18:54:13.379438,C0202,P021,9.0,461.04103487113326
ORD002349,2026-06-02 18:54:13.379438,C0674,P070,9.0,439.48478852196587
ORD002350,2026-07-13 18:54:13.379438,C0856,P043,6.0,484.3634533223659
ORD002351,2026-04-15 18:54:13.379438,C0302,P082,8.0,325.29946457467656
ORD002352,2026-05-22 18:54:13.379438,C0624,P069,4.0,405.45394319194594
ORD002353,2026-05-15 18:54:13.379438,C0337,P009,,309.8156884797571
ORD002354,2026-09-16 18:54:13.379438,C0032,P084,3.0,251.10146474431176
ORD002355,2026-06-24 18:54:13.379438,C0971,P028,2.0,418.57202207127375
ORD002356,2026-09-23 18:54:13.379438,C0098,P026,6.0,390.32144599408304
ORD002357,2026-05-08 18:54:13.379438,C0984,P082,5.0,369.30563606230476
ORD002358,2026-09-08 18:54:13.379438,C0759,P083,8.0,448.01635197303256
ORD002359,2026-09-08 18:54:13.379438,C0773,P003,1.0,465.08464605390424
ORD002360,2026-08-15 18:54:13.379438,C0191,P073,3.0,228.1907777298938
ORD002361,2026-06-09 18:54:13.379438,C0541,P095,7.0,148.58244030811645
ORD002362,2026-06-22 18:54:13.379438,C0048,P049,4.0,260.77491920014944
ORD002363,2026-04-10 18:54:13.379438,C0250,P017,5.0,55.60243717482648
ORD002364,2026-09-30 18:54:13.379438,C0226,P063,8.0,469.6986261472812
ORD002365,2026-04-17 18:54:13.379438,C0272,P055,1.0,492.0881277428665
ORD002366,2026-06-15 18:54:13.379438,C0665,P023,1.0,329.82538184675474
ORD002367,2026-08-24 18:54:13.379438,C0485,P034,7.0,375.6192305368275
ORD002368,2026-08-30 18:54:13.379438,C0328,P069,9.0,168.59930723369385
ORD002369,2026-09-13 18:54:13.379438,C0797,P015,4.0,434.4710542608949
ORD002370,2026-06-08 18:54:13.379438,C0180,P047,8.0,451.14824322022434
ORD002371,2026-07-03 18:54:13.379438,C0814,P003,7.0,47.682103301071436
ORD002372,2026-08-11 18:54:13.379438,C0665,P083,2.0,74.40749534927264
ORD002373,2026-09-13 18:54:13.379438,C0746,P028,5.0,137.8179386260569
ORD002374,2026-04-23 18:54:13.379438,C0023,P003,9.0,354.8004916976822
ORD002375,2026-04-13 18:54:13.379438,C0930,P004,9.0,99.84868965905906
ORD002376,2026-04-28 18:54:13.379438,C0963,P088,3.0,117.83924855239613
ORD002377,2026-04-28 18:54:13.379438,C0606,P031,3.0,197.11314417869997
ORD002378,2026-05-27 18:54:13.379438,C0370,P045,2.0,309.7018150790379
ORD002379,2026-05-06 18:54:13.379438,C0245,P059,7.0,488.3915887498507
ORD002380,2026-09-14 18:54:13.379438,C0802,P045,6.0,394.10840001487946
ORD002381,2026-07-07 18:54:13.379438,C0160,P075,5.0,283.5687231976557
ORD002382,2026-04-17 18:54:13.379438,C0373,P037,7.0,34.19924653329954
ORD002383,2026-06-07 18:54:13.379438,C0285,P065,,263.2515577524109
ORD002384,2026-07-22 18:54:13.379438,C0521,P009,5.0,110.00174292028045
ORD002385,2026-06-22 18:54:13.379438,C0450,P017,9.0,157.03383482327064
ORD002386,2026-05-27 18:54:13.379438,C0697,P065,9.0,132.92173686165677
ORD002387,2026-08-06 18:54:13.379438,C0807,P003,4.0,180.24958144777474
ORD002388,2026-09-30 18:54:13.379438,C0647,P026,6.0,40.50729247580584
ORD002389,2026-08-12 18:54:13.379438,C0622,P053,2.0,292.6505244718765
ORD002390,2026-09-19 18:54:13.379438,C0581,P031,3.0,32.41899184921378
ORD002391,2026-08-15 18:54:13.379438,C0136,P026,9.0,333.68593577165234
ORD002392,2026-04-28 18:54:13.379438,C0096,P023,6.0,368.0931425716353
ORD002393,2026-08-22 18:54:13.379438,C0119,P030,8.0,248.17138034186084
ORD002394,2026-07-29 18:54:13.379438,C0374,P010,5.0,392.815985966941
ORD002395,2026-08-17 18:54:13.379438,C0274,P072,2.0,484.0214425342474
ORD002396,2026-08-30 18:54:13.379438,C0870,P089,7.0,176.6257793074142
ORD002397,2026-04-28 18:54:13.379438,C0878,P064,6.0,313.26439282182133
ORD002398,2026-06-21 18:54:13.379438,C0850,P022,2.0,168.628554097873
ORD002399,2026-06-10 18:54:13.379438,C0177,P015,6.0,227.25893666414606
ORD002400,2026-09-23 18:54:13.379438,C0873,P056,8.0,20.204506289285106
ORD002401,2026-04-15 18:54:13.379438,C0749,P074,1.0,46.43144196319562
ORD002402,2026-05-05 18:54:13.379438,C0784,P020,4.0,400.78907746843043
ORD002403,2026-08-09 18:54:13.379438,C0277,P047,1.0,78.5548127672478
ORD002404,2026-07-08 18:54:13.379438,C0138,P087,2.0,352.5841995594106
ORD002405,2026-07-04 18:54:13.379438,C0874,P053,1.0,357.34484596311364
ORD002406,2026-08-22 18:54:13.379438,C0132,P053,6.0,498.1507233260587
ORD002407,2026-05-04 18:54:13.379438,C0044,P001,6.0,350.8420429541059
ORD002408,2026-06-20 18:54:13.379438,C0123,P002,1.0,73.0853877426154
ORD002409,2026-04-23 18:54:13.379438,C0136,P058,4.0,317.00540994278424
ORD002410,2026-08-27 18:54:13.379438,C0367,P019,4.0,266.829981968084
ORD002411,2026-06-02 18:54:13.379438,C0373,P062,8.0,459.5214711871991
ORD002412,2026-08-15 18:54:13.379438,C0126,P078,6.0,348.1735324799414
ORD002413,2026-09-10 18:54:13.379438,C0439,P072,2.0,264.05451481638283
ORD002414,2026-07-05 18:54:13.379438,C0787,P012,5.0,315.86480718849583
ORD002415,2026-05-16 18:54:13.379438,C0576,P026,4.0,227.29537680608513
ORD002416,2026-08-11 18:54:13.379438,C0808,P027,4.0,259.119571796543
ORD002417,2026-06-02 18:54:13.379438,C0744,P029,8.0,363.9490322117984
ORD002418,2026-09-01 18:54:13.379438,C0051,P015,5.0,48.389673489306425
ORD002419,2026-05-04 18:54:13.379438,C0137,P046,3.0,311.5144319198325
ORD002420,2026-04-08 18:54:13.379438,C0158,P001,4.0,53.226559293145236
ORD002421,2026-09-12 18:54:13.379438,C0056,P060,1.0,428.98762511650983
ORD002422,2026-04-13 18:54:13.379438,C0593,P092,6.0,471.80705652630144
ORD002423,2026-07-01 18:54:13.379438,C0744,P057,4.0,392.2992504356389
ORD002424,2026-08-11 18:54:13.379438,C0428,P003,6.0,361.8355438648866
ORD002425,2026-08-07 18:54:13.379438,C0443,P018,2.0,472.43619489233294
ORD002426,2026-04-14 18:54:13.379438,C0911,P052,5.0,117.0788742404669
ORD002427,2026-09-28 18:54:13.379438,C0964,P060,9.0,122.12814333506894
ORD002428,2026-09-09 18:54:13.379438,C0326,P034,8.0,245.69752905519147
ORD002429,2026-05-29 18:54:13.379438,C0640,P096,3.0,13.656879326157355
ORD002430,2026-06-25 18:54:13.379438,C0638,P093,1.0,482.8842466441366
ORD002431,2026-08-18 18:54:13.379438,C0829,P089,3.0,25.803699892204644
ORD002432,2026-07-11 18:54:13.379438,C0080,P060,8.0,302.09486703629693
ORD002433,2026-08-30 18:54:13.379438,C0474,P026,3.0,183.44721004192183
ORD002434,2026-06-15 18:54:13.379438,C0377,P072,5.0,60.453313453001044
ORD002435,2026-09-06 18:54:13.379438,C0869,P019,2.0,22.061318629449527
ORD002436,2026-07-27 18:54:13.379438,C0919,P022,1.0,138.58508739225977
ORD002437,2026-04-10 18:54:13.379438,C0333,P093,5.0,62.275177105387
ORD002438,2026-06-22 18:54:13.379438,C0175,P033,5.0,470.7610051684693
ORD002439,2026-08-25 18:54:13.379438,C0657,P038,6.0,129.9330309804929
ORD002440,2026-07-09 18:54:13.379438,C0441,P035,2.0,56.12464579096813
ORD002441,2026-04-07 18:54:13.379438,C0126,P067,9.0,387.14419700483677
ORD002442,2026-04-07 18:54:13.379438,C0694,P083,2.0,212.9835255903697
ORD002443,2026-07-15 18:54:13.379438,C0219,P010,2.0,423.39634347070785
ORD002444,2026-05-13 18:54:13.379438,C0948,P091,5.0,420.83117462501514
ORD002445,2026-04-20 18:54:13.379438,C0278,P015,9.0,496.2665686833865
ORD002446,2026-07-13 18:54:13.379438,C0485,P011,4.0,403.8756864866167
ORD002447,2026-07-15 18:54:13.379438,C0595,P090,6.0,114.9344028755317
ORD002448,2026-08-05 18:54:13.379438,C0935,P024,2.0,297.3597100812559
ORD002449,2026-05-25 18:54:13.379438,C0995,P077,4.0,267.8625385254495
ORD002450,2026-05-25 18:54:13.379438,C0141,P096,9.0,259.01291839133563
ORD002451,2026-09-14 18:54:13.379438,C0846,P004,2.0,155.43564892502866
ORD002452,2026-08-05 18:54:13.379438,C0607,P013,1.0,112.96900683563737
ORD002453,2026-09-16 18:54:13.379438,C0877,P073,4.0,361.2785180258198
ORD002454,2026-09-28 18:54:13.379438,C0706,P057,4.0,59.86324764950854
ORD002455,2026-06-05 18:54:13.379438,C0110,P098,1.0,34.31183804246088
ORD002456,2026-07-28 18:54:13.379438,C0052,P037,4.0,196.80937943700698
ORD002457,2026-06-04 18:54:13.379438,C0615,P048,3.0,374.52348287705524
ORD002458,2026-04-10 18:54:13.379438,C0613,P071,2.0,435.5811723350444
ORD002459,2026-09-05 18:54:13.379438,C0654,P001,4.0,274.66219383811006
ORD002460,2026-07-04 18:54:13.379438,C0713,P060,8.0,421.566887123733
ORD002461,2026-04-17 18:54:13.379438,C0970,P012,7.0,22.392696118119986
ORD002462,2026-06-28 18:54:13.379438,C0319,P021,9.0,233.13104448295545
ORD002463,2026-08-14 18:54:13.379438,C0199,P011,8.0,75.36038305473897
ORD002464,2026-08-11 18:54:13.379438,C0796,P044,1.0,295.5315849975786
ORD002465,2026-06-04 18:54:13.379438,C0729,P058,2.0,461.2842422106258
ORD002466,2026-08-30 18:54:13.379438,C0046,P044,2.0,13.523326999921512
ORD002467,2026-06-21 18:54:13.379438,C0505,P078,8.0,337.4283330636306
ORD002468,2026-08-30 18:54:13.379438,C0540,P098,4.0,398.25136198953857
ORD002469,2026-08-19 18:54:13.379438,C0514,P034,9.0,374.79582404588984
ORD002470,2026-05-31 18:54:13.379438,C0895,P025,2.0,19.68685468706557
ORD002471,2026-08-01 18:54:13.379438,C0017,P004,4.0,95.20295143339963
ORD002472,2026-09-17 18:54:13.379438,C0315,P064,1.0,56.255668062050155
ORD002473,2026-08-14 18:54:13.379438,C0436,P090,3.0,51.87255747519742
ORD002474,2026-06-07 18:54:13.379438,C0388,P016,6.0,367.79022500117225
ORD002475,2026-04-16 18:54:13.379438,C0077,P010,9.0,218.14678447334794
ORD002476,2026-06-24 18:54:13.379438,C0978,P066,1.0,365.1624957429194
ORD002477,2026-09-23 18:54:13.379438,C0899,P035,5.0,186.76868433960425
ORD002478,2026-09-10 18:54:13.379438,C0371,P083,2.0,67.35416106043732
ORD002479,2026-09-14 18:54:13.379438,C0165,P006,7.0,362.0415298568296
ORD002480,2026-08-20 18:54:13.379438,C0609,P019,4.0,316.76802983633365
ORD002481,2026-08-30 18:54:13.379438,C0617,P059,5.0,65.35831678950584
ORD002482,2026-05-25 18:54:13.379438,C0024,P053,8.0,462.9385616709807
ORD002483,2026-07-29 18:54:13.379438,C0712,P008,2.0,161.37119924666936
ORD002484,2026-04-29 18:54:13.379438,C0035,P078,3.0,330.8177275611442
ORD002485,2026-05-07 18:54:13.379438,C0514,P010,5.0,25.670649933243215
ORD002486,2026-05-25 18:54:13.379438,C0801,P067,4.0,227.09079194698336
ORD002487,2026-07-24 18:54:13.379438,C0844,P038,5.0,482.5384577616919
ORD002488,2026-06-24 18:54:13.379438,C0854,P029,3.0,444.38920737817915
ORD002489,2026-09-30 18:54:13.379438,C0461,P015,9.0,118.46015455373862
ORD002490,2026-09-07 18:54:13.379438,C0138,P087,8.0,440.7738645657188
ORD002491,2026-09-16 18:54:13.379438,C0849,P023,6.0,153.60438227079985
ORD002492,2026-05-15 18:54:13.379438,C0574,P082,1.0,427.594872457977
ORD002493,2026-04-24 18:54:13.379438,C0811,P046,4.0,367.32119573803016
ORD002494,2026-05-15 18:54:13.379438,C0709,P083,7.0,182.505775278459
ORD002495,2026-08-22 18:54:13.379438,C0889,P028,5.0,456.2875378026203
ORD002496,2026-07-25 18:54:13.379438,C0571,P026,4.0,247.78685435163615
ORD002497,2026-07-17 18:54:13.379438,C0265,P010,9.0,165.67009497336477
ORD002498,2026-04-20 18:54:13.379438,C0333,P047,8.0,147.04607006856935
ORD002499,2026-08-01 18:54:13.379438,C0188,P004,3.0,470.14288634039644
ORD002500,2026-08-18 18:54:13.379438,C0063,P055,6.0,381.7046853985438
ORD002501,2026-09-19 18:54:13.379438,C0820,P066,4.0,181.4505574525908
ORD002502,2026-08-10 18:54:13.379438,C0279,P067,7.0,134.5425378892705
ORD002503,2026-08-11 18:54:13.379438,C0542,P007,1.0,113.69235076299248
ORD002504,2026-06-02 18:54:13.379438,C0171,P055,1.0,129.80138920577195
ORD002505,2026-05-21 18:54:13.379438,C0503,P080,6.0,64.37990180411813
ORD002506,2026-05-02 18:54:13.379438,C0964,P031,7.0,247.52012971646036
ORD002507,2026-07-09 18:54:13.379438,C0533,P074,9.0,30.125359148220586
ORD002508,2026-04-13 18:54:13.379438,C0299,P019,7.0,15.642176731063277
ORD002509,2026-05-31 18:54:13.379438,C0201,P028,9.0,312.85557063709706
ORD002510,2026-04-24 18:54:13.379438,C0135,P081,9.0,53.35486613779623
ORD002511,2026-05-01 18:54:13.379438,C0272,P028,8.0,424.1527103323123
ORD002512,2026-05-07 18:54:13.379438,C0535,P019,7.0,62.297101471950405
ORD002513,2026-04-11 18:54:13.379438,C0442,P087,3.0,275.9078099711585
ORD002514,2026-09-27 18:54:13.379438,C0087,P020,3.0,340.9967847455946
ORD002515,2026-06-21 18:54:13.379438,C0031,P013,5.0,122.28619829150306
ORD002516,2026-08-26 18:54:13.379438,C0121,P077,7.0,445.24943657672094
ORD002517,2026-06-29 18:54:13.379438,C0069,P043,7.0,245.8795819385894
ORD002518,2026-06-30 18:54:13.379438,C0646,P011,1.0,164.50635660817875
ORD002519,2026-09-23 18:54:13.379438,C0883,P048,8.0,451.55301795612854
ORD002520,2026-06-11 18:54:13.379438,C0961,P015,1.0,430.58671932402706
ORD002521,2026-09-10 18:54:13.379438,C0827,P017,4.0,357.71742679443076
ORD002522,2026-09-22 18:54:13.379438,C0496,P054,2.0,152.33640085054574
ORD002523,2026-06-29 18:54:13.379438,C0924,P050,5.0,201.20110642976783
ORD002524,2026-07-13 18:54:13.379438,C0146,P028,6.0,347.9693476615549
ORD002525,2026-04-11 18:54:13.379438,C0984,P083,4.0,100.78931894938891
ORD002526,2026-06-19 18:54:13.379438,C0333,P004,4.0,252.60511123960322
ORD002527,2026-06-29 18:54:13.379438,C0481,P022,7.0,371.48390870901056
ORD002528,2026-05-16 18:54:13.379438,C0906,P086,4.0,332.2793342647301
ORD002529,2026-08-10 18:54:13.379438,C0263,P039,2.0,362.76721100453403
ORD002530,2026-07-21 18:54:13.379438,C0293,P034,4.0,447.04042267295364
ORD002531,2026-09-29 18:54:13.379438,C0992,P097,7.0,484.4604592452318
ORD002532,2026-09-02 18:54:13.379438,C0429,P044,1.0,234.60792123020568
ORD002533,2026-09-02 18:54:13.379438,C0086,P042,4.0,39.39110454444962
ORD002534,2026-04-20 18:54:13.379438,C0016,P040,6.0,418.8316584475852
ORD002535,2026-08-14 18:54:13.379438,C0728,P097,8.0,67.80330728712744
ORD002536,2026-08-29 18:54:13.379438,C0628,P012,8.0,117.52774565516877
ORD002537,2026-04-24 18:54:13.379438,C0118,P002,9.0,330.0520523068523
ORD002538,2026-05-31 18:54:13.379438,C0270,P028,5.0,375.41026960558696
ORD002539,2026-09-09 18:54:13.379438,C0395,P074,2.0,350.3771518468823
ORD002540,2026-07-22 18:54:13.379438,C0979,P086,3.0,224.86117518196178
ORD002541,2026-08-20 18:54:13.379438,C0855,P081,2.0,459.85285867199656
ORD002542,2026-09-30 18:54:13.379438,C0162,P090,9.0,417.77617190701847
ORD002543,2026-08-24 18:54:13.379438,C0700,P067,6.0,335.20446919746803
ORD002544,2026-08-16 18:54:13.379438,C0104,P071,1.0,226.1270843788176
ORD002545,2026-05-01 18:54:13.379438,C0653,P072,3.0,237.27470726440305
ORD002546,2026-05-24 18:54:13.379438,C0167,P084,7.0,96.22365479832644
ORD002547,2026-04-08 18:54:13.379438,C0300,P076,7.0,392.05544857885997
ORD002548,2026-04-08 18:54:13.379438,C0028,P099,5.0,434.32205741851845
ORD002549,2026-07-06 18:54:13.379438,C0424,P081,3.0,415.3680138531122
ORD002550,2026-07-08 18:54:13.379438,C0784,P092,7.0,278.07799450849313
ORD002551,2026-04-11 18:54:13.379438,C0562,P010,5.0,420.59115935071236
ORD002552,2026-06-06 18:54:13.379438,C0883,P086,6.0,397.30032839423495
ORD002553,2026-08-19 18:54:13.379438,C0156,P057,3.0,417.8560634043808
ORD002554,2026-05-11 18:54:13.379438,C0324,P097,6.0,491.1473320766191
ORD002555,2026-07-23 18:54:13.379438,C0348,P086,7.0,406.9000168430873
ORD002556,2026-07-24 18:54:13.379438,C0121,P037,8.0,142.63808320045473
ORD002557,2026-06-23 18:54:13.379438,C0956,P077,2.0,412.2228289834574
ORD002558,2026-08-17 18:54:13.379438,C0652,P091,2.0,194.06120193430968
ORD002559,2026-07-16 18:54:13.379438,C0528,P064,6.0,262.934186664995
ORD002560,2026-09-03 18:54:13.379438,C0821,P079,8.0,400.235768293834
ORD002561,2026-06-15 18:54:13.379438,C0950,P086,5.0,165.19222800878913
ORD002562,2026-09-28 18:54:13.379438,C0561,P094,1.0,22.780740691839725
ORD002563,2026-05-22 18:54:13.379438,C0164,P040,1.0,361.8908162921111
ORD002564,2026-05-09 18:54:13.379438,C0062,P098,9.0,452.06531869974674
ORD002565,2026-08-07 18:54:13.379438,C0340,P060,4.0,464.6653396643315
ORD002566,2026-06-10 18:54:13.379438,C0666,P098,1.0,401.46598983664575
ORD002567,2026-06-20 18:54:13.379438,C0312,P048,8.0,468.22000046604285
ORD002568,2026-07-17 18:54:13.379438,C0376,P099,2.0,412.1214852609643
ORD002569,2026-09-19 18:54:13.379438,C0346,P019,2.0,24.748533820462782
ORD002570,2026-08-03 18:54:13.379438,C0150,P072,1.0,181.3311584719145
ORD002571,2026-07-31 18:54:13.379438,C0888,P033,,174.692100414057
ORD002572,2026-07-26 18:54:13.379438,C0585,P044,9.0,117.39053074549982
ORD002573,2026-04-13 18:54:13.379438,C0581,P092,1.0,400.98914474454284
ORD002574,2026-08-30 18:54:13.379438,C0977,P037,6.0,264.84402430533964
ORD002575,2026-09-14 18:54:13.379438,C0177,P089,7.0,419.78179821398567
ORD002576,2026-08-21 18:54:13.379438,C0354,P036,-1.0,304.6611521655998
ORD002577,2026-07-03 18:54:13.379438,C0514,P081,5.0,299.39857936007047
ORD002578,2026-04-05 18:54:13.379438,C0309,P088,4.0,198.23274211490744
ORD002579,2026-07-30 18:54:13.379438,C0119,P021,4.0,396.9054312361718
ORD002580,2026-04-16 18:54:13.379438,C0519,P002,1.0,344.71491490236184
ORD002581,2026-09-10 18:54:13.379438,C0767,P031,6.0,175.98840561320017
ORD002582,2026-07-07 18:54:13.379438,C0996,P097,7.0,496.85092160608855
ORD002583,2026-08-25 18:54:13.379438,C0973,P030,7.0,236.76670724009188
ORD002584,2026-05-05 18:54:13.379438,C0916,P076,8.0,165.1291955089627
ORD002585,2026-05-05 18:54:13.379438,C0478,P044,7.0,347.0185974959673
ORD002586,2026-08-05 18:54:13.379438,C0414,P012,6.0,119.17564073528196
ORD002587,2026-04-14 18:54:13.379438,C0587,P051,8.0,417.01559550611205
ORD002588,2026-04-13 18:54:13.379438,C0351,P049,3.0,343.37815336080547
ORD002589,2026-04-18 18:54:13.379438,C0506,P024,9.0,436.33202333137984
ORD002590,2026-04-20 18:54:13.379438,C0195,P024,3.0,171.23516783092612
ORD002591,2026-09-18 18:54:13.379438,C0187,P060,4.0,428.6685258371992
ORD002592,2026-08-27 18:54:13.379438,C0450,P011,6.0,255.45625995753167
ORD002593,2026-09-03 18:54:13.379438,C0496,P013,8.0,38.98657555586564
ORD002594,2026-06-01 18:54:13.379438,C0515,P091,3.0,105.14294102004601
ORD002595,2026-06-20 18:54:13.379438,C0696,P072,6.0,116.64809099167078
ORD002596,2026-08-05 18:54:13.379438,C0847,P074,5.0,386.315578389754
ORD002597,2026-07-26 18:54:13.379438,C0273,P072,5.0,109.5314527592983
ORD002598,2026-04-25 18:54:13.379438,C0880,P064,5.0,285.3394547493779
ORD002599,2026-09-08 18:54:13.379438,C0052,P020,9.0,329.7455957352181
ORD002600,2026-09-22 18:54:13.379438,C0263,P072,7.0,389.1901121975437
ORD002601,2026-05-05 18:54:13.379438,C0368,P073,9.0,394.10130681406207
ORD002602,2026-09-29 18:54:13.379438,C0133,P071,9.0,361.62588950122114
ORD002603,2026-09-24 18:54:13.379438,C0994,P078,6.0,114.46005978164158
ORD002604,2026-07-25 18:54:13.379438,C0225,P028,6.0,276.2999633068806
ORD002605,2026-08-01 18:54:13.379438,C0310,P002,4.0,152.18309496558385
ORD002606,2026-08-30 18:54:13.379438,C0573,P043,8.0,389.79780331655286
ORD002607,2026-08-03 18:54:13.379438,C0877,P008,2.0,376.56547732881745
ORD002608,2026-05-05 18:54:13.379438,C0016,P013,5.0,122.52730767049191
ORD002609,2026-07-31 18:54:13.379438,C0741,P085,1.0,324.2579336392433
ORD002610,2026-05-12 18:54:13.379438,C0195,P092,2.0,38.62967214653567
ORD002611,2026-04-15 18:54:13.379438,C0763,P035,1.0,386.588724363348
ORD002612,2026-09-25 18:54:13.379438,C0443,P023,6.0,392.2990115454649
ORD002613,2026-04-21 18:54:13.379438,C0303,P046,2.0,180.03583627807524
ORD002614,2026-08-30 18:54:13.379438,C0048,P015,4.0,405.06570764261335
ORD002615,2026-08-22 18:54:13.379438,C0747,P002,5.0,430.56579943804326
ORD002616,2026-08-30 18:54:13.379438,C0121,P061,7.0,103.12832419087783
ORD002617,2026-08-07 18:54:13.379438,C0499,P076,1.0,181.93860062677555
ORD002618,2026-08-17 18:54:13.379438,C0832,P064,5.0,137.9295315485016
ORD002619,2026-05-19 18:54:13.379438,C0562,P052,4.0,193.4355816355864
ORD002620,2026-07-16 18:54:13.379438,C0469,P036,7.0,228.98303781952745
ORD002621,2026-08-16 18:54:13.379438,C0041,P067,7.0,259.88468556304565
ORD002622,2026-09-01 18:54:13.379438,C0456,P069,8.0,27.20081396199689
ORD002623,2026-06-28 18:54:13.379438,C0534,P067,4.0,37.03151106829166
ORD002624,2026-08-31 18:54:13.379438,C0371,P047,4.0,331.0649702781452
ORD002625,2026-07-01 18:54:13.379438,C0182,P083,5.0,226.9432806366104
ORD002626,2026-04-25 18:54:13.379438,C0517,P002,5.0,53.971424522324625
ORD002627,2026-07-04 18:54:13.379438,C0657,P044,3.0,199.25265813173442
ORD002628,2026-05-02 18:54:13.379438,C0869,P064,5.0,242.9924983812802
ORD002629,2026-04-16 18:54:13.379438,C0590,P081,5.0,321.4391504718945
ORD002630,2026-04-05 18:54:13.379438,C0231,P078,8.0,67.98173177238547
ORD002631,2026-05-02 18:54:13.379438,C0809,P028,7.0,497.4541141379433
ORD002632,2026-09-30 18:54:13.379438,C0348,P091,8.0,242.60571244679923
ORD002633,2026-04-30 18:54:13.379438,C0479,P054,5.0,343.58738132559955
ORD002634,2026-05-23 18:54:13.379438,C0209,P074,2.0,455.02690436373007
ORD002635,2026-07-07 18:54:13.379438,C0675,P067,8.0,25.593448394989302
ORD002636,2026-09-01 18:54:13.379438,C0680,P036,9.0,304.66589931407367
ORD002637,2026-06-30 18:54:13.379438,C0278,P063,2.0,274.77431332550367
ORD002638,2026-05-17 18:54:13.379438,C0749,P025,1.0,38.129332640096706
ORD002639,2026-04-25 18:54:13.379438,C0688,P086,6.0,349.5835949668105
ORD002640,2026-09-21 18:54:13.379438,C0053,P048,3.0,118.18336643634584
ORD002641,2026-09-15 18:54:13.379438,C0861,P039,1.0,353.92197751326455
ORD002642,2026-07-09 18:54:13.379438,C0010,P047,6.0,187.688295768137
ORD002643,2026-04-06 18:54:13.379438,C0658,P094,8.0,387.36183848906416
ORD002644,2026-07-30 18:54:13.379438,C0739,P021,9.0,471.4631071876794
ORD002645,2026-04-22 18:54:13.379438,C0748,P030,6.0,431.65118279664756
ORD002646,2026-04-26 18:54:13.379438,C0464,P092,6.0,246.4610496695509
ORD002647,2026-09-07 18:54:13.379438,C0754,P031,1.0,120.38372300797373
ORD002648,2026-05-03 18:54:13.379438,C0817,P026,5.0,496.287524666825
ORD002649,2026-05-12 18:54:13.379438,C0583,P022,3.0,333.15434849779734
ORD002650,2026-07-20 18:54:13.379438,C0158,P021,7.0,204.016792361194
ORD002651,2026-07-23 18:54:13.379438,C0019,P001,9.0,245.94663626481045
ORD002652,2026-04-28 18:54:13.379438,C0055,P037,6.0,72.74709281793196
ORD002653,2026-08-09 18:54:13.379438,C0956,P077,5.0,257.5930946532763
ORD002654,2026-07-23 18:54:13.379438,C0727,P085,7.0,94.85060860952957
ORD002655,2026-08-17 18:54:13.379438,C0968,P046,9.0,189.2152922923069
ORD002656,2026-07-18 18:54:13.379438,C0721,P009,5.0,250.96580904875975
ORD002657,2026-08-25 18:54:13.379438,C0021,P017,5.0,474.42138217856217
ORD002658,2026-06-14 18:54:13.379438,C0282,P047,4.0,316.0996125114696
ORD002659,2026-08-10 18:54:13.379438,C0761,P085,5.0,192.2261887188579
ORD002660,2026-07-20 18:54:13.379438,C0540,P095,7.0,65.4137542637132
ORD002661,2026-04-08 18:54:13.379438,C0935,P059,3.0,376.12240815937076
ORD002662,2026-04-06 18:54:13.379438,C0417,P054,4.0,238.7579186879729
ORD002663,2026-08-13 18:54:13.379438,C0808,P086,9.0,43.396026269074405
ORD002664,2026-07-16 18:54:13.379438,C0723,P012,2.0,331.8685637870078
ORD002665,2026-06-06 18:54:13.379438,C0285,P064,8.0,181.55163718739323
ORD002666,2026-07-18 18:54:13.379438,C0532,P006,9.0,207.90672777213302
ORD002667,2026-07-10 18:54:13.379438,C0532,P053,5.0,421.0383732816561
ORD002668,2026-04-13 18:54:13.379438,C0511,P016,7.0,77.28103731164438
ORD002669,2026-08-30 18:54:13.379438,C0842,P090,6.0,176.7836866038275
ORD002670,2026-08-09 18:54:13.379438,C0396,P005,1.0,188.19739168846104
ORD002671,2026-05-19 18:54:13.379438,C0120,P073,8.0,11.631385741521239
ORD002672,2026-09-05 18:54:13.379438,C0097,P046,9.0,424.2111690219027
ORD002673,2026-06-08 18:54:13.379438,C0120,P014,1.0,419.303158412886
ORD002674,2026-09-19 18:54:13.379438,C0537,P044,8.0,334.2997914143113
ORD002675,2026-07-24 18:54:13.379438,C0153,P063,3.0,450.4810531680726
ORD002676,2026-04-16 18:54:13.379438,C0245,P094,6.0,143.71443808502065
ORD002677,2026-08-18 18:54:13.379438,C0772,P052,8.0,118.10883750849274
ORD002678,2026-09-14 18:54:13.379438,C0516,P026,5.0,43.57519220361111
ORD002679,2026-06-28 18:54:13.379438,C0393,P053,8.0,300.0862781839817
ORD002680,2026-07-02 18:54:13.379438,C0143,P029,7.0,253.21417298006364
ORD002681,2026-05-31 18:54:13.379438,C0504,P019,7.0,407.09419468959885
ORD002682,2026-05-27 18:54:13.379438,C0794,P047,7.0,245.83064839122406
ORD002683,2026-04-15 18:54:13.379438,C0847,P008,9.0,109.58574769962037
ORD002684,2026-04-17 18:54:13.379438,C0858,P023,6.0,406.7024895525172
ORD002685,2026-08-02 18:54:13.379438,C0220,P035,6.0,233.17274034504533
ORD002686,2026-09-12 18:54:13.379438,C0839,P095,9.0,478.3568080908919
ORD002687,2026-08-02 18:54:13.379438,C0160,P053,6.0,271.8909945303988
ORD002688,2026-04-23 18:54:13.379438,C0076,P099,7.0,67.20207780222906
ORD002689,2026-06-17 18:54:13.379438,C0611,P096,7.0,427.0019776078687
ORD002690,2026-08-25 18:54:13.379438,C0692,P058,2.0,440.42108920145387
ORD002691,2026-06-12 18:54:13.379438,C0639,P005,8.0,228.2614555975194
ORD002692,2026-05-29 18:54:13.379438,C0032,P016,6.0,22.73657457819391
ORD002693,2026-07-13 18:54:13.379438,C0777,P017,4.0,24.56450022295065
ORD002694,2026-08-13 18:54:13.379438,C0334,P032,7.0,182.06313407171933
ORD002695,2026-07-23 18:54:13.379438,C0525,P096,8.0,360.95378783592355
ORD002696,2026-08-06 18:54:13.379438,C0440,P052,1.0,172.21538903152512
ORD002697,2026-08-13 18:54:13.379438,C0892,P020,4.0,13.787662142105255
ORD002698,2026-04-23 18:54:13.379438,C0940,P066,4.0,425.79980436098367
ORD002699,2026-08-19 18:54:13.379438,C0993,P084,9.0,484.6788914569695
ORD002700,2026-04-27 18:54:13.379438,C0352,P082,6.0,179.72103299960403
ORD002701,2026-09-04 18:54:13.379438,C0339,P001,4.0,45.80661411839204
ORD002702,2026-05-10 18:54:13.379438,C0926,P058,1.0,152.7917423215381
ORD002703,2026-05-27 18:54:13.379438,C0400,P093,8.0,401.5128300671419
ORD002704,2026-07-15 18:54:13.379438,C0396,P093,9.0,275.7067176633152
ORD002705,2026-08-30 18:54:13.379438,C0202,P083,5.0,198.15296329568972
ORD002706,2026-05-11 18:54:13.379438,C0962,P044,5.0,173.7711811851632
ORD002707,2026-09-24 18:54:13.379438,C0530,P006,8.0,66.54351149885737
ORD002708,2026-04-07 18:54:13.379438,C0909,P050,8.0,176.3617414708683
ORD002709,2026-05-30 18:54:13.379438,C0093,P072,5.0,240.35313379001616
ORD002710,2026-09-23 18:54:13.379438,C0792,P088,4.0,339.83912225902776
ORD002711,2026-04-23 18:54:13.379438,C0358,P020,6.0,138.41839378047192
ORD002712,2026-04-20 18:54:13.379438,C0396,P014,5.0,449.7156516783882
ORD002713,2026-07-31 18:54:13.379438,C0828,P005,8.0,247.55186787714035
ORD002714,2026-06-13 18:54:13.379438,C0060,P041,9.0,208.52901748710642
ORD002715,2026-04-07 18:54:13.379438,C0477,P040,1.0,301.03733417308564
ORD002716,2026-04-17 18:54:13.379438,C0726,P034,9.0,92.13563574790983
ORD002717,2026-04-06 18:54:13.379438,C0612,P080,9.0,62.22684900641129
ORD002718,2026-06-22 18:54:13.379438,C0001,P045,6.0,179.80478173042343
ORD002719,2026-05-28 18:54:13.379438,C0555,P071,5.0,29.567361920405144
ORD002720,2026-08-13 18:54:13.379438,C0311,P080,7.0,195.01576840083536
ORD002721,2026-08-01 18:54:13.379438,C0168,P071,8.0,339.02777616758624
ORD002722,2026-04-27 18:54:13.379438,C0192,P027,9.0,407.9399290253585
ORD002723,2026-09-12 18:54:13.379438,C0034,P078,9.0,294.08392331755965
ORD002724,2026-09-08 18:54:13.379438,C0034,P078,3.0,348.7512869831691
ORD002725,2026-06-24 18:54:13.379438,C0688,P044,8.0,418.23359559793437
ORD002726,2026-08-28 18:54:13.379438,C0417,P033,1.0,388.83374811571855
ORD002727,2026-09-09 18:54:13.379438,C0708,P033,7.0,166.79113850938606
ORD002728,2026-06-02 18:54:13.379438,C0998,P044,5.0,290.97711284939083
ORD002729,2026-08-28 18:54:13.379438,C0158,P020,2.0,139.77804580773207
ORD002730,2026-05-22 18:54:13.379438,C0757,P036,2.0,292.4035538636242
ORD002731,2026-06-05 18:54:13.379438,C0500,P007,8.0,218.74067431213786
ORD002732,2026-07-22 18:54:13.379438,C0366,P032,5.0,192.67159900371104
ORD002733,2026-08-31 18:54:13.379438,C0340,P067,3.0,99.94633261147305
ORD002734,2026-09-02 18:54:13.379438,C0858,P039,1.0,285.2589921425101
ORD002735,2026-07-21 18:54:13.379438,C0335,P093,7.0,367.36483079133933
ORD002736,2026-06-18 18:54:13.379438,C0583,P024,3.0,289.92705510971206
ORD002737,2026-05-03 18:54:13.379438,C0327,P086,7.0,43.92106743369179
ORD002738,2026-05-31 18:54:13.379438,C0114,P070,2.0,462.9202118909219
ORD002739,2026-07-29 18:54:13.379438,C0797,P088,4.0,12.690614273957749
ORD002740,2026-09-09 18:54:13.379438,C0919,P087,2.0,443.67837769188907
ORD002741,2026-07-12 18:54:13.379438,C0418,P054,4.0,385.3759299454831
ORD002742,2026-04-22 18:54:13.379438,C0468,P038,5.0,57.31306918369828
ORD002743,2026-09-26 18:54:13.379438,C0143,P074,8.0,125.91654709048163
ORD002744,2026-09-23 18:54:13.379438,C0609,P080,2.0,180.99392288675062
ORD002745,2026-07-06 18:54:13.379438,C0309,P075,3.0,456.04744546265766
ORD002746,2026-07-25 18:54:13.379438,C0401,P032,5.0,490.1638446542966
ORD002747,2026-08-27 18:54:13.379438,C0320,P045,9.0,52.71245115975401
ORD002748,2026-06-05 18:54:13.379438,C0212,P061,5.0,204.49674620933854
ORD002749,2026-07-28 18:54:13.379438,C0317,P070,9.0,83.14811005080992
ORD002750,2026-07-25 18:54:13.379438,C0185,P088,4.0,146.43391461389126
ORD002751,2026-05-20 18:54:13.379438,C0205,P097,5.0,490.72444740976175
ORD002752,2026-05-30 18:54:13.379438,C0364,P053,9.0,492.3687949405441
ORD002753,2026-07-30 18:54:13.379438,C0216,P051,4.0,241.34759070490261
ORD002754,2026-05-18 18:54:13.379438,C0246,P076,5.0,99.73797961396514
ORD002755,2026-09-11 18:54:13.379438,C0239,P056,5.0,278.0391106978309
ORD002756,2026-08-26 18:54:13.379438,C0805,P027,4.0,167.1357517105383
ORD002757,2026-04-07 18:54:13.379438,C0391,P038,4.0,465.12711166308503
ORD002758,2026-08-29 18:54:13.379438,C0520,P062,5.0,410.9250105875126
ORD002759,2026-05-20 18:54:13.379438,C0983,P018,6.0,161.3319262378756
ORD002760,2026-08-24 18:54:13.379438,C0590,P064,7.0,18.971457196653823
ORD002761,2026-05-20 18:54:13.379438,C0836,P077,6.0,499.04383146611497
ORD002762,2026-06-20 18:54:13.379438,C0277,P030,1.0,344.8385528944657
ORD002763,2026-08-05 18:54:13.379438,C0957,P049,2.0,218.60648601015052
ORD002764,2026-06-17 18:54:13.379438,C0202,P041,7.0,151.34330477531128
ORD002765,2026-07-15 18:54:13.379438,C0214,P013,3.0,12.167974862012283
ORD002766,2026-08-18 18:54:13.379438,C0606,P034,2.0,85.44011068269958
ORD002767,2026-07-02 18:54:13.379438,C0478,P094,6.0,12.876954093143103
ORD002768,2026-08-25 18:54:13.379438,C0508,P025,4.0,302.81637079569595
ORD002769,2026-06-11 18:54:13.379438,C0976,P066,5.0,335.0382030582003
ORD002770,2026-06-03 18:54:13.379438,C0075,P018,6.0,385.73010977367466
ORD002771,2026-08-19 18:54:13.379438,C0982,P005,3.0,101.62968421010943
ORD002772,2026-05-23 18:54:13.379438,C0669,P019,1.0,57.02572638671374
ORD002773,2026-04-06 18:54:13.379438,C0665,P042,3.0,328.7249605060664
ORD002774,2026-07-19 18:54:13.379438,C0954,P018,3.0,254.94811833202075
ORD002775,2026-07-25 18:54:13.379438,C0142,P032,6.0,439.0860910363167
ORD002776,2026-07-06 18:54:13.379438,C0590,P021,4.0,271.3003515602671
ORD002777,2026-07-30 18:54:13.379438,C0322,P010,7.0,227.96239770306516
ORD002778,2026-06-23 18:54:13.379438,C0694,P037,2.0,249.13362436719845
ORD002779,2026-07-21 18:54:13.379438,C0461,P049,4.0,393.33764198552234
ORD002780,2026-05-24 18:54:13.379438,C0707,P086,8.0,18.96954755516471
ORD002781,2026-08-28 18:54:13.379438,C0670,P013,6.0,459.92360731668157
ORD002782,2026-09-20 18:54:13.379438,C0146,P055,3.0,359.95263081462133
ORD002783,2026-05-08 18:54:13.379438,C0054,P017,2.0,443.7919727719295
ORD002784,2026-05-19 18:54:13.379438,C0356,P009,3.0,480.2035072770812
ORD002785,2026-09-04 18:54:13.379438,C0277,P088,1.0,120.74180703709855
ORD002786,2026-06-11 18:54:13.379438,C0821,P044,1.0,293.3869886564266
ORD002787,2026-07-05 18:54:13.379438,C0595,P078,2.0,248.16142577041452
ORD002788,2026-06-06 18:54:13.379438,C0400,P046,3.0,273.43336201429884
ORD002789,2026-09-15 18:54:13.379438,C0668,P008,9.0,33.171699304640896
ORD002790,2026-05-22 18:54:13.379438,C0516,P037,8.0,457.85303151990115
ORD002791,2026-08-30 18:54:13.379438,C0499,P019,9.0,477.7952494325327
ORD002792,2026-06-16 18:54:13.379438,C0311,P063,7.0,345.7109127378821
ORD002793,2026-04-08 18:54:13.379438,C0271,P092,7.0,136.55604346256817
ORD002794,2026-07-12 18:54:13.379438,C0576,P046,5.0,395.7311494516909
ORD002795,2026-06-12 18:54:13.379438,C0449,P094,7.0,368.1147769328171
ORD002796,2026-07-02 18:54:13.379438,C0112,P071,4.0,291.5492455983267
ORD002797,2026-04-07 18:54:13.379438,C0239,P026,5.0,93.4173533479118
ORD002798,2026-08-07 18:54:13.379438,C0144,P046,1.0,108.57766206250498
ORD002799,2026-05-12 18:54:13.379438,C0374,P046,4.0,298.80841805815027
ORD002800,2026-09-13 18:54:13.379438,C0020,P075,3.0,73.12414924272909
ORD002801,2026-08-10 18:54:13.379438,C0576,P014,2.0,364.72552654754634
ORD002802,2026-04-27 18:54:13.379438,C0289,P085,2.0,114.17404074934467
ORD002803,2026-05-30 18:54:13.379438,C0593,P063,8.0,456.1351080728893
ORD002804,2026-07-12 18:54:13.379438,C0197,P072,1.0,450.86531533398505
ORD002805,2026-06-12 18:54:13.379438,C0382,P003,8.0,153.8658928432972
ORD002806,2026-05-14 18:54:13.379438,C0581,P028,9.0,50.85955454310771
ORD002807,2026-09-24 18:54:13.379438,C0698,P029,6.0,309.59374406480754
ORD002808,2026-06-02 18:54:13.379438,C0679,P087,1.0,229.72309223691545
ORD002809,2026-07-20 18:54:13.379438,C0717,P018,7.0,80.4173602179326
ORD002810,2026-05-30 18:54:13.379438,C0492,P035,5.0,270.42592199185486
ORD002811,2026-05-04 18:54:13.379438,C0164,P077,9.0,496.4348790166018
ORD002812,2026-06-26 18:54:13.379438,C0606,P076,7.0,43.80162842087515
ORD002813,2026-09-02 18:54:13.379438,C0249,P047,5.0,139.30873902788989
ORD002814,2026-05-09 18:54:13.379438,C0068,P005,2.0,273.92099966664114
ORD002815,2026-09-08 18:54:13.379438,C0855,P075,4.0,398.74702845375754
ORD002816,2026-09-02 18:54:13.379438,C0021,P059,2.0,19.192948796272976
ORD002817,2026-07-20 18:54:13.379438,C0831,P075,9.0,369.0524033567198
ORD002818,2026-07-18 18:54:13.379438,C0512,P059,2.0,78.54293605165941
ORD002819,2026-09-08 18:54:13.379438,C0597,P047,2.0,417.032943736237
ORD002820,2026-06-28 18:54:13.379438,C0390,P095,2.0,349.1662570793986
ORD002821,2026-08-16 18:54:13.379438,C0536,P095,1.0,233.69056541538407
ORD002822,2026-09-13 18:54:13.379438,C0111,P013,9.0,412.57580455880935
ORD002823,2026-04-17 18:54:13.379438,C0949,P078,8.0,369.19385533898827
ORD002824,2026-08-01 18:54:13.379438,C0863,P089,2.0,382.0001605047711
ORD002825,2026-08-19 18:54:13.379438,C0595,P033,2.0,152.13613156856275
ORD002826,2026-06-22 18:54:13.379438,C0870,P097,5.0,313.5152375250738
ORD002827,2026-08-25 18:54:13.379438,C0460,P062,4.0,79.1419657754144
ORD002828,2026-07-18 18:54:13.379438,C0078,P079,2.0,412.22177364472384
ORD002829,2026-06-12 18:54:13.379438,C0434,P016,8.0,268.10363928201684
ORD002830,2026-05-17 18:54:13.379438,C0380,P044,8.0,414.1929877313935
ORD002831,2026-06-15 18:54:13.379438,C0652,P058,4.0,113.46687188225569
ORD002832,2026-05-18 18:54:13.379438,C0440,P006,4.0,73.8673414955231
ORD002833,2026-07-19 18:54:13.379438,C0888,P089,9.0,347.5946970024039
ORD002834,2026-06-26 18:54:13.379438,C0783,P015,4.0,38.61478803408947
ORD002835,2026-06-24 18:54:13.379438,C0339,P004,9.0,129.5531133196916
ORD002836,2026-07-19 18:54:13.379438,C0988,P056,3.0,455.26968720814887
ORD002837,2026-04-24 18:54:13.379438,C0424,P064,2.0,75.05140465306765
ORD002838,2026-09-28 18:54:13.379438,C0169,P068,8.0,194.02238567655013
ORD002839,2026-09-11 18:54:13.379438,C0709,P094,3.0,473.33561970640307
ORD002840,2026-04-10 18:54:13.379438,C0965,P034,2.0,19.80157579788802
ORD002841,2026-06-12 18:54:13.379438,C0262,P091,8.0,228.2044055907208
ORD002842,2026-08-08 18:54:13.379438,C0727,P095,8.0,395.36501859031114
ORD002843,2026-08-24 18:54:13.379438,C0579,P056,5.0,455.40039865186503
ORD002844,2026-09-10 18:54:13.379438,C0229,P032,9.0,370.43268930902246
ORD002845,2026-08-29 18:54:13.379438,C0161,P009,6.0,445.311949230755
ORD002846,2026-08-24 18:54:13.379438,C0427,P063,5.0,26.840433878738367
ORD002847,2026-09-26 18:54:13.379438,C0122,P072,3.0,58.93932785782158
ORD002848,2026-08-30 18:54:13.379438,C0149,P078,7.0,371.4860241083785
ORD002849,2026-09-20 18:54:13.379438,C0852,P033,9.0,379.130843602195
ORD002850,2026-09-04 18:54:13.379438,C0705,P087,4.0,306.5830078908912
ORD002851,2026-08-01 18:54:13.379438,C0743,P021,7.0,367.83548642979673
ORD002852,2026-08-09 18:54:13.379438,C0111,P055,3.0,430.44602897128374
ORD002853,2026-08-23 18:54:13.379438,C0657,P076,2.0,277.2864299690591
ORD002854,2026-05-30 18:54:13.379438,C0221,P057,1.0,474.1889371487199
ORD002855,2026-09-15 18:54:13.379438,C0904,P002,6.0,350.176448763847
ORD002856,2026-05-31 18:54:13.379438,C0064,P013,5.0,241.2712217687412
ORD002857,2026-04-24 18:54:13.379438,C0638,P004,2.0,216.54388062447086
ORD002858,2026-06-24 18:54:13.379438,C0730,P084,3.0,377.5817298250973
ORD002859,2026-06-11 18:54:13.379438,C0796,P050,,318.9299166386272
ORD002860,2026-08-12 18:54:13.379438,C0354,P048,3.0,410.5472505349382
ORD002861,2026-06-29 18:54:13.379438,C0474,P078,7.0,392.6832686945653
ORD002862,2026-09-15 18:54:13.379438,C0909,P030,1.0,266.85932092021795
ORD002863,2026-05-22 18:54:13.379438,C0748,P029,7.0,473.39387724453064
ORD002864,2026-08-28 18:54:13.379438,C0485,P008,9.0,355.08606092497047
ORD002865,2026-07-27 18:54:13.379438,C0013,P012,8.0,108.4113979833545
ORD002866,2026-07-01 18:54:13.379438,C0934,P041,7.0,313.0587150623196
ORD002867,2026-06-27 18:54:13.379438,C0153,P026,8.0,108.88839737924101
ORD002868,2026-08-09 18:54:13.379438,C0239,P050,4.0,283.83615464782446
ORD002869,2026-08-21 18:54:13.379438,C0190,P002,2.0,397.067881623953
ORD002870,2026-09-19 18:54:13.379438,C0663,P055,9.0,408.1276177198327
ORD002871,2026-09-11 18:54:13.379438,C0086,P056,3.0,328.9042589101205
ORD002872,2026-09-28 18:54:13.379438,C0021,P014,4.0,393.8200242605788
ORD002873,2026-07-29 18:54:13.379438,C0694,P006,7.0,241.39546663366067
ORD002874,2026-08-08 18:54:13.379438,C0319,P095,2.0,279.8213640854576
ORD002875,2026-06-13 18:54:13.379438,C0158,P081,8.0,441.0074199266948
ORD002876,2026-06-28 18:54:13.379438,C0971,P089,8.0,251.60951865759932
ORD002877,2026-05-06 18:54:13.379438,C0964,P061,5.0,181.955253433651
ORD002878,2026-06-23 18:54:13.379438,C0481,P096,9.0,400.52635901831525
ORD002879,2026-09-02 18:54:13.379438,C0879,P012,8.0,34.732111878275745
ORD002880,2026-06-03 18:54:13.379438,C0076,P013,1.0,479.59493849923734
ORD002881,2026-06-03 18:54:13.379438,C0329,P019,9.0,176.63194366872276
ORD002882,2026-07-10 18:54:13.379438,C0416,P044,5.0,318.51191841212125
ORD002883,2026-05-01 18:54:13.379438,C0203,P089,9.0,345.87307361546686
ORD002884,2026-05-16 18:54:13.379438,C0229,P095,9.0,77.16830207417719
ORD002885,2026-09-19 18:54:13.379438,C0152,P059,3.0,413.20152091211344
ORD002886,2026-09-17 18:54:13.379438,C0775,P037,8.0,290.3353497593354
ORD002887,2026-06-28 18:54:13.379438,C0072,P025,7.0,170.68502259316267
ORD002888,2026-09-27 18:54:13.379438,C0225,P016,7.0,426.83607743913245
ORD002889,2026-04-20 18:54:13.379438,C0473,P038,2.0,316.2893853557288
ORD002890,2026-07-10 18:54:13.379438,C0897,P043,2.0,395.0313033008471
ORD002891,2026-07-10 18:54:13.379438,C0643,P087,2.0,496.23179056225774
ORD002892,2026-06-07 18:54:13.379438,C0360,P014,2.0,73.83544024282864
ORD002893,2026-06-16 18:54:13.379438,C0540,P006,4.0,377.3022770603032
ORD002894,2026-06-27 18:54:13.379438,C0811,P089,7.0,381.2587944679286
ORD002895,2026-04-08 18:54:13.379438,C0609,P023,2.0,438.59793539604567
ORD002896,2026-04-05 18:54:13.379438,C0046,P060,5.0,209.9520717273162
ORD002897,2026-04-25 18:54:13.379438,C0001,P012,7.0,436.1291439372038
ORD002898,2026-07-24 18:54:13.379438,C0678,P013,9.0,323.54278648887987
ORD002899,2026-05-30 18:54:13.379438,C0245,P098,8.0,43.69836443870969
ORD002900,2026-06-08 18:54:13.379438,C0219,P006,9.0,25.443207648684094
ORD002901,2026-06-16 18:54:13.379438,C0614,P063,7.0,245.92785276577564
ORD002902,2026-07-10 18:54:13.379438,C0291,P038,3.0,395.05771529663434
ORD002903,2026-08-25 18:54:13.379438,C0458,P050,1.0,198.27344755716823
ORD002904,2026-07-24 18:54:13.379438,C0204,P052,7.0,427.39775445382173
ORD002905,2026-09-29 18:54:13.379438,C0202,P040,6.0,251.13978804560213
ORD002906,2026-08-06 18:54:13.379438,C0566,P008,2.0,22.881352005003485
ORD002907,2026-09-17 18:54:13.379438,C0482,P061,1.0,487.0958794278942
ORD002908,2026-06-28 18:54:13.379438,C0792,P008,4.0,249.90976465529812
ORD002909,2026-06-18 18:54:13.379438,C0511,P097,4.0,328.56662873090096
ORD002910,2026-06-30 18:54:13.379438,C0924,P034,6.0,107.65171565897293
ORD002911,2026-09-18 18:54:13.379438,C0278,P079,5.0,155.6920260473099
ORD002912,2026-05-11 18:54:13.379438,C0016,P060,9.0,247.29940345832094
ORD002913,2026-06-01 18:54:13.379438,C0525,P057,8.0,429.5327093940939
ORD002914,2026-08-19 18:54:13.379438,C0356,P099,9.0,59.95757024666591
ORD002915,2026-07-11 18:54:13.379438,C0356,P046,7.0,392.36645010925355
ORD002916,2026-06-05 18:54:13.379438,C0830,P022,9.0,293.8818852554635
ORD002917,2026-05-22 18:54:13.379438,C0939,P087,3.0,254.8359843454574
ORD002918,2026-05-05 18:54:13.379438,C0599,P040,9.0,439.52807541211246
ORD002919,2026-08-16 18:54:13.379438,C0078,P045,2.0,67.87886523476611
ORD002920,2026-04-24 18:54:13.379438,C0928,P055,9.0,495.4695305138091
ORD002921,2026-04-23 18:54:13.379438,C0067,P051,6.0,428.77038686477323
ORD002922,2026-09-04 18:54:13.379438,C0859,P086,4.0,169.61109576418696
ORD002923,2026-08-08 18:54:13.379438,C0723,P005,2.0,231.27246225611106
ORD002924,2026-06-10 18:54:13.379438,C0214,P095,3.0,22.25162175903528
ORD002925,2026-07-22 18:54:13.379438,C0697,P013,5.0,268.5264484479602
ORD002926,2026-07-28 18:54:13.379438,C0449,P028,9.0,278.38258994758587
ORD002927,2026-08-24 18:54:13.379438,C0965,P084,7.0,464.02210842286087
ORD002928,2026-08-01 18:54:13.379438,C0433,P097,3.0,200.08358093302004
ORD002929,2026-06-21 18:54:13.379438,C0545,P080,4.0,289.602797251737
ORD002930,2026-07-28 18:54:13.379438,C0115,P062,2.0,372.9024987878852
ORD002931,2026-07-04 18:54:13.379438,C0787,P093,8.0,308.1730546794524
ORD002932,2026-04-17 18:54:13.379438,C0420,P087,6.0,86.52520040425728
ORD002933,2026-09-05 18:54:13.379438,C0499,P024,3.0,94.18947736362081
ORD002934,2026-08-06 18:54:13.379438,C0710,P098,5.0,77.78635588538461
ORD002935,2026-09-18 18:54:13.379438,C0380,P007,5.0,116.68719115965847
ORD002936,2026-05-31 18:54:13.379438,C0143,P038,1.0,170.88158899742064
ORD002937,2026-05-01 18:54:13.379438,C0740,P037,5.0,372.43702557176647
ORD002938,2026-04-29 18:54:13.379438,C0632,P068,6.0,39.853646937213924
ORD002939,2026-07-25 18:54:13.379438,C0865,P098,2.0,412.01803040982423
ORD002940,2026-06-08 18:54:13.379438,C0024,P042,3.0,138.6065810225367
ORD002941,2026-09-03 18:54:13.379438,C0539,P086,5.0,310.5776090966113
ORD002942,2026-08-12 18:54:13.379438,C0945,P005,3.0,280.8564940808316
ORD002943,2026-05-17 18:54:13.379438,C0075,P064,5.0,85.4708958665389
ORD002944,2026-07-09 18:54:13.379438,C0753,P050,5.0,150.7756125274986
ORD002945,2026-05-15 18:54:13.379438,C0535,P087,8.0,155.00125534303007
ORD002946,2026-04-09 18:54:13.379438,C0673,P015,9.0,315.67687021404953
ORD002947,2026-09-17 18:54:13.379438,C0041,P095,8.0,396.36524289124577
ORD002948,2026-09-30 18:54:13.379438,C0750,P073,3.0,498.1814192867734
ORD002949,2026-04-26 18:54:13.379438,C0751,P053,1.0,56.98964460099444
ORD002950,2026-07-01 18:54:13.379438,C0568,P025,3.0,469.94672742365947
ORD002951,2026-08-04 18:54:13.379438,C0413,P089,1.0,285.14778492171115
ORD002952,2026-09-28 18:54:13.379438,C0415,P085,9.0,184.81622868621025
ORD002953,2026-09-21 18:54:13.379438,C0449,P009,3.0,149.44164055163884
ORD002954,2026-08-28 18:54:13.379438,C0610,P038,8.0,112.42984910359691
ORD002955,2026-05-24 18:54:13.379438,C0658,P022,6.0,282.9665736602011
ORD002956,2026-04-14 18:54:13.379438,C0978,P087,3.0,473.54829757142693
ORD002957,2026-04-15 18:54:13.379438,C0774,P049,9.0,99.25639306909135
ORD002958,2026-06-16 18:54:13.379438,C0436,P068,8.0,223.7218539572386
ORD002959,2026-04-11 18:54:13.379438,C0552,P093,3.0,109.88558392003077
ORD002960,2026-09-02 18:54:13.379438,C0705,P015,7.0,96.05888509996247
ORD002961,2026-05-14 18:54:13.379438,C0239,P065,5.0,434.70350934826433
ORD002962,2026-09-14 18:54:13.379438,C0042,P054,2.0,138.36164662990154
ORD002963,2026-06-27 18:54:13.379438,C0734,P030,8.0,131.5061990221589
ORD002964,2026-06-14 18:54:13.379438,C0708,P093,1.0,455.7982223670062
ORD002965,2026-05-28 18:54:13.379438,C0800,P020,4.0,199.1597396039623
ORD002966,2026-08-18 18:54:13.379438,C0010,P033,4.0,14.271171652025085
ORD002967,2026-05-20 18:54:13.379438,C0747,P086,5.0,363.3809692118581
ORD002968,2026-08-24 18:54:13.379438,C0837,P077,4.0,263.335882899305
ORD002969,2026-09-26 18:54:13.379438,C0265,P007,1.0,389.3243838086803
ORD002970,2026-07-16 18:54:13.379438,C0581,P008,7.0,289.4443365167416
ORD002971,2026-05-15 18:54:13.379438,C0445,P028,2.0,182.1209304103156
ORD002972,2026-06-02 18:54:13.379438,C0139,P045,3.0,42.6165019932071
ORD002973,2026-04-15 18:54:13.379438,C0867,P073,5.0,434.3089453075159
ORD002974,2026-08-11 18:54:13.379438,C0731,P089,8.0,111.47148071171276
ORD002975,2026-04-10 18:54:13.379438,C0196,P080,8.0,485.9605127848533
ORD002976,2026-06-22 18:54:13.379438,C0074,P074,2.0,130.4592749408352
ORD002977,2026-08-12 18:54:13.379438,C0615,P011,9.0,415.2474445538884
ORD002978,2026-07-21 18:54:13.379438,C0225,P031,6.0,396.4866208507423
ORD002979,2026-04-06 18:54:13.379438,C0635,P012,9.0,236.7460954411785
ORD002980,2026-04-30 18:54:13.379438,C0102,P095,4.0,206.83489395737155
ORD002981,2026-07-26 18:54:13.379438,C0264,P078,3.0,354.59725060550807
ORD002982,2026-07-19 18:54:13.379438,C0945,P051,5.0,268.9907306871864
ORD002983,2026-05-13 18:54:13.379438,C0920,P044,5.0,319.65949683040736
ORD002984,2026-09-11 18:54:13.379438,C0999,P096,4.0,240.40557494061872
ORD002985,2026-08-10 18:54:13.379438,C0161,P050,7.0,283.0057671166689
ORD002986,2026-04-11 18:54:13.379438,C0233,P017,8.0,102.68351977397766
ORD002987,2026-07-13 18:54:13.379438,C0491,P035,5.0,37.14421425676654
ORD002988,2026-09-10 18:54:13.379438,C0787,P001,9.0,184.4026212131322
ORD002989,2026-08-05 18:54:13.379438,C0770,P029,7.0,238.27235537853653
ORD002990,2026-09-26 18:54:13.379438,C0311,P051,7.0,453.95450721459355
ORD002991,2026-07-19 18:54:13.379438,C0651,P064,8.0,212.83036183670512
ORD002992,2026-07-13 18:54:13.379438,C0227,P004,4.0,222.62018920362502
ORD002993,2026-04-07 18:54:13.379438,C0273,P087,6.0,340.6673906093402
ORD002994,2026-07-22 18:54:13.379438,C0938,P028,5.0,111.32523364838202
ORD002995,2026-04-22 18:54:13.379438,C0317,P016,1.0,437.10340812940996
ORD002996,2026-05-05 18:54:13.379438,C0899,P063,9.0,219.54408041327446
ORD002997,2026-08-18 18:54:13.379438,C0086,P076,2.0,466.08562537638807
ORD002998,2026-04-15 18:54:13.379438,C0291,P053,6.0,142.92151033129798
ORD002999,2026-08-20 18:54:13.379438,C0469,P085,8.0,238.1402704491185
ORD003000,2026-05-19 18:54:13.379438,C0729,P017,3.0,391.2989813824199
ORD003001,2026-07-31 18:54:13.379438,C0871,P040,5.0,282.40413032959714
ORD003002,2026-04-19 18:54:13.379438,C0578,P013,7.0,334.01029261914573
ORD003003,2026-08-10 18:54:13.379438,C0769,P052,4.0,147.5411885469244
ORD003004,2026-06-05 18:54:13.379438,C0647,P058,5.0,170.94500420738862
ORD003005,2026-07-21 18:54:13.379438,C0404,P096,1.0,258.73060952926744
ORD003006,2026-07-31 18:54:13.379438,C0427,P037,4.0,109.21512326087849
ORD003007,2026-04-24 18:54:13.379438,C0375,P079,7.0,71.89002397332078
ORD003008,2026-09-08 18:54:13.379438,C0902,P076,7.0,423.4631756293169
ORD003009,2026-04-16 18:54:13.379438,C0567,P061,4.0,389.67862990010434
ORD003010,2026-09-12 18:54:13.379438,C0868,P079,6.0,466.7079047120676
ORD003011,2026-04-07 18:54:13.379438,C0755,P034,5.0,297.4103854632349
ORD003012,2026-09-06 18:54:13.379438,C0252,P070,1.0,215.9299906573185
ORD003013,2026-07-14 18:54:13.379438,C0533,P017,8.0,60.480297848672336
ORD003014,2026-06-01 18:54:13.379438,C0307,P020,7.0,426.72905810673325
ORD003015,2026-08-09 18:54:13.379438,C0430,P073,5.0,233.5670059507959
ORD003016,2026-04-30 18:54:13.379438,C0675,P059,7.0,284.95557685580076
ORD003017,2026-06-11 18:54:13.379438,C0868,P069,3.0,163.6264320808343
ORD003018,2026-04-28 18:54:13.379438,C0264,P087,8.0,266.6977402901187
ORD003019,2026-08-12 18:54:13.379438,C0068,P033,5.0,393.05863198817235
ORD003020,2026-07-09 18:54:13.379438,C0107,P078,2.0,359.0072780446979
ORD003021,2026-04-28 18:54:13.379438,C0400,P017,2.0,494.5720946158592
ORD003022,2026-08-29 18:54:13.379438,C0579,P057,4.0,252.8679948909237
ORD003023,2026-09-12 18:54:13.379438,C0199,P083,7.0,269.5528692483983
ORD003024,2026-09-04 18:54:13.379438,C0192,P097,4.0,35.8357503801313
ORD003025,2026-08-07 18:54:13.379438,C0514,P001,9.0,200.7975748674123
ORD003026,2026-08-14 18:54:13.379438,C0769,P013,2.0,461.83111828945823
ORD003027,2026-04-12 18:54:13.379438,C0442,P027,6.0,181.73334035335108
ORD003028,2026-07-28 18:54:13.379438,C0001,P070,4.0,385.39479873383436
ORD003029,2026-09-28 18:54:13.379438,C0358,P059,6.0,489.0237129676142
ORD003030,2026-08-15 18:54:13.379438,C0115,P006,9.0,72.15582100889328
ORD003031,2026-06-02 18:54:13.379438,C0903,P097,9.0,173.65659818390532
ORD003032,2026-09-22 18:54:13.379438,C0600,P094,9.0,242.44335422732945
ORD003033,2026-08-02 18:54:13.379438,C0197,P099,9.0,126.31374517759343
ORD003034,2026-08-20 18:54:13.379438,C0981,P023,3.0,16.093819647172438
ORD003035,2026-09-25 18:54:13.379438,C0604,P010,9.0,239.6160300467602
ORD003036,2026-07-20 18:54:13.379438,C0274,P051,3.0,272.94192645231016
ORD003037,2026-07-20 18:54:13.379438,C0856,P019,3.0,316.46288157565255
ORD003038,2026-08-12 18:54:13.379438,C0160,P051,5.0,415.33539761271476
ORD003039,2026-06-18 18:54:13.379438,C0173,P092,6.0,133.99084858884794
ORD003040,2026-05-03 18:54:13.379438,C0545,P087,9.0,39.90767361327205
ORD003041,2026-04-24 18:54:13.379438,C0458,P068,1.0,54.01909052593396
ORD003042,2026-09-06 18:54:13.379438,C0585,P084,8.0,253.73065254350496
ORD003043,2026-09-11 18:54:13.379438,C0433,P083,4.0,461.89587473590257
ORD003044,2026-09-13 18:54:13.379438,C0929,P042,7.0,491.28330051242796
ORD003045,2026-09-30 18:54:13.379438,C0481,P091,6.0,110.47513299192731
ORD003046,2026-05-07 18:54:13.379438,C0455,P057,6.0,84.46402079012553
ORD003047,2026-05-14 18:54:13.379438,C0196,P098,7.0,183.20118675116976
ORD003048,2026-05-24 18:54:13.379438,C0796,P068,4.0,237.3059372185256
ORD003049,2026-09-25 18:54:13.379438,C0599,P038,6.0,405.9519886631542
ORD003050,2026-06-24 18:54:13.379438,C0309,P062,3.0,389.55734245903386
ORD003051,2026-05-31 18:54:13.379438,C0736,P007,5.0,462.106385980326
ORD003052,2026-06-17 18:54:13.379438,C0556,P071,2.0,430.46936197493835
ORD003053,2026-04-26 18:54:13.379438,C0848,P050,3.0,225.00831302356033
ORD003054,2026-09-26 18:54:13.379438,C0494,P052,9.0,19.32118824616302
ORD003055,2026-08-09 18:54:13.379438,C0439,P026,6.0,125.92888044244387
ORD003056,2026-08-31 18:54:13.379438,C0650,P026,3.0,308.9266726617933
ORD003057,2026-04-20 18:54:13.379438,C0782,P019,2.0,255.73224364900747
ORD003058,2026-06-11 18:54:13.379438,C0359,P009,5.0,127.67851463365503
ORD003059,2026-07-20 18:54:13.379438,C0036,P061,5.0,74.48362335882928
ORD003060,2026-08-20 18:54:13.379438,C0034,P020,1.0,115.84594539918686
ORD003061,2026-07-06 18:54:13.379438,C0088,P050,3.0,137.27500972343546
ORD003062,2026-04-18 18:54:13.379438,C0658,P080,7.0,434.972423386519
ORD003063,2026-07-03 18:54:13.379438,C0016,P081,9.0,358.02835016615086
ORD003064,2026-09-13 18:54:13.379438,C0745,P022,5.0,280.6429044691466
ORD003065,2026-05-06 18:54:13.379438,C0421,P013,4.0,20.261100669899825
ORD003066,2026-08-06 18:54:13.379438,C0553,P012,3.0,412.38621793286876
ORD003067,2026-04-19 18:54:13.379438,C0767,P010,9.0,280.70717957546077
ORD003068,2026-09-12 18:54:13.379438,C0793,P065,7.0,317.39681335646117
ORD003069,2026-06-08 18:54:13.379438,C0126,P096,7.0,42.16687445133274
ORD003070,2026-09-18 18:54:13.379438,C0008,P030,8.0,409.276523816638
ORD003071,2026-09-06 18:54:13.379438,C0472,P008,1.0,417.69377423838836
ORD003072,2026-05-20 18:54:13.379438,C0468,P021,4.0,442.83758430239925
ORD003073,2026-09-17 18:54:13.379438,C0880,P022,5.0,268.763851570906
ORD003074,2026-08-29 18:54:13.379438,C0862,P018,5.0,203.08180003509338
ORD003075,2026-08-05 18:54:13.379438,C0852,P066,1.0,45.79270265166277
ORD003076,2026-04-04 18:54:13.379438,C0510,P048,3.0,105.00368098903601
ORD003077,2026-06-29 18:54:13.379438,C0402,P044,2.0,120.52875631999503
ORD003078,2026-08-09 18:54:13.379438,C0836,P009,7.0,40.718082463793024
ORD003079,2026-06-09 18:54:13.379438,C0176,P067,5.0,85.64383437537606
ORD003080,2026-04-07 18:54:13.379438,C0740,P054,3.0,444.5337262161808
ORD003081,2026-09-03 18:54:13.379438,C0966,P026,8.0,277.24725686175424
ORD003082,2026-05-20 18:54:13.379438,C0835,P085,1.0,384.600729640647
ORD003083,2026-05-11 18:54:13.379438,C0914,P094,1.0,144.76167673968095
ORD003084,2026-08-24 18:54:13.379438,C0367,P092,6.0,75.95308460331614
ORD003085,2026-04-24 18:54:13.379438,C0488,P026,1.0,192.89437733084824
ORD003086,2026-05-30 18:54:13.379438,C0018,P034,4.0,398.5627432816463
ORD003087,2026-07-29 18:54:13.379438,C0056,P008,6.0,155.69234071435434
ORD003088,2026-05-19 18:54:13.379438,C0919,P010,1.0,110.22209716572807
ORD003089,2026-08-23 18:54:13.379438,C0035,P048,9.0,20.97458343485362
ORD003090,2026-08-26 18:54:13.379438,C0902,P055,4.0,315.7654858696646
ORD003091,2026-05-12 18:54:13.379438,C0630,P054,9.0,223.55266660604696
ORD003092,2026-08-18 18:54:13.379438,C0794,P078,9.0,136.7908263903555
ORD003093,2026-07-11 18:54:13.379438,C0766,P040,6.0,264.67953552927753
ORD003094,2026-06-19 18:54:13.379438,C0725,P015,7.0,353.30575947295813
ORD003095,2026-07-27 18:54:13.379438,C0573,P081,1.0,131.25873877010832
ORD003096,2026-08-15 18:54:13.379438,C0600,P018,5.0,308.29760325815204
ORD003097,2026-09-01 18:54:13.379438,C0783,P096,3.0,137.47490168655713
ORD003098,2026-07-03 18:54:13.379438,C0347,P023,6.0,493.4638252634591
ORD003099,2026-07-10 18:54:13.379438,C0032,P062,4.0,368.8712327106238
ORD003100,2026-08-01 18:54:13.379438,C0908,P046,9.0,305.30249119962514
ORD003101,2026-05-19 18:54:13.379438,C0133,P087,7.0,94.44207658967396
ORD003102,2026-05-11 18:54:13.379438,C0576,P099,4.0,297.3330059578752
ORD003103,2026-08-23 18:54:13.379438,C0199,P039,6.0,402.22347829666774
ORD003104,2026-07-12 18:54:13.379438,C0256,P015,2.0,371.18261611184005
ORD003105,2026-06-14 18:54:13.379438,C0342,P053,3.0,391.23234704322056
ORD003106,2026-05-08 18:54:13.379438,C0667,P088,7.0,165.72180158764897
ORD003107,2026-08-28 18:54:13.379438,C0975,P064,4.0,170.84914895335388
ORD003108,2026-05-03 18:54:13.379438,C0231,P063,7.0,274.05314089827743
ORD003109,2026-06-20 18:54:13.379438,C0301,P092,9.0,146.54243966353172
ORD003110,2026-06-26 18:54:13.379438,C0547,P080,5.0,65.37643438099268
ORD003111,2026-07-25 18:54:13.379438,C0026,P016,1.0,235.94972334477563
ORD003112,2026-04-28 18:54:13.379438,C0535,P070,5.0,10.942846672701528
ORD003113,2026-09-18 18:54:13.379438,C0653,P066,6.0,382.7715663824588
ORD003114,2026-06-30 18:54:13.379438,C0474,P013,2.0,377.3465904420678
ORD003115,2026-04-17 18:54:13.379438,C0387,P047,8.0,280.43878203427755
ORD003116,2026-09-04 18:54:13.379438,C0285,P009,2.0,376.33330722481674
ORD003117,2026-07-14 18:54:13.379438,C0450,P063,9.0,316.0188472402308
ORD003118,2026-08-31 18:54:13.379438,C0320,P034,2.0,351.7531031846447
ORD003119,2026-09-26 18:54:13.379438,C0156,P081,3.0,41.68135873728597
ORD003120,2026-06-25 18:54:13.379438,C0471,P091,8.0,441.8200746875965
ORD003121,2026-07-22 18:54:13.379438,C0420,P029,6.0,325.5263176928936
ORD003122,2026-09-29 18:54:13.379438,C0113,P037,1.0,309.2090994617806
ORD003123,2026-08-12 18:54:13.379438,C0902,P043,4.0,199.74807214624758
ORD003124,2026-09-20 18:54:13.379438,C0651,P086,5.0,23.786352116383743
ORD003125,2026-04-22 18:54:13.379438,C0422,P064,3.0,451.716249579127
ORD003126,2026-05-01 18:54:13.379438,C0886,P024,1.0,492.9759611839001
ORD003127,2026-09-23 18:54:13.379438,C0930,P071,3.0,405.81545539832496
ORD003128,2026-06-13 18:54:13.379438,C0721,P034,9.0,458.3691901713341
ORD003129,2026-06-05 18:54:13.379438,C0835,P048,2.0,69.26914729827554
ORD003130,2026-06-15 18:54:13.379438,C0876,P012,1.0,73.05085109316508
ORD003131,2026-08-05 18:54:13.379438,C0942,P023,7.0,441.0070542260636
ORD003132,2026-07-31 18:54:13.379438,C0994,P079,7.0,38.17790264675331
ORD003133,2026-08-02 18:54:13.379438,C0598,P097,5.0,55.669726833952936
ORD003134,2026-04-22 18:54:13.379438,C0285,P013,2.0,410.2552279673874
ORD003135,2026-09-25 18:54:13.379438,C0572,P087,1.0,282.91758752450454
ORD003136,2026-08-23 18:54:13.379438,C0054,P096,5.0,201.94626597750172
ORD003137,2026-08-01 18:54:13.379438,C0605,P045,4.0,281.1897329592716
ORD003138,2026-09-16 18:54:13.379438,C0325,P099,9.0,440.58637017276976
ORD003139,2026-06-03 18:54:13.379438,C0970,P065,5.0,380.99483106617834
ORD003140,2026-09-14 18:54:13.379438,C0458,P047,2.0,348.88759717037516
ORD003141,2026-09-18 18:54:13.379438,C0885,P058,4.0,488.67393909855963
ORD003142,2026-05-03 18:54:13.379438,C0265,P005,9.0,265.44031496282815
ORD003143,2026-04-12 18:54:13.379438,C0382,P077,8.0,13.098796482507037
ORD003144,2026-06-06 18:54:13.379438,C0213,P005,3.0,220.22610984784995
ORD003145,2026-09-11 18:54:13.379438,C0333,P060,8.0,57.32025163775402
ORD003146,2026-08-01 18:54:13.379438,C0010,P096,2.0,67.06235409755048
ORD003147,2026-05-25 18:54:13.379438,C0358,P021,3.0,134.90144690000744
ORD003148,2026-07-01 18:54:13.379438,C0203,P024,5.0,196.8699283911078
ORD003149,2026-08-23 18:54:13.379438,C0708,P018,8.0,245.9837956215241
ORD003150,2026-05-26 18:54:13.379438,C0058,P021,1.0,93.21183214146185
ORD003151,2026-06-20 18:54:13.379438,C0494,P054,4.0,162.74298580651805
ORD003152,2026-05-14 18:54:13.379438,C0510,P010,1.0,145.50431741369565
ORD003153,2026-06-10 18:54:13.379438,C0768,P024,1.0,188.97125141934333
ORD003154,2026-04-11 18:54:13.379438,C0223,P085,5.0,62.91537180896488
ORD003155,2026-04-05 18:54:13.379438,C0369,P089,6.0,204.6970687020367
ORD003156,2026-07-17 18:54:13.379438,C0692,P060,1.0,281.6317387585653
ORD003157,2026-08-06 18:54:13.379438,C0418,P057,6.0,57.504580323136864
ORD003158,2026-07-22 18:54:13.379438,C0874,P023,5.0,265.1774118137544
ORD003159,2026-06-28 18:54:13.379438,C0547,P022,4.0,380.3973001282482
ORD003160,2026-09-19 18:54:13.379438,C0871,P068,5.0,14.037447370172009
ORD003161,2026-08-01 18:54:13.379438,C0103,P034,8.0,33.28882727349922
ORD003162,2026-08-08 18:54:13.379438,C0161,P070,9.0,238.5724022595825
ORD003163,2026-04-19 18:54:13.379438,C0200,P028,2.0,437.6610020506362
ORD003164,2026-06-04 18:54:13.379438,C0160,P095,6.0,498.91646926157216
ORD003165,2026-07-25 18:54:13.379438,C0695,P099,3.0,55.76297049283381
ORD003166,2026-09-26 18:54:13.379438,C0865,P039,2.0,18.987559888532097
ORD003167,2026-09-08 18:54:13.379438,C0136,P042,1.0,122.09726182838779
ORD003168,2026-04-15 18:54:13.379438,C0942,P023,4.0,239.06041817604194
ORD003169,2026-05-08 18:54:13.379438,C0398,P070,8.0,290.1799967601579
ORD003170,2026-04-14 18:54:13.379438,C0738,P080,3.0,487.0076067921986
ORD003171,2026-06-06 18:54:13.379438,C0392,P002,5.0,445.3472090905457
ORD003172,2026-05-23 18:54:13.379438,C0755,P024,5.0,285.4283616717228
ORD003173,2026-08-30 18:54:13.379438,C0106,P017,5.0,187.2397832806869
ORD003174,2026-06-11 18:54:13.379438,C0583,P065,9.0,167.4355881128344
ORD003175,2026-05-21 18:54:13.379438,C0589,P070,8.0,290.58608937505494
ORD003176,2026-04-23 18:54:13.379438,C0054,P069,8.0,363.4628922117802
ORD003177,2026-07-13 18:54:13.379438,C0277,P060,1.0,246.0162534722654
ORD003178,2026-09-22 18:54:13.379438,C0111,P050,1.0,159.15540204837438
ORD003179,2026-09-11 18:54:13.379438,C0224,P093,2.0,310.45102539040965
ORD003180,2026-08-18 18:54:13.379438,C0075,P012,8.0,283.39157101515696
ORD003181,2026-06-10 18:54:13.379438,C0506,P047,1.0,219.41048756726346
ORD003182,2026-05-08 18:54:13.379438,C0014,P067,4.0,376.69433624022645
ORD003183,2026-06-07 18:54:13.379438,C0971,P065,9.0,148.28835807535805
ORD003184,2026-04-11 18:54:13.379438,C0770,P027,2.0,247.61325076904376
ORD003185,2026-05-18 18:54:13.379438,C0482,P048,3.0,470.76636761131556
ORD003186,2026-06-29 18:54:13.379438,C0189,P088,6.0,364.1860568101352
ORD003187,2026-09-25 18:54:13.379438,C0364,P062,3.0,200.10622743424673
ORD003188,2026-09-18 18:54:13.379438,C0239,P044,4.0,277.627089016509
ORD003189,2026-06-18 18:54:13.379438,C0401,P019,9.0,208.6861296177651
ORD003190,2026-06-18 18:54:13.379438,C0846,P059,9.0,65.14852822277737
ORD003191,2026-09-24 18:54:13.379438,C0985,P008,5.0,174.11922855962004
ORD003192,2026-05-20 18:54:13.379438,C0304,P055,7.0,431.61713616650985
ORD003193,2026-04-18 18:54:13.379438,C0091,P047,9.0,235.98897793032447
ORD003194,2026-07-17 18:54:13.379438,C0392,P002,8.0,296.4723752376282
ORD003195,2026-08-28 18:54:13.379438,C0184,P094,7.0,98.90891207807948
ORD003196,2026-04-29 18:54:13.379438,C0017,P094,8.0,184.55334955612093
ORD003197,2026-05-25 18:54:13.379438,C0965,P039,5.0,465.3104425982169
ORD003198,2026-07-05 18:54:13.379438,C0012,P045,5.0,163.98029274261827
ORD003199,2026-08-31 18:54:13.379438,C0166,P032,5.0,132.77492186493913
ORD003200,2026-04-24 18:54:13.379438,C0146,P065,1.0,37.39091027307624
ORD003201,2026-05-24 18:54:13.379438,C0282,P038,6.0,57.64310099044964
ORD003202,2026-05-11 18:54:13.379438,C0991,P077,5.0,296.54677566209386
ORD003203,2026-04-23 18:54:13.379438,C0549,P011,8.0,333.4160714034545
ORD003204,2026-09-07 18:54:13.379438,C0582,P010,8.0,324.3744350665701
ORD003205,2026-09-29 18:54:13.379438,C0169,P059,2.0,274.5163682054977
ORD003206,2026-08-13 18:54:13.379438,C0847,P090,6.0,250.57593583846975
ORD003207,2026-05-28 18:54:13.379438,C0170,P055,6.0,45.349049629702996
ORD003208,2026-07-04 18:54:13.379438,C0765,P020,3.0,421.94071233218483
ORD003209,2026-05-01 18:54:13.379438,C0346,P081,1.0,261.40957184785555
ORD003210,2026-04-07 18:54:13.379438,C0499,P017,7.0,74.63818796540671
ORD003211,2026-08-31 18:54:13.379438,C0460,P068,5.0,76.56623331175334
ORD003212,2026-06-18 18:54:13.379438,C0297,P005,5.0,261.34869563232354
ORD003213,2026-09-23 18:54:13.379438,C0943,P060,8.0,129.84253423800448
ORD003214,2026-06-09 18:54:13.379438,C0142,P023,5.0,461.7628402312395
ORD003215,2026-06-28 18:54:13.379438,C0897,P046,5.0,254.4849762059804
ORD003216,2026-09-12 18:54:13.379438,C0785,P052,1.0,489.42507580720803
ORD003217,2026-07-03 18:54:13.379438,C0737,P010,2.0,369.7377639111471
ORD003218,2026-07-17 18:54:13.379438,C0695,P046,5.0,407.24245589284
ORD003219,2026-04-04 18:54:13.379438,C0733,P028,7.0,200.55059346223823
ORD003220,2026-06-14 18:54:13.379438,C0053,P097,3.0,75.67018201872243
ORD003221,2026-06-29 18:54:13.379438,C0118,P043,1.0,347.9512021039642
ORD003222,2026-09-16 18:54:13.379438,C0365,P026,2.0,209.46488841995136
ORD003223,2026-04-09 18:54:13.379438,C0671,P055,3.0,474.9521058858448
ORD003224,2026-09-03 18:54:13.379438,C0958,P048,9.0,104.87979868301917
ORD003225,2026-08-26 18:54:13.379438,C0136,P029,8.0,316.98668970499875
ORD003226,2026-06-03 18:54:13.379438,C0414,P027,4.0,434.36997901518475
ORD003227,2026-04-15 18:54:13.379438,C0077,P018,8.0,207.38623422915154
ORD003228,2026-04-09 18:54:13.379438,C0848,P060,9.0,477.2971334521756
ORD003229,2026-04-30 18:54:13.379438,C0962,P074,3.0,47.542125775808586
ORD003230,2026-08-17 18:54:13.379438,C0557,P069,6.0,297.5936169824244
ORD003231,2026-08-05 18:54:13.379438,C0018,P074,8.0,390.919492982772
ORD003232,2026-07-18 18:54:13.379438,C0867,P021,7.0,108.88538830252982
ORD003233,2026-07-05 18:54:13.379438,C0941,P024,9.0,38.350151542235004
ORD003234,2026-07-21 18:54:13.379438,C0403,P003,7.0,49.14982982842928
ORD003235,2026-07-11 18:54:13.379438,C0205,P095,1.0,166.4223274566343
ORD003236,2026-09-18 18:54:13.379438,C0499,P062,9.0,119.35413453052773
ORD003237,2026-08-23 18:54:13.379438,C0324,P002,5.0,119.70617607880038
ORD003238,2026-05-08 18:54:13.379438,C0595,P066,6.0,234.67527522652557
ORD003239,2026-09-26 18:54:13.379438,C0562,P042,2.0,51.61755183267751
ORD003240,2026-06-26 18:54:13.379438,C0281,P034,2.0,497.7953083760252
ORD003241,2026-05-29 18:54:13.379438,C0166,P042,4.0,350.94573802618413
ORD003242,2026-09-27 18:54:13.379438,C0243,P020,4.0,24.84374502143622
ORD003243,2026-08-22 18:54:13.379438,C0889,P097,5.0,349.0330435047316
ORD003244,2026-05-22 18:54:13.379438,C0479,P068,7.0,397.99561345155934
ORD003245,2026-05-19 18:54:13.379438,C0164,P045,1.0,103.47349807263465
ORD003246,2026-07-25 18:54:13.379438,C0324,P075,4.0,421.7356312957282
ORD003247,2026-08-17 18:54:13.379438,C0568,P042,9.0,309.7648548742307
ORD003248,2026-05-16 18:54:13.379438,C0551,P047,8.0,412.2193083732829
ORD003249,2026-08-29 18:54:13.379438,C0831,P005,3.0,361.17989499730436
ORD003250,2026-08-05 18:54:13.379438,C0640,P089,6.0,355.2680212106079
ORD003251,2026-07-09 18:54:13.379438,C0903,P049,9.0,87.53811094572019
ORD003252,2026-07-02 18:54:13.379438,C0634,P037,8.0,164.74047668202863
ORD003253,2026-05-12 18:54:13.379438,C0759,P034,7.0,266.390249174339
ORD003254,2026-06-27 18:54:13.379438,C0698,P073,7.0,65.14783707740564
ORD003255,2026-09-27 18:54:13.379438,C0208,P070,1.0,244.46159284817222
ORD003256,2026-06-04 18:54:13.379438,C0315,P018,5.0,228.20687758655654
ORD003257,2026-07-18 18:54:13.379438,C0304,P078,7.0,123.64243092840312
ORD003258,2026-07-19 18:54:13.379438,C0901,P019,2.0,107.8617179668178
ORD003259,2026-05-27 18:54:13.379438,C0239,P078,6.0,131.2133344419911
ORD003260,2026-08-07 18:54:13.379438,C0727,P040,2.0,306.5023135124922
ORD003261,2026-04-12 18:54:13.379438,C0804,P017,3.0,213.32666206570252
ORD003262,2026-06-30 18:54:13.379438,C0224,P060,1.0,212.83995579992956
ORD003263,2026-05-10 18:54:13.379438,C0088,P099,3.0,99.04927336947718
ORD003264,2026-05-22 18:54:13.379438,C0537,P093,7.0,395.80938449990293
ORD003265,2026-05-14 18:54:13.379438,C0429,P042,5.0,353.18590041627266
ORD003266,2026-04-20 18:54:13.379438,C0220,P081,4.0,220.24678071258313
ORD003267,2026-06-30 18:54:13.379438,C0275,P072,8.0,79.67894042876708
ORD003268,2026-04-24 18:54:13.379438,C0647,P065,8.0,360.20342655968705
ORD003269,2026-05-24 18:54:13.379438,C0954,P053,1.0,450.43372760600005
ORD003270,2026-06-01 18:54:13.379438,C0745,P007,9.0,97.34834491260902
ORD003271,2026-09-17 18:54:13.379438,C0977,P005,9.0,305.30360907490325
ORD003272,2026-05-14 18:54:13.379438,C0066,P024,,217.91131303104015
ORD003273,2026-05-12 18:54:13.379438,C0592,P028,2.0,52.94867615950021
ORD003274,2026-08-22 18:54:13.379438,C0423,P062,8.0,365.6552345747977
ORD003275,2026-04-14 18:54:13.379438,C0255,P017,6.0,44.86213635847156
ORD003276,2026-08-28 18:54:13.379438,C0125,P020,3.0,354.0934298209674
ORD003277,2026-08-20 18:54:13.379438,C0146,P003,2.0,147.76491819019213
ORD003278,2026-06-19 18:54:13.379438,C0615,P037,5.0,287.17327877205764
ORD003279,2026-08-08 18:54:13.379438,C0385,P090,8.0,88.62238261143825
ORD003280,2026-05-19 18:54:13.379438,C0447,P015,6.0,191.73946623304232
ORD003281,2026-05-18 18:54:13.379438,C0387,P051,3.0,61.00384931513453
ORD003282,2026-04-04 18:54:13.379438,C0383,P048,9.0,238.97877435883012
ORD003283,2026-09-18 18:54:13.379438,C0277,P008,8.0,114.51244416421133
ORD003284,2026-07-20 18:54:13.379438,C0382,P013,6.0,102.08593442768847
ORD003285,2026-04-22 18:54:13.379438,C0124,P048,1.0,62.504684981791286
ORD003286,2026-06-18 18:54:13.379438,C0926,P003,2.0,385.0626644017527
ORD003287,2026-06-14 18:54:13.379438,C0267,P065,4.0,323.3647398782885
ORD003288,2026-07-21 18:54:13.379438,C0790,P073,2.0,86.88294416784233
ORD003289,2026-04-15 18:54:13.379438,C0111,P031,3.0,241.4903999820598
ORD003290,2026-09-11 18:54:13.379438,C0381,P026,8.0,333.83346156644643
ORD003291,2026-05-18 18:54:13.379438,C0825,P081,9.0,440.2536557647373
ORD003292,2026-07-02 18:54:13.379438,C0601,P056,6.0,39.19035567367136
ORD003293,2026-07-15 18:54:13.379438,C0899,P034,4.0,187.55391897326754
ORD003294,2026-04-11 18:54:13.379438,C0158,P009,2.0,311.8170900519006
ORD003295,2026-09-03 18:54:13.379438,C0728,P062,7.0,17.652545776226685
ORD003296,2026-07-03 18:54:13.379438,C0896,P013,7.0,129.32795399220967
ORD003297,2026-09-24 18:54:13.379438,C0813,P069,9.0,375.00126213324114
ORD003298,2026-06-29 18:54:13.379438,C0548,P041,5.0,184.31091697654878
ORD003299,2026-09-08 18:54:13.379438,C0599,P077,4.0,51.40242239648374
ORD003300,2026-09-25 18:54:13.379438,C0118,P001,6.0,317.03170896329067
ORD003301,2026-09-27 18:54:13.379438,C0328,P089,2.0,132.5258688093129
ORD003302,2026-09-25 18:54:13.379438,C0960,P047,2.0,353.81050565682887
ORD003303,2026-06-26 18:54:13.379438,C0694,P004,9.0,451.0856871511414
ORD003304,2026-06-24 18:54:13.379438,C0068,P063,7.0,268.650946211119
ORD003305,2026-08-27 18:54:13.379438,C0434,P052,7.0,303.5804909866878
ORD003306,2026-06-10 18:54:13.379438,C0359,P010,5.0,262.0589105269827
ORD003307,2026-09-11 18:54:13.379438,C0671,P028,7.0,410.5466241643869
ORD003308,2026-08-08 18:54:13.379438,C0797,P006,9.0,128.44017246368227
ORD003309,2026-09-14 18:54:13.379438,C0443,P027,5.0,206.75647887344886
ORD003310,2026-06-24 18:54:13.379438,C0164,P012,9.0,448.56540215638387
ORD003311,2026-08-28 18:54:13.379438,C0973,P062,1.0,364.58655119284754
ORD003312,2026-09-06 18:54:13.379438,C0361,P052,3.0,166.84206761328403
ORD003313,2026-09-18 18:54:13.379438,C0585,P048,7.0,417.989814031558
ORD003314,2026-06-26 18:54:13.379438,C0119,P067,4.0,127.02386319837221
ORD003315,2026-07-25 18:54:13.379438,C0853,P046,2.0,320.7478828193023
ORD003316,2026-06-18 18:54:13.379438,C0195,P097,3.0,478.663909128144
ORD003317,2026-08-03 18:54:13.379438,C0601,P074,7.0,291.60838016457694
ORD003318,2026-08-24 18:54:13.379438,C0857,P095,8.0,401.73883621671644
ORD003319,2026-05-14 18:54:13.379438,C0588,P015,9.0,370.36106485413444
ORD003320,2026-09-17 18:54:13.379438,C0733,P071,6.0,434.203305141315
ORD003321,2026-04-05 18:54:13.379438,C0651,P036,9.0,484.6944479051409
ORD003322,2026-05-02 18:54:13.379438,C0884,P014,4.0,20.93511295720738
ORD003323,2026-07-17 18:54:13.379438,C0907,P078,5.0,23.656187974078428
ORD003324,2026-05-24 18:54:13.379438,C0241,P003,1.0,301.26692647900643
ORD003325,2026-06-17 18:54:13.379438,C0509,P067,9.0,477.58022179556485
ORD003326,2026-04-13 18:54:13.379438,C0666,P086,9.0,247.9847055967093
ORD003327,2026-08-23 18:54:13.379438,C0565,P019,9.0,421.49198633207675
ORD003328,2026-05-24 18:54:13.379438,C0142,P099,3.0,386.2747990283066
ORD003329,2026-07-30 18:54:13.379438,C0832,P076,8.0,254.1436142530551
ORD003330,2026-08-02 18:54:13.379438,C0976,P054,3.0,261.4544405593875
ORD003331,2026-05-12 18:54:13.379438,C0906,P069,6.0,223.65637217276654
ORD003332,2026-05-01 18:54:13.379438,C0031,P010,5.0,133.57737526402138
ORD003333,2026-04-06 18:54:13.379438,C0223,P033,8.0,430.76901154067775
ORD003334,2026-06-26 18:54:13.379438,C0804,P013,3.0,112.68936749056269
ORD003335,2026-09-05 18:54:13.379438,C0266,P099,1.0,454.3910695086043
ORD003336,2026-07-29 18:54:13.379438,C0282,P051,9.0,186.266528708167
ORD003337,2026-04-05 18:54:13.379438,C0788,P032,9.0,22.983680177224116
ORD003338,2026-07-05 18:54:13.379438,C0381,P075,-1.0,92.50523343422513
ORD003339,2026-09-16 18:54:13.379438,C0556,P024,2.0,445.0341345241088
ORD003340,2026-08-12 18:54:13.379438,C0062,P035,4.0,72.93782567052435
ORD003341,2026-08-25 18:54:13.379438,C0713,P083,8.0,371.9990986331789
ORD003342,2026-07-06 18:54:13.379438,C0847,P070,6.0,99.57871734930818
ORD003343,2026-05-13 18:54:13.379438,C0521,P040,1.0,254.47711921964031
ORD003344,2026-04-05 18:54:13.379438,C0071,P054,8.0,110.55143525218251
ORD003345,2026-06-23 18:54:13.379438,C0602,P044,5.0,173.25106450650273
ORD003346,2026-09-19 18:54:13.379438,C0536,P062,6.0,71.16288995658732
ORD003347,2026-04-15 18:54:13.379438,C0140,P099,5.0,282.4411152999393
ORD003348,2026-09-13 18:54:13.379438,C0316,P068,5.0,189.254352925248
ORD003349,2026-06-07 18:54:13.379438,C0340,P033,3.0,189.08725842903462
ORD003350,2026-05-28 18:54:13.379438,C0888,P077,4.0,28.901340764815977
ORD003351,2026-05-18 18:54:13.379438,C0590,P056,5.0,76.70291067807668
ORD003352,2026-07-13 18:54:13.379438,C0726,P036,2.0,356.6899379565342
ORD003353,2026-06-04 18:54:13.379438,C0528,P054,6.0,153.23693702774744
ORD003354,2026-05-22 18:54:13.379438,C0541,P019,2.0,226.6138839368849
ORD003355,2026-08-08 18:54:13.379438,C0416,P043,4.0,383.9032520614454
ORD003356,2026-09-03 18:54:13.379438,C0467,P012,1.0,227.9311449303802
ORD003357,2026-04-26 18:54:13.379438,C0375,P011,4.0,120.54842541100479
ORD003358,2026-09-02 18:54:13.379438,C0291,P070,7.0,279.41387913526717
ORD003359,2026-05-11 18:54:13.379438,C0043,P012,8.0,402.5909429655281
ORD003360,2026-05-01 18:54:13.379438,C0864,P091,2.0,303.82452293411416
ORD003361,2026-04-24 18:54:13.379438,C0887,P041,3.0,215.8888119807267
ORD003362,2026-07-19 18:54:13.379438,C0053,P025,1.0,71.55601353524469
ORD003363,2026-08-27 18:54:13.379438,C0788,P003,7.0,131.86945566723296
ORD003364,2026-09-14 18:54:13.379438,C0883,P003,4.0,473.59825010823937
ORD003365,2026-07-11 18:54:13.379438,C0232,P084,8.0,388.18594326720387
ORD003366,2026-09-23 18:54:13.379438,C0212,P028,5.0,52.91022493929151
ORD003367,2026-07-31 18:54:13.379438,C0008,P023,9.0,12.70215689529211
ORD003368,2026-06-15 18:54:13.379438,C0634,P048,6.0,95.95547720795204
ORD003369,2026-08-03 18:54:13.379438,C0483,P067,2.0,472.50646175980944
ORD003370,2026-05-03 18:54:13.379438,C0042,P042,1.0,294.2190696804254
ORD003371,2026-07-20 18:54:13.379438,C0333,P088,1.0,420.94327958208345
ORD003372,2026-07-10 18:54:13.379438,C0233,P040,9.0,237.9602563688641
ORD003373,2026-05-05 18:54:13.379438,C0070,P006,1.0,415.0517148202101
ORD003374,2026-09-06 18:54:13.379438,C0879,P020,3.0,26.619044701477296
ORD003375,2026-09-22 18:54:13.379438,C0016,P011,2.0,219.14152903667824
ORD003376,2026-06-21 18:54:13.379438,C0069,P096,4.0,195.02129700657713
ORD003377,2026-05-14 18:54:13.379438,C0053,P027,1.0,490.9577388107601
ORD003378,2026-06-05 18:54:13.379438,C0685,P021,1.0,157.2331088385251
ORD003379,2026-04-26 18:54:13.379438,C0947,P013,4.0,214.28925574807124
ORD003380,2026-07-16 18:54:13.379438,C0994,P086,4.0,381.8124158079574
ORD003381,2026-06-17 18:54:13.379438,C0774,P035,7.0,441.5494187282413
ORD003382,2026-05-21 18:54:13.379438,C0379,P047,8.0,440.41020538316803
ORD003383,2026-09-10 18:54:13.379438,C0801,P086,8.0,203.31032662401148
ORD003384,2026-05-30 18:54:13.379438,C0463,P028,8.0,474.79192700360306
ORD003385,2026-07-30 18:54:13.379438,C0527,P021,9.0,330.21934936968415
ORD003386,2026-07-12 18:54:13.379438,C0782,P018,1.0,427.0564186282866
ORD003387,2026-08-05 18:54:13.379438,C0679,P031,9.0,463.8758414618252
ORD003388,2026-09-11 18:54:13.379438,C0063,P060,8.0,124.46386440633106
ORD003389,2026-09-02 18:54:13.379438,C0261,P037,1.0,254.60725776836097
ORD003390,2026-09-17 18:54:13.379438,C0500,P021,7.0,298.02067493186905
ORD003391,2026-05-07 18:54:13.379438,C0121,P014,9.0,403.19446959362574
ORD003392,2026-09-06 18:54:13.379438,C0858,P089,4.0,206.57119156328056
ORD003393,2026-09-15 18:54:13.379438,C0240,P091,9.0,113.12009448985039
ORD003394,2026-04-10 18:54:13.379438,C0465,P060,1.0,374.18492146461
ORD003395,2026-09-15 18:54:13.379438,C0107,P023,9.0,300.24389795129326
ORD003396,2026-05-29 18:54:13.379438,C0180,P095,6.0,450.166483714815
ORD003397,2026-06-07 18:54:13.379438,C0016,P029,4.0,330.9646904869514
ORD003398,2026-05-20 18:54:13.379438,C0355,P047,5.0,18.2452303483729
ORD003399,2026-08-29 18:54:13.379438,C0934,P030,7.0,483.6591860492163
ORD003400,2026-04-22 18:54:13.379438,C0309,P090,4.0,300.62423987087993
ORD003401,2026-09-07 18:54:13.379438,C0727,P084,8.0,301.97985992358747
ORD003402,2026-08-27 18:54:13.379438,C0589,P038,3.0,455.53808338736917
ORD003403,2026-09-13 18:54:13.379438,C0737,P083,2.0,335.26632880867385
ORD003404,2026-09-21 18:54:13.379438,C0605,P027,1.0,244.86737976255674
ORD003405,2026-08-07 18:54:13.379438,C0181,P089,6.0,62.569813843408355
ORD003406,2026-08-20 18:54:13.379438,C0174,P087,2.0,481.47740284314216
ORD003407,2026-05-22 18:54:13.379438,C0354,P093,8.0,48.45881516122124
ORD003408,2026-07-25 18:54:13.379438,C0354,P015,4.0,93.44689475206522
ORD003409,2026-05-11 18:54:13.379438,C0219,P059,9.0,411.5730626208621
ORD003410,2026-06-06 18:54:13.379438,C0655,P003,4.0,250.2986109095274
ORD003411,2026-06-11 18:54:13.379438,C0315,P010,4.0,97.3515568148398
ORD003412,2026-08-17 18:54:13.379438,C0434,P079,8.0,150.21933669862733
ORD003413,2026-09-12 18:54:13.379438,C0905,P080,8.0,497.0670530801877
ORD003414,2026-09-26 18:54:13.379438,C0282,P017,5.0,296.1698656528287
ORD003415,2026-07-28 18:54:13.379438,C0259,P083,3.0,206.79058470156784
ORD003416,2026-06-07 18:54:13.379438,C0868,P011,2.0,439.346554059721
ORD003417,2026-05-04 18:54:13.379438,C0559,P048,9.0,245.05145310709693
ORD003418,2026-08-13 18:54:13.379438,C0005,P005,9.0,160.88837588458392
ORD003419,2026-07-25 18:54:13.379438,C0574,P069,5.0,90.46896873813564
ORD003420,2026-07-21 18:54:13.379438,C0980,P064,8.0,374.78991528774253
ORD003421,2026-09-28 18:54:13.379438,C0596,P014,7.0,302.14931556573526
ORD003422,2026-06-11 18:54:13.379438,C0645,P050,-1.0,55.253461703873704
ORD003423,2026-09-08 18:54:13.379438,C0394,P026,5.0,299.9035622418701
ORD003424,2026-08-01 18:54:13.379438,C0336,P072,9.0,88.1309185675754
ORD003425,2026-06-30 18:54:13.379438,C0063,P069,4.0,491.0426920951471
ORD003426,2026-06-09 18:54:13.379438,C0793,P007,3.0,137.25746035733522
ORD003427,2026-06-17 18:54:13.379438,C0044,P016,7.0,351.0479280732509
ORD003428,2026-05-18 18:54:13.379438,C0153,P055,8.0,331.4620841878757
ORD003429,2026-04-07 18:54:13.379438,C0926,P078,5.0,348.7622142264912
ORD003430,2026-09-04 18:54:13.379438,C0782,P056,8.0,220.69750759509037
ORD003431,2026-09-05 18:54:13.379438,C0854,P004,5.0,46.42258134720576
ORD003432,2026-09-24 18:54:13.379438,C0683,P048,9.0,490.2036150015267
ORD003433,2026-07-19 18:54:13.379438,C0156,P017,7.0,103.84765890850638
ORD003434,2026-05-24 18:54:13.379438,C0478,P036,5.0,387.16294215361194
ORD003435,2026-05-23 18:54:13.379438,C0275,P070,9.0,77.4110151137498
ORD003436,2026-04-09 18:54:13.379438,C0358,P080,5.0,147.78653710927097
ORD003437,2026-06-01 18:54:13.379438,C0426,P093,8.0,284.3444578580579
ORD003438,2026-08-06 18:54:13.379438,C0532,P038,4.0,212.5999875054596
ORD003439,2026-08-24 18:54:13.379438,C0483,P062,9.0,479.5505881355212
ORD003440,2026-05-03 18:54:13.379438,C0214,P048,6.0,425.36574538037814
ORD003441,2026-09-20 18:54:13.379438,C0079,P010,6.0,461.6772702842045
ORD003442,2026-08-03 18:54:13.379438,C0139,P036,3.0,323.9413162385104
ORD003443,2026-08-06 18:54:13.379438,C0950,P029,3.0,117.26869686314551
ORD003444,2026-05-10 18:54:13.379438,C0098,P078,4.0,264.0647197693178
ORD003445,2026-09-20 18:54:13.379438,C0889,P004,1.0,385.1113641465777
ORD003446,2026-08-05 18:54:13.379438,C0664,P044,6.0,41.71192811602698
ORD003447,2026-07-13 18:54:13.379438,C0198,P056,1.0,432.927363983738
ORD003448,2026-05-08 18:54:13.379438,C0785,P042,4.0,319.36194921886437
ORD003449,2026-06-29 18:54:13.379438,C0156,P013,7.0,364.55001921904153
ORD003450,2026-08-15 18:54:13.379438,C0050,P046,6.0,350.20476604850484
ORD003451,2026-04-21 18:54:13.379438,C0479,P082,8.0,425.403568961688
ORD003452,2026-07-25 18:54:13.379438,C0228,P033,4.0,52.88526493073538
ORD003453,2026-05-02 18:54:13.379438,C0951,P021,9.0,194.75153530079535
ORD003454,2026-06-19 18:54:13.379438,C0457,P080,8.0,256.2821322858832
ORD003455,2026-06-01 18:54:13.379438,C0522,P079,5.0,277.83263395052404
ORD003456,2026-09-25 18:54:13.379438,C0149,P057,6.0,471.8520295351487
ORD003457,2026-08-07 18:54:13.379438,C0058,P069,5.0,30.80728172584617
ORD003458,2026-08-26 18:54:13.379438,C0162,P070,6.0,434.5327563845173
ORD003459,2026-07-21 18:54:13.379438,C0863,P067,1.0,280.4315252742083
ORD003460,2026-04-25 18:54:13.379438,C0477,P048,4.0,281.76780294041134
ORD003461,2026-06-10 18:54:13.379438,C0107,P076,9.0,166.96185738061743
ORD003462,2026-06-11 18:54:13.379438,C0427,P033,4.0,325.37389347276235
ORD003463,2026-09-15 18:54:13.379438,C0395,P036,2.0,326.742432548104
ORD003464,2026-05-22 18:54:13.379438,C0801,P033,6.0,102.75404729156288
ORD003465,2026-08-22 18:54:13.379438,C0186,P031,2.0,341.73291359365254
ORD003466,2026-09-12 18:54:13.379438,C0558,P021,3.0,140.68609744245802
ORD003467,2026-07-21 18:54:13.379438,C0957,P027,7.0,347.5054663739309
ORD003468,2026-06-28 18:54:13.379438,C0446,P091,4.0,309.8520680004217
ORD003469,2026-05-26 18:54:13.379438,C0641,P072,1.0,360.81647017757643
ORD003470,2026-08-04 18:54:13.379438,C0917,P062,9.0,19.652901675625674
ORD003471,2026-06-29 18:54:13.379438,C0830,P096,6.0,71.42915362536375
ORD003472,2026-09-29 18:54:13.379438,C0448,P026,9.0,421.69832139507116
ORD003473,2026-08-12 18:54:13.379438,C0087,P066,3.0,196.55439806184876
ORD003474,2026-05-15 18:54:13.379438,C0249,P012,5.0,419.9919936819974
ORD003475,2026-07-10 18:54:13.379438,C0841,P022,9.0,40.710386823818
ORD003476,2026-09-10 18:54:13.379438,C0440,P017,6.0,386.99196369670955
ORD003477,2026-07-21 18:54:13.379438,C0257,P007,2.0,51.04584683635436
ORD003478,2026-05-24 18:54:13.379438,C0277,P068,1.0,239.48005497157405
ORD003479,2026-06-27 18:54:13.379438,C0790,P037,9.0,469.4110844542936
ORD003480,2026-09-24 18:54:13.379438,C0438,P038,1.0,48.062254048924885
ORD003481,2026-08-08 18:54:13.379438,C0516,P096,5.0,181.82444347766696
ORD003482,2026-04-24 18:54:13.379438,C0577,P011,1.0,263.9908133372817
ORD003483,2026-05-17 18:54:13.379438,C0947,P001,5.0,450.73408187223464
ORD003484,2026-08-20 18:54:13.379438,C0202,P025,5.0,172.97752505661802
ORD003485,2026-07-15 18:54:13.379438,C0575,P042,7.0,405.4503895770219
ORD003486,2026-06-10 18:54:13.379438,C0655,P052,7.0,361.9047860720574
ORD003487,2026-08-10 18:54:13.379438,C0756,P024,1.0,160.46301190198395
ORD003488,2026-07-04 18:54:13.379438,C0804,P053,9.0,176.9984892219739
ORD003489,2026-04-27 18:54:13.379438,C0797,P056,1.0,103.59597064012533
ORD003490,2026-08-06 18:54:13.379438,C0180,P063,5.0,349.5515603915922
ORD003491,2026-08-22 18:54:13.379438,C0686,P081,7.0,285.9201707886367
ORD003492,2026-07-23 18:54:13.379438,C0325,P008,8.0,85.92653239129878
ORD003493,2026-07-10 18:54:13.379438,C0925,P059,2.0,313.8344354600037
ORD003494,2026-08-20 18:54:13.379438,C0623,P045,1.0,254.33832605433614
ORD003495,2026-09-29 18:54:13.379438,C0687,P027,4.0,55.36907682640356
ORD003496,2026-04-20 18:54:13.379438,C0475,P052,4.0,477.3146823470942
ORD003497,2026-07-11 18:54:13.379438,C0665,P018,6.0,419.0303290708459
ORD003498,2026-06-24 18:54:13.379438,C0976,P091,1.0,44.80182267884707
ORD003499,2026-07-16 18:54:13.379438,C0400,P086,1.0,466.3212895616589
ORD003500,2026-09-02 18:54:13.379438,C0868,P016,3.0,459.17213554545964
ORD003501,2026-04-22 18:54:13.379438,C0217,P066,5.0,30.669678199202945
ORD003502,2026-09-15 18:54:13.379438,C0809,P005,6.0,108.7246834466286
ORD003503,2026-06-27 18:54:13.379438,C0961,P082,5.0,354.18010950095817
ORD003504,2026-04-11 18:54:13.379438,C0453,P003,5.0,467.94105176122576
ORD003505,2026-05-01 18:54:13.379438,C0404,P091,9.0,413.3262136607016
ORD003506,2026-04-08 18:54:13.379438,C0965,P081,2.0,148.12994843268427
ORD003507,2026-08-26 18:54:13.379438,C0932,P080,1.0,26.384892695667503
ORD003508,2026-07-13 18:54:13.379438,C0989,P070,6.0,241.71483309670123
ORD003509,2026-09-14 18:54:13.379438,C0240,P007,9.0,55.06125485884721
ORD003510,2026-07-30 18:54:13.379438,C0738,P050,7.0,130.195153732035
ORD003511,2026-08-28 18:54:13.379438,C0186,P014,8.0,323.6475574753707
ORD003512,2026-06-06 18:54:13.379438,C0048,P038,5.0,252.55928497027344
ORD003513,2026-07-03 18:54:13.379438,C0978,P079,4.0,194.59243597970715
ORD003514,2026-07-29 18:54:13.379438,C0386,P047,6.0,465.6815399111748
ORD003515,2026-07-10 18:54:13.379438,C0208,P033,3.0,104.55342578334701
ORD003516,2026-04-14 18:54:13.379438,C0157,P043,1.0,248.864339144607
ORD003517,2026-05-27 18:54:13.379438,C0225,P091,4.0,291.01263812813636
ORD003518,2026-09-23 18:54:13.379438,C0144,P029,9.0,167.7515980115464
ORD003519,2026-05-20 18:54:13.379438,C0419,P057,4.0,355.5957451899014
ORD003520,2026-08-21 18:54:13.379438,C0111,P005,1.0,434.9665511539585
ORD003521,2026-08-30 18:54:13.379438,C0830,P093,4.0,275.324674986065
ORD003522,2026-08-20 18:54:13.379438,C0875,P096,7.0,392.855102126075
ORD003523,2026-04-08 18:54:13.379438,C0874,P060,3.0,39.871205915570904
ORD003524,2026-04-23 18:54:13.379438,C0465,P070,6.0,85.3534558590946
ORD003525,2026-09-19 18:54:13.379438,C0132,P002,1.0,236.39250913519064
ORD003526,2026-05-19 18:54:13.379438,C0625,P070,4.0,461.29972935495357
ORD003527,2026-04-15 18:54:13.379438,C0836,P043,3.0,270.47981380005706
ORD003528,2026-06-12 18:54:13.379438,C0947,P004,1.0,221.828037635782
ORD003529,2026-04-20 18:54:13.379438,C0601,P056,3.0,304.0527093781174
ORD003530,2026-07-27 18:54:13.379438,C0673,P093,4.0,70.98823949174096
ORD003531,2026-08-28 18:54:13.379438,C0334,P059,5.0,330.30351011353264
ORD003532,2026-09-04 18:54:13.379438,C0920,P089,6.0,56.07036085598683
ORD003533,2026-05-21 18:54:13.379438,C0075,P009,2.0,292.6287250211758
ORD003534,2026-07-20 18:54:13.379438,C0793,P003,2.0,360.05112015786636
ORD003535,2026-05-25 18:54:13.379438,C0412,P090,6.0,211.63865727598971
ORD003536,2026-07-08 18:54:13.379438,C0519,P048,5.0,456.3423361602915
ORD003537,2026-06-12 18:54:13.379438,C0625,P043,1.0,84.49570186395857
ORD003538,2026-07-14 18:54:13.379438,C0036,P091,3.0,93.76965098700967
ORD003539,2026-06-17 18:54:13.379438,C0778,P096,5.0,263.2880606310255
ORD003540,2026-09-11 18:54:13.379438,C0625,P001,2.0,466.5111331944602
ORD003541,2026-09-01 18:54:13.379438,C0804,P057,1.0,201.44231545244614
ORD003542,2026-08-24 18:54:13.379438,C0223,P053,9.0,463.93594010310414
ORD003543,2026-09-05 18:54:13.379438,C0723,P016,5.0,349.80269703567654
ORD003544,2026-09-29 18:54:13.379438,C0530,P051,2.0,393.4520613518697
ORD003545,2026-06-24 18:54:13.379438,C0241,P075,4.0,469.5566451578313
ORD003546,2026-07-04 18:54:13.379438,C0134,P090,3.0,290.44088523446476
ORD003547,2026-09-29 18:54:13.379438,C0732,P055,7.0,324.4099358853626
ORD003548,2026-09-25 18:54:13.379438,C0391,P001,1.0,293.70531380996084
ORD003549,2026-04-07 18:54:13.379438,C0102,P090,4.0,394.58069412782675
ORD003550,2026-08-16 18:54:13.379438,C0652,P028,7.0,143.96908430692585
ORD003551,2026-07-21 18:54:13.379438,C0681,P053,5.0,396.14343983873664
ORD003552,2026-09-13 18:54:13.379438,C0498,P058,4.0,359.63735932200535
ORD003553,2026-05-21 18:54:13.379438,C0511,P073,4.0,305.0124267964629
ORD003554,2026-06-15 18:54:13.379438,C0703,P060,2.0,29.00795469924351
ORD003555,2026-06-14 18:54:13.379438,C0994,P059,8.0,389.52654620657717
ORD003556,2026-07-28 18:54:13.379438,C0537,P022,4.0,74.88871696743061
ORD003557,2026-09-23 18:54:13.379438,C0977,P008,2.0,481.3662422937321
ORD003558,2026-06-23 18:54:13.379438,C0949,P049,9.0,49.93161959428596
ORD003559,2026-06-23 18:54:13.379438,C0545,P042,7.0,362.9350340935974
ORD003560,2026-07-25 18:54:13.379438,C0343,P027,3.0,186.60858499812187
ORD003561,2026-07-08 18:54:13.379438,C0841,P039,7.0,370.4882921363364
ORD003562,2026-06-14 18:54:13.379438,C0006,P083,1.0,264.286828373352
ORD003563,2026-08-28 18:54:13.379438,C0958,P025,1.0,318.4575631250385
ORD003564,2026-06-05 18:54:13.379438,C0194,P038,4.0,46.96400289873296
ORD003565,2026-05-11 18:54:13.379438,C0742,P085,4.0,483.57475525983136
ORD003566,2026-06-09 18:54:13.379438,C0137,P024,4.0,11.884773132442124
ORD003567,2026-06-11 18:54:13.379438,C0835,P024,9.0,471.1681307298465
ORD003568,2026-04-16 18:54:13.379438,C0912,P060,6.0,288.442594025498
ORD003569,2026-09-25 18:54:13.379438,C0473,P083,3.0,136.5523728428396
ORD003570,2026-05-04 18:54:13.379438,C0216,P050,6.0,322.48660713761285
ORD003571,2026-07-26 18:54:13.379438,C0349,P066,2.0,339.71959632173366
ORD003572,2026-04-25 18:54:13.379438,C0876,P014,2.0,367.8625059901064
ORD003573,2026-07-05 18:54:13.379438,C0183,P053,7.0,18.05449964949542
ORD003574,2026-09-21 18:54:13.379438,C0168,P032,3.0,491.5633778543188
ORD003575,2026-06-09 18:54:13.379438,C0794,P096,7.0,312.77733799058825
ORD003576,2026-05-27 18:54:13.379438,C0038,P092,3.0,194.99273696610678
ORD003577,2026-08-19 18:54:13.379438,C0675,P048,2.0,289.6186878869734
ORD003578,2026-05-15 18:54:13.379438,C0471,P039,4.0,97.42669309822791
ORD003579,2026-06-06 18:54:13.379438,C0452,P040,4.0,131.16060987743987
ORD003580,2026-08-07 18:54:13.379438,C0955,P042,3.0,52.03195648813119
ORD003581,2026-04-24 18:54:13.379438,C0490,P077,9.0,440.8244871423819
ORD003582,2026-09-19 18:54:13.379438,C0142,P076,6.0,133.28405641302203
ORD003583,2026-09-02 18:54:13.379438,C0760,P008,5.0,372.45813027410935
ORD003584,2026-05-08 18:54:13.379438,C0943,P079,6.0,144.35735457847542
ORD003585,2026-05-03 18:54:13.379438,C0103,P026,8.0,81.53443825060778
ORD003586,2026-05-30 18:54:13.379438,C0711,P012,5.0,62.98589060116255
ORD003587,2026-05-20 18:54:13.379438,C0712,P043,4.0,431.5197318546958
ORD003588,2026-09-13 18:54:13.379438,C0042,P051,7.0,68.67102452722361
ORD003589,2026-04-22 18:54:13.379438,C0947,P091,5.0,52.703099667118366
ORD003590,2026-07-26 18:54:13.379438,C0147,P082,4.0,14.583844922092215
ORD003591,2026-04-11 18:54:13.379438,C0066,P063,5.0,189.55562418685858
ORD003592,2026-04-29 18:54:13.379438,C0943,P049,4.0,471.9167233657594
ORD003593,2026-07-25 18:54:13.379438,C0193,P027,8.0,455.2384309494383
ORD003594,2026-06-13 18:54:13.379438,C0298,P009,8.0,66.37582581135675
ORD003595,2026-05-03 18:54:13.379438,C0038,P039,1.0,16.122415495208124
ORD003596,2026-08-16 18:54:13.379438,C0502,P065,3.0,377.9936860122052
ORD003597,2026-06-09 18:54:13.379438,C0653,P071,4.0,160.1738724090215
ORD003598,2026-06-07 18:54:13.379438,C0618,P090,2.0,418.99172007886233
ORD003599,2026-05-09 18:54:13.379438,C0428,P071,5.0,115.56042497496776
ORD003600,2026-04-28 18:54:13.379438,C0664,P007,8.0,251.18221431760628
ORD003601,2026-05-10 18:54:13.379438,C0352,P072,2.0,26.14355896915841
ORD003602,2026-04-04 18:54:13.379438,C0926,P080,9.0,448.41026562964555
ORD003603,2026-08-24 18:54:13.379438,C0326,P067,7.0,97.20823778572888
ORD003604,2026-05-10 18:54:13.379438,C0038,P010,6.0,154.40448608751748
ORD003605,2026-08-22 18:54:13.379438,C0097,P071,8.0,245.05319432432609
ORD003606,2026-08-17 18:54:13.379438,C0108,P085,2.0,142.92173278414742
ORD003607,2026-08-14 18:54:13.379438,C0631,P053,5.0,29.680088550250762
ORD003608,2026-08-09 18:54:13.379438,C0151,P095,4.0,24.25220359672432
ORD003609,2026-08-08 18:54:13.379438,C0074,P087,8.0,478.0544987790606
ORD003610,2026-04-04 18:54:13.379438,C0057,P057,1.0,169.4931988819945
ORD003611,2026-09-14 18:54:13.379438,C0878,P091,3.0,173.85188109325597
ORD003612,2026-05-08 18:54:13.379438,C0335,P086,8.0,462.2209852972358
ORD003613,2026-07-16 18:54:13.379438,C0252,P027,5.0,419.7153031094759
ORD003614,2026-04-26 18:54:13.379438,C0919,P054,4.0,346.6013866189172
ORD003615,2026-04-12 18:54:13.379438,C0804,P004,6.0,332.6678210957653
ORD003616,2026-05-07 18:54:13.379438,C0825,P088,5.0,402.53201074763723
ORD003617,2026-09-24 18:54:13.379438,C0767,P023,3.0,92.74897046419909
ORD003618,2026-08-09 18:54:13.379438,C0254,P048,5.0,335.4946801422055
ORD003619,2026-04-07 18:54:13.379438,C0385,P083,4.0,58.215310209650255
ORD003620,2026-09-08 18:54:13.379438,C0456,P042,1.0,71.9912390938901
ORD003621,2026-07-14 18:54:13.379438,C0259,P003,1.0,128.95048937902652
ORD003622,2026-06-17 18:54:13.379438,C0782,P091,7.0,357.8038541824786
ORD003623,2026-07-11 18:54:13.379438,C0465,P003,4.0,447.34714507676983
ORD003624,2026-06-14 18:54:13.379438,C0034,P028,1.0,348.4852808181926
ORD003625,2026-04-06 18:54:13.379438,C0495,P063,6.0,214.14528319098685
ORD003626,2026-08-23 18:54:13.379438,C0326,P081,1.0,261.69399718656325
ORD003627,2026-09-23 18:54:13.379438,C0837,P031,8.0,359.039641533562
ORD003628,2026-05-07 18:54:13.379438,C0238,P010,9.0,310.5081265675669
ORD003629,2026-05-18 18:54:13.379438,C0691,P049,3.0,269.43909182400245
ORD003630,2026-06-03 18:54:13.379438,C0616,P086,7.0,126.02831469977616
ORD003631,2026-06-25 18:54:13.379438,C0541,P094,5.0,312.31085255784916
ORD003632,2026-08-04 18:54:13.379438,C0739,P021,3.0,19.1474060284687
ORD003633,2026-07-14 18:54:13.379438,C0466,P053,5.0,284.4264502073379
ORD003634,2026-04-19 18:54:13.379438,C0744,P087,7.0,412.16508841253795
ORD003635,2026-06-08 18:54:13.379438,C0304,P076,7.0,98.0777693794465
ORD003636,2026-09-18 18:54:13.379438,C0862,P089,9.0,65.963106875118
ORD003637,2026-08-26 18:54:13.379438,C0847,P054,8.0,485.415226045312
ORD003638,2026-07-31 18:54:13.379438,C0117,P057,4.0,423.2970351669131
ORD003639,2026-09-12 18:54:13.379438,C0207,P020,5.0,157.9805685862244
ORD003640,2026-08-05 18:54:13.379438,C0912,P049,5.0,112.2006528231411
ORD003641,2026-08-25 18:54:13.379438,C0697,P007,2.0,173.6792879197828
ORD003642,2026-07-14 18:54:13.379438,C0481,P029,7.0,221.30023593265457
ORD003643,2026-06-08 18:54:13.379438,C0650,P048,7.0,412.3306250696149
ORD003644,2026-04-16 18:54:13.379438,C0403,P093,9.0,127.20982826660925
ORD003645,2026-07-23 18:54:13.379438,C0997,P013,9.0,363.2140810448989
ORD003646,2026-09-09 18:54:13.379438,C0835,P003,4.0,465.3525809903179
ORD003647,2026-05-07 18:54:13.379438,C0676,P002,5.0,195.96098271506776
ORD003648,2026-05-12 18:54:13.379438,C0900,P016,7.0,22.76298804630448
ORD003649,2026-08-17 18:54:13.379438,C0587,P094,7.0,415.5320469207348
ORD003650,2026-08-01 18:54:13.379438,C0233,P006,8.0,357.12278745567136
ORD003651,2026-08-07 18:54:13.379438,C0929,P045,8.0,83.04420388013716
ORD003652,2026-05-28 18:54:13.379438,C0284,P071,2.0,302.4837232099629
ORD003653,2026-04-30 18:54:13.379438,C0480,P005,9.0,414.1600676642057
ORD003654,2026-07-30 18:54:13.379438,C0889,P056,4.0,98.70558779019248
ORD003655,2026-05-26 18:54:13.379438,C0767,P071,1.0,119.22191792879538
ORD003656,2026-05-12 18:54:13.379438,C0976,P098,1.0,108.87295835949351
ORD003657,2026-06-07 18:54:13.379438,C0009,P032,5.0,498.7757611354185
ORD003658,2026-08-26 18:54:13.379438,C0715,P049,7.0,122.46559293493253
ORD003659,2026-09-08 18:54:13.379438,C0902,P013,5.0,140.7900127080269
ORD003660,2026-04-16 18:54:13.379438,C0379,P030,3.0,33.48357771480107
ORD003661,2026-04-24 18:54:13.379438,C0817,P025,7.0,491.80644140910044
ORD003662,2026-08-28 18:54:13.379438,C0603,P085,1.0,130.90954080745468
ORD003663,2026-05-26 18:54:13.379438,C0381,P060,1.0,365.3642485583005
ORD003664,2026-04-22 18:54:13.379438,C0844,P059,2.0,22.92058133796764
ORD003665,2026-05-30 18:54:13.379438,C0662,P085,1.0,393.8674659944944
ORD003666,2026-04-28 18:54:13.379438,C0360,P028,9.0,377.799140952291
ORD003667,2026-05-04 18:54:13.379438,C0176,P058,4.0,51.23488214198034
ORD003668,2026-06-23 18:54:13.379438,C0485,P020,7.0,70.07490040492138
ORD003669,2026-04-26 18:54:13.379438,C0405,P034,5.0,154.60354530066635
ORD003670,2026-05-05 18:54:13.379438,C0033,P005,7.0,183.78728702134424
ORD003671,2026-06-16 18:54:13.379438,C0465,P082,7.0,393.91486174141545
ORD003672,2026-04-13 18:54:13.379438,C0696,P060,1.0,39.98259985078796
ORD003673,2026-05-27 18:54:13.379438,C0157,P043,1.0,328.6173844163954
ORD003674,2026-05-25 18:54:13.379438,C0565,P057,3.0,121.98163179496325
ORD003675,2026-08-29 18:54:13.379438,C0808,P057,2.0,197.40992847678146
ORD003676,2026-09-10 18:54:13.379438,C0202,P075,7.0,11.079936374005344
ORD003677,2026-07-26 18:54:13.379438,C0786,P054,3.0,152.6505855102426
ORD003678,2026-04-17 18:54:13.379438,C0175,P081,7.0,93.95559872570922
ORD003679,2026-09-28 18:54:13.379438,C0244,P045,9.0,256.9463580491184
ORD003680,2026-09-06 18:54:13.379438,C0269,P086,1.0,87.51424483152529
ORD003681,2026-07-22 18:54:13.379438,C0923,P037,3.0,419.5506329265063
ORD003682,2026-05-26 18:54:13.379438,C0446,P084,6.0,442.62378335937484
ORD003683,2026-09-02 18:54:13.379438,C0074,P048,9.0,424.1919275451453
ORD003684,2026-06-21 18:54:13.379438,C0096,P054,5.0,491.083382791033
ORD003685,2026-04-25 18:54:13.379438,C0873,P048,3.0,458.17673994839777
ORD003686,2026-05-03 18:54:13.379438,C0173,P006,8.0,147.09607715360858
ORD003687,2026-04-07 18:54:13.379438,C0899,P034,5.0,164.0859011960148
ORD003688,2026-06-01 18:54:13.379438,C0406,P063,6.0,271.00313682924644
ORD003689,2026-04-11 18:54:13.379438,C0155,P078,2.0,198.6292456572966
ORD003690,2026-04-15 18:54:13.379438,C0183,P048,4.0,485.2564025273919
ORD003691,2026-07-31 18:54:13.379438,C0323,P023,1.0,176.3702473051388
ORD003692,2026-09-09 18:54:13.379438,C0289,P084,4.0,372.6403669130577
ORD003693,2026-05-07 18:54:13.379438,C0258,P013,1.0,291.9272341561774
ORD003694,2026-06-24 18:54:13.379438,C0587,P047,4.0,478.67554446971155
ORD003695,2026-07-10 18:54:13.379438,C0174,P044,2.0,374.81363312018664
ORD003696,2026-08-08 18:54:13.379438,C0330,P032,6.0,158.78646129741026
ORD003697,2026-06-17 18:54:13.379438,C0231,P026,6.0,106.56349486022914
ORD003698,2026-07-17 18:54:13.379438,C0759,P053,8.0,428.76294347627334
ORD003699,2026-05-22 18:54:13.379438,C0161,P014,9.0,456.39707494799734
ORD003700,2026-06-21 18:54:13.379438,C0186,P052,8.0,417.2361964461329
ORD003701,2026-07-05 18:54:13.379438,C0903,P036,1.0,371.3502887729828
ORD003702,2026-09-04 18:54:13.379438,C0143,P008,3.0,167.64772021265554
ORD003703,2026-04-21 18:54:13.379438,C0282,P040,6.0,257.6328376571713
ORD003704,2026-07-08 18:54:13.379438,C0907,P086,1.0,458.6944319621186
ORD003705,2026-05-11 18:54:13.379438,C0640,P022,8.0,76.09975792453025
ORD003706,2026-06-29 18:54:13.379438,C0678,P016,6.0,252.51040929123175
ORD003707,2026-06-30 18:54:13.379438,C0027,P091,1.0,184.19958396371726
ORD003708,2026-05-23 18:54:13.379438,C0246,P060,2.0,341.9698919424519
ORD003709,2026-04-11 18:54:13.379438,C0487,P060,6.0,320.69421179344795
ORD003710,2026-09-19 18:54:13.379438,C0647,P010,8.0,284.42809999046466
ORD003711,2026-08-15 18:54:13.379438,C0897,P025,5.0,147.01165755577043
ORD003712,2026-06-11 18:54:13.379438,C0202,P031,1.0,88.17961997544376
ORD003713,2026-09-22 18:54:13.379438,C0021,P021,2.0,394.3257944778438
ORD003714,2026-08-02 18:54:13.379438,C0591,P091,4.0,495.95715748658
ORD003715,2026-06-06 18:54:13.379438,C0670,P081,4.0,92.85609368001089
ORD003716,2026-09-07 18:54:13.379438,C0094,P033,7.0,47.138222401697696
ORD003717,2026-09-06 18:54:13.379438,C0008,P031,2.0,375.4081170946348
ORD003718,2026-08-20 18:54:13.379438,C0472,P090,7.0,178.48932048757467
ORD003719,2026-08-02 18:54:13.379438,C0339,P021,7.0,114.37175511934652
ORD003720,2026-06-07 18:54:13.379438,C0259,P036,7.0,267.311571005449
ORD003721,2026-07-19 18:54:13.379438,C0055,P065,3.0,340.8551215800163
ORD003722,2026-08-28 18:54:13.379438,C0911,P004,6.0,115.27602651128738
ORD003723,2026-08-18 18:54:13.379438,C0548,P068,6.0,497.3067489548787
ORD003724,2026-09-05 18:54:13.379438,C0006,P090,4.0,170.8298503160775
ORD003725,2026-09-12 18:54:13.379438,C0377,P004,1.0,164.32698123749586
ORD003726,2026-09-22 18:54:13.379438,C0554,P009,9.0,217.27042595622672
ORD003727,2026-07-12 18:54:13.379438,C0050,P030,2.0,375.0643522510989
ORD003728,2026-06-24 18:54:13.379438,C0112,P045,9.0,437.8960814464342
ORD003729,2026-08-24 18:54:13.379438,C0146,P004,8.0,168.7531941969839
ORD003730,2026-05-24 18:54:13.379438,C0230,P069,1.0,68.18622702880106
ORD003731,2026-08-22 18:54:13.379438,C0723,P023,7.0,135.5041024624125
ORD003732,2026-06-25 18:54:13.379438,C0497,P016,3.0,51.29701276017424
ORD003733,2026-09-27 18:54:13.379438,C0306,P022,9.0,318.8688009894317
ORD003734,2026-07-24 18:54:13.379438,C0542,P072,5.0,372.94112123966994
ORD003735,2026-05-29 18:54:13.379438,C0461,P048,3.0,220.34060546431613
ORD003736,2026-09-29 18:54:13.379438,C0807,P062,8.0,476.86957361096324
ORD003737,2026-09-15 18:54:13.379438,C0628,P097,3.0,366.4866737257823
ORD003738,2026-08-26 18:54:13.379438,C0908,P060,7.0,196.03284681195564
ORD003739,2026-09-07 18:54:13.379438,C0226,P080,7.0,60.084790155066194
ORD003740,2026-09-11 18:54:13.379438,C0059,P005,7.0,251.91501140366566
ORD003741,2026-06-02 18:54:13.379438,C0076,P080,1.0,256.8794133261857
ORD003742,2026-08-01 18:54:13.379438,C0428,P007,5.0,279.7876140947371
ORD003743,2026-08-19 18:54:13.379438,C0728,P051,1.0,344.40024523946363
ORD003744,2026-09-25 18:54:13.379438,C0132,P065,7.0,139.54752333243573
ORD003745,2026-04-26 18:54:13.379438,C0932,P009,8.0,11.217388521091587
ORD003746,2026-08-30 18:54:13.379438,C0498,P082,7.0,408.29392251810197
ORD003747,2026-04-16 18:54:13.379438,C0816,P045,1.0,413.53298011928786
ORD003748,2026-07-13 18:54:13.379438,C0910,P047,3.0,456.6946657835392
ORD003749,2026-09-11 18:54:13.379438,C0593,P067,3.0,484.82795352282403
ORD003750,2026-04-27 18:54:13.379438,C0305,P024,7.0,87.99400699620044
ORD003751,2026-07-20 18:54:13.379438,C0067,P092,4.0,183.39711933265843
ORD003752,2026-04-14 18:54:13.379438,C0230,P010,3.0,427.1660247164192
ORD003753,2026-04-20 18:54:13.379438,C0983,P073,6.0,467.6597011458819
ORD003754,2026-09-25 18:54:13.379438,C0333,P077,6.0,17.119471147880603
ORD003755,2026-04-28 18:54:13.379438,C0905,P048,5.0,199.891648107159
ORD003756,2026-07-06 18:54:13.379438,C0277,P035,6.0,65.55908796194367
ORD003757,2026-04-24 18:54:13.379438,C0873,P054,3.0,396.344550318938
ORD003758,2026-06-26 18:54:13.379438,C0584,P087,5.0,376.0938992024426
ORD003759,2026-08-21 18:54:13.379438,C0721,P081,9.0,379.60832574567684
ORD003760,2026-05-10 18:54:13.379438,C0784,P071,4.0,201.21523264679993
ORD003761,2026-05-15 18:54:13.379438,C0144,P016,2.0,209.06130767004558
ORD003762,2026-08-26 18:54:13.379438,C0251,P053,5.0,138.3136879966816
ORD003763,2026-07-13 18:54:13.379438,C0796,P040,3.0,186.83783352571825
ORD003764,2026-05-21 18:54:13.379438,C0691,P020,3.0,491.70995572836495
ORD003765,2026-07-15 18:54:13.379438,C0952,P088,4.0,32.81869301159579
ORD003766,2026-05-01 18:54:13.379438,C0080,P069,4.0,168.76371172194948
ORD003767,2026-05-14 18:54:13.379438,C0057,P045,5.0,397.0622509682035
ORD003768,2026-07-11 18:54:13.379438,C0366,P006,7.0,197.34953113820362
ORD003769,2026-05-20 18:54:13.379438,C0308,P092,4.0,475.49236430869234
ORD003770,2026-08-27 18:54:13.379438,C0174,P069,7.0,172.7506274498187
ORD003771,2026-07-17 18:54:13.379438,C0462,P049,9.0,426.3815898433699
ORD003772,2026-08-05 18:54:13.379438,C0750,P039,3.0,409.3964773082931
ORD003773,2026-04-16 18:54:13.379438,C0678,P002,5.0,14.511736824562337
ORD003774,2026-08-22 18:54:13.379438,C0596,P039,4.0,207.46465610258903
ORD003775,2026-07-12 18:54:13.379438,C0493,P021,9.0,147.51228847019013
ORD003776,2026-05-04 18:54:13.379438,C0560,P040,5.0,245.0081892455443
ORD003777,2026-08-11 18:54:13.379438,C0639,P082,2.0,236.7578219040372
ORD003778,2026-04-19 18:54:13.379438,C0681,P054,1.0,453.70945441270425
ORD003779,2026-08-18 18:54:13.379438,C0866,P012,7.0,99.95486055311696
ORD003780,2026-06-15 18:54:13.379438,C0374,P081,1.0,99.27364989426903
ORD003781,2026-09-16 18:54:13.379438,C0955,P037,8.0,62.95270247753532
ORD003782,2026-05-27 18:54:13.379438,C0349,P038,9.0,371.9390831077983
ORD003783,2026-07-12 18:54:13.379438,C0067,P015,7.0,459.75155818350765
ORD003784,2026-07-21 18:54:13.379438,C0330,P007,9.0,190.5669199600903
ORD003785,2026-06-29 18:54:13.379438,C0852,P078,6.0,40.29302330476747
ORD003786,2026-09-23 18:54:13.379438,C0194,P050,7.0,86.45053860141039
ORD003787,2026-09-12 18:54:13.379438,C0155,P065,3.0,60.16826347973294
ORD003788,2026-08-18 18:54:13.379438,C0160,P067,9.0,300.2466180143181
ORD003789,2026-04-11 18:54:13.379438,C0696,P044,3.0,148.3259359076757
ORD003790,2026-04-10 18:54:13.379438,C0266,P031,6.0,449.74934232592557
ORD003791,2026-05-09 18:54:13.379438,C0168,P043,4.0,89.51853700679185
ORD003792,2026-04-21 18:54:13.379438,C0145,P077,9.0,465.77643870444604
ORD003793,2026-04-06 18:54:13.379438,C0186,P048,1.0,173.0420286710867
ORD003794,2026-05-01 18:54:13.379438,C0886,P082,9.0,434.97982505590585
ORD003795,2026-06-12 18:54:13.379438,C0865,P081,4.0,475.00798522794867
ORD003796,2026-09-22 18:54:13.379438,C0774,P081,5.0,493.3181561586335
ORD003797,2026-08-30 18:54:13.379438,C0423,P061,1.0,403.7607507352116
ORD003798,2026-05-01 18:54:13.379438,C0786,P075,1.0,59.82640541176515
ORD003799,2026-05-27 18:54:13.379438,C0457,P084,6.0,37.13557558483383
ORD003800,2026-06-07 18:54:13.379438,C0840,P010,1.0,372.4672219263555
ORD003801,2026-07-12 18:54:13.379438,C0345,P029,2.0,449.5494538820739
ORD003802,2026-04-24 18:54:13.379438,C0735,P048,3.0,91.36789094892751
ORD003803,2026-04-16 18:54:13.379438,C0554,P098,7.0,471.12304821964005
ORD003804,2026-05-30 18:54:13.379438,C0516,P081,2.0,309.0116173148548
ORD003805,2026-05-22 18:54:13.379438,C0788,P062,5.0,70.76456103033684
ORD003806,2026-07-30 18:54:13.379438,C0796,P013,9.0,91.84649658708744
ORD003807,2026-05-27 18:54:13.379438,C0936,P044,8.0,42.31818518707301
ORD003808,2026-08-19 18:54:13.379438,C0705,P047,8.0,80.17548978453617
ORD003809,2026-05-26 18:54:13.379438,C0104,P064,2.0,368.74072931764914
ORD003810,2026-05-17 18:54:13.379438,C0247,P091,1.0,117.19551076990408
ORD003811,2026-05-20 18:54:13.379438,C0812,P053,9.0,285.2105312293209
ORD003812,2026-05-26 18:54:13.379438,C0023,P090,4.0,363.32982540726465
ORD003813,2026-06-16 18:54:13.379438,C0953,P092,9.0,448.6860702305861
ORD003814,2026-05-19 18:54:13.379438,C0815,P077,7.0,299.06416569573474
ORD003815,2026-04-16 18:54:13.379438,C0525,P076,6.0,289.1615227163121
ORD003816,2026-09-15 18:54:13.379438,C0144,P044,9.0,457.28329206009516
ORD003817,2026-07-14 18:54:13.379438,C0730,P028,4.0,154.50339203296417
ORD003818,2026-04-27 18:54:13.379438,C0695,P002,1.0,109.81377973576052
ORD003819,2026-04-05 18:54:13.379438,C0863,P057,5.0,437.67002291202846
ORD003820,2026-06-23 18:54:13.379438,C0754,P057,6.0,46.516250746464024
ORD003821,2026-07-12 18:54:13.379438,C0193,P034,6.0,102.9442368129174
ORD003822,2026-08-23 18:54:13.379438,C0465,P087,1.0,211.51399349617432
ORD003823,2026-08-19 18:54:13.379438,C0784,P058,7.0,187.01278389781035
ORD003824,2026-09-13 18:54:13.379438,C0375,P052,8.0,355.985083131458
ORD003825,2026-09-03 18:54:13.379438,C0677,P029,5.0,54.98538996527396
ORD003826,2026-08-12 18:54:13.379438,C0692,P035,2.0,243.8073304272118
ORD003827,2026-07-23 18:54:13.379438,C0629,P075,2.0,406.1919156389645
ORD003828,2026-07-14 18:54:13.379438,C0266,P048,5.0,344.8383332132007
ORD003829,2026-04-20 18:54:13.379438,C0378,P033,7.0,319.50804057735536
ORD003830,2026-04-15 18:54:13.379438,C0550,P075,7.0,127.28633396067094
ORD003831,2026-07-28 18:54:13.379438,C0556,P073,4.0,202.88003463102876
ORD003832,2026-04-27 18:54:13.379438,C0863,P078,3.0,98.55451531503677
ORD003833,2026-05-02 18:54:13.379438,C0074,P009,9.0,259.3732763711531
ORD003834,2026-09-21 18:54:13.379438,C0438,P048,7.0,296.24245766485666
ORD003835,2026-09-03 18:54:13.379438,C0881,P067,2.0,319.27876188133837
ORD003836,2026-08-03 18:54:13.379438,C0226,P093,1.0,439.2183128178583
ORD003837,2026-07-02 18:54:13.379438,C0819,P083,2.0,40.29661148846233
ORD003838,2026-06-07 18:54:13.379438,C0308,P036,3.0,200.2731252331724
ORD003839,2026-06-26 18:54:13.379438,C0966,P096,5.0,299.575653278347
ORD003840,2026-07-31 18:54:13.379438,C0348,P071,3.0,289.36019232785355
ORD003841,2026-09-06 18:54:13.379438,C0476,P092,9.0,20.635019753537833
ORD003842,2026-04-19 18:54:13.379438,C0315,P044,4.0,102.76144597377134
ORD003843,2026-09-25 18:54:13.379438,C0525,P082,7.0,424.41494331478424
ORD003844,2026-07-16 18:54:13.379438,C0425,P060,4.0,262.54199299302235
ORD003845,2026-07-04 18:54:13.379438,C0524,P063,3.0,212.64387683050617
ORD003846,2026-04-30 18:54:13.379438,C0562,P005,1.0,451.08588027630475
ORD003847,2026-09-20 18:54:13.379438,C0825,P087,9.0,46.72651382940925
ORD003848,2026-09-25 18:54:13.379438,C0946,P086,1.0,461.9320874903824
ORD003849,2026-09-12 18:54:13.379438,C0249,P090,1.0,23.61382433394997
ORD003850,2026-09-15 18:54:13.379438,C0631,P076,1.0,285.708436201972
ORD003851,2026-08-15 18:54:13.379438,C0569,P040,5.0,281.9946438356898
ORD003852,2026-08-16 18:54:13.379438,C0182,P019,7.0,323.1434486119323
ORD003853,2026-09-03 18:54:13.379438,C0962,P047,7.0,24.516873714529595
ORD003854,2026-05-06 18:54:13.379438,C0776,P065,1.0,269.95425982014376
ORD003855,2026-05-28 18:54:13.379438,C0106,P067,6.0,65.6708794738525
ORD003856,2026-04-10 18:54:13.379438,C0191,P091,9.0,86.42976239828832
ORD003857,2026-05-30 18:54:13.379438,C0137,P018,6.0,115.52388801336853
ORD003858,2026-08-07 18:54:13.379438,C0700,P050,4.0,310.4567645664076
ORD003859,2026-04-15 18:54:13.379438,C0120,P030,9.0,201.14344109171327
ORD003860,2026-04-19 18:54:13.379438,C0754,P066,3.0,51.81533636569534
ORD003861,2026-05-16 18:54:13.379438,C0831,P005,4.0,151.6164964867354
ORD003862,2026-07-29 18:54:13.379438,C0072,P093,4.0,47.54445047102909
ORD003863,2026-08-16 18:54:13.379438,C0755,P097,4.0,335.4224645317669
ORD003864,2026-07-23 18:54:13.379438,C0131,P042,6.0,283.1579632934074
ORD003865,2026-05-24 18:54:13.379438,C0457,P084,7.0,209.7662216004745
ORD003866,2026-09-10 18:54:13.379438,C0781,P094,9.0,464.5616265593009
ORD003867,2026-06-17 18:54:13.379438,C0905,P005,3.0,264.1752934762128
ORD003868,2026-04-11 18:54:13.379438,C0479,P050,8.0,444.8924249929806
ORD003869,2026-05-18 18:54:13.379438,C0985,P085,8.0,293.7516728491692
ORD003870,2026-06-01 18:54:13.379438,C0052,P058,1.0,194.628517598614
ORD003871,2026-08-13 18:54:13.379438,C0574,P079,5.0,274.10846888954666
ORD003872,2026-07-16 18:54:13.379438,C0119,P084,5.0,84.4125813500294
ORD003873,2026-09-07 18:54:13.379438,C0877,P008,8.0,340.6291770634639
ORD003874,2026-09-07 18:54:13.379438,C0264,P031,8.0,491.2452582228427
ORD003875,2026-07-10 18:54:13.379438,C0239,P012,2.0,131.24467643538821
ORD003876,2026-09-06 18:54:13.379438,C0351,P021,3.0,168.3668474374932
ORD003877,2026-06-21 18:54:13.379438,C0893,P094,2.0,208.98483579207678
ORD003878,2026-08-05 18:54:13.379438,C0255,P062,1.0,246.90647029146592
ORD003879,2026-09-22 18:54:13.379438,C0685,P091,2.0,362.36047198710145
ORD003880,2026-04-07 18:54:13.379438,C0309,P090,6.0,76.96983779594224
ORD003881,2026-07-02 18:54:13.379438,C0749,P033,1.0,158.20811582325896
ORD003882,2026-07-16 18:54:13.379438,C0831,P026,6.0,273.94854748176846
ORD003883,2026-08-18 18:54:13.379438,C0607,P090,1.0,298.8929282825775
ORD003884,2026-07-31 18:54:13.379438,C0849,P040,2.0,272.9488084576895
ORD003885,2026-08-14 18:54:13.379438,C0495,P065,8.0,223.38955881389379
ORD003886,2026-05-29 18:54:13.379438,C0057,P059,6.0,358.62277793101185
ORD003887,2026-07-08 18:54:13.379438,C0950,P015,9.0,110.19261459488551
ORD003888,2026-09-28 18:54:13.379438,C0403,P001,1.0,148.5365608238464
ORD003889,2026-06-17 18:54:13.379438,C0067,P011,5.0,227.79690738756395
ORD003890,2026-08-24 18:54:13.379438,C0046,P055,7.0,350.79645226533967
ORD003891,2026-05-05 18:54:13.379438,C0606,P002,9.0,50.351908506269766
ORD003892,2026-05-01 18:54:13.379438,C0650,P065,9.0,66.67878566545497
ORD003893,2026-04-25 18:54:13.379438,C0369,P095,4.0,393.3800841626428
ORD003894,2026-04-20 18:54:13.379438,C0605,P044,4.0,137.86792930946848
ORD003895,2026-06-01 18:54:13.379438,C0232,P016,4.0,482.1085233498906
ORD003896,2026-07-02 18:54:13.379438,C0402,P022,3.0,481.08841378488853
ORD003897,2026-07-18 18:54:13.379438,C0908,P018,8.0,346.1130432535532
ORD003898,2026-04-29 18:54:13.379438,C0561,P047,5.0,361.2678783229823
ORD003899,2026-04-28 18:54:13.379438,C0023,P081,7.0,328.9901101701753
ORD003900,2026-08-19 18:54:13.379438,C0574,P030,6.0,96.89215916776448
ORD003901,2026-05-18 18:54:13.379438,C0267,P010,9.0,255.2232702062322
ORD003902,2026-06-25 18:54:13.379438,C0841,P099,3.0,398.5779435121169
ORD003903,2026-04-14 18:54:13.379438,C0118,P058,6.0,389.59227067714465
ORD003904,2026-07-16 18:54:13.379438,C0952,P062,3.0,450.3976247719139
ORD003905,2026-06-10 18:54:13.379438,C0600,P085,2.0,451.39110544002415
ORD003906,2026-07-07 18:54:13.379438,C0601,P080,3.0,138.12786396194403
ORD003907,2026-09-06 18:54:13.379438,C0055,P006,2.0,363.643050574724
ORD003908,2026-06-07 18:54:13.379438,C0153,P067,2.0,329.156569413979
ORD003909,2026-05-22 18:54:13.379438,C0239,P041,7.0,444.0567855565518
ORD003910,2026-09-25 18:54:13.379438,C0265,P043,3.0,99.90245263841227
ORD003911,2026-05-25 18:54:13.379438,C0268,P085,8.0,372.4983624851597
ORD003912,2026-07-14 18:54:13.379438,C0907,P077,2.0,217.43273415041907
ORD003913,2026-05-30 18:54:13.379438,C0113,P018,7.0,203.29790338113784
ORD003914,2026-05-20 18:54:13.379438,C0166,P058,3.0,27.537581136226443
ORD003915,2026-09-09 18:54:13.379438,C0668,P060,9.0,481.1156034692573
ORD003916,2026-09-24 18:54:13.379438,C0008,P088,7.0,341.1265856528403
ORD003917,2026-04-29 18:54:13.379438,C0714,P027,9.0,299.44412313099974
ORD003918,2026-07-26 18:54:13.379438,C0217,P068,2.0,133.07125210788172
ORD003919,2026-04-08 18:54:13.379438,C0431,P022,6.0,332.6382474211357
ORD003920,2026-06-26 18:54:13.379438,C0292,P024,5.0,473.34536798275246
ORD003921,2026-05-25 18:54:13.379438,C0893,P040,2.0,90.01100019636866
ORD003922,2026-07-17 18:54:13.379438,C0050,P074,4.0,492.0662227149583
ORD003923,2026-05-27 18:54:13.379438,C0107,P066,4.0,219.44037697817976
ORD003924,2026-09-11 18:54:13.379438,C0009,P040,8.0,489.3322682855105
ORD003925,2026-09-28 18:54:13.379438,C0745,P006,7.0,320.59510308929595
ORD003926,2026-09-16 18:54:13.379438,C0700,P018,5.0,168.81232525162943
ORD003927,2026-09-05 18:54:13.379438,C0456,P081,9.0,193.47754650204425
ORD003928,2026-04-18 18:54:13.379438,C0323,P087,1.0,152.37186528795348
ORD003929,2026-06-03 18:54:13.379438,C0309,P030,4.0,174.04075014705785
ORD003930,2026-08-03 18:54:13.379438,C0850,P021,5.0,326.802574193802
ORD003931,2026-04-24 18:54:13.379438,C0622,P062,8.0,18.13650181335327
ORD003932,2026-05-19 18:54:13.379438,C0995,P010,3.0,484.13926779206594
ORD003933,2026-08-15 18:54:13.379438,C0145,P013,5.0,386.578746948904
ORD003934,2026-05-11 18:54:13.379438,C0740,P076,3.0,471.0945545768214
ORD003935,2026-06-04 18:54:13.379438,C0821,P009,7.0,361.5960997409152
ORD003936,2026-06-28 18:54:13.379438,C0412,P068,3.0,245.70649267336475
ORD003937,2026-06-20 18:54:13.379438,C0114,P039,7.0,102.96645321788768
ORD003938,2026-05-19 18:54:13.379438,C0575,P024,2.0,262.9975582953084
ORD003939,2026-08-22 18:54:13.379438,C0399,P034,7.0,358.7308193810227
ORD003940,2026-04-06 18:54:13.379438,C0275,P061,9.0,428.54952168490416
ORD003941,2026-04-09 18:54:13.379438,C0124,P041,5.0,168.8242346778659
ORD003942,2026-07-05 18:54:13.379438,C0086,P005,6.0,260.13559040426355
ORD003943,2026-04-11 18:54:13.379438,C0582,P079,3.0,313.79062282836287
ORD003944,2026-09-22 18:54:13.379438,C0047,P050,5.0,298.41047940567427
ORD003945,2026-07-20 18:54:13.379438,C0711,P004,5.0,35.66266062092548
ORD003946,2026-09-11 18:54:13.379438,C0876,P051,3.0,246.86297794591798
ORD003947,2026-06-17 18:54:13.379438,C0944,P052,8.0,406.42534054740946
ORD003948,2026-06-19 18:54:13.379438,C0201,P039,6.0,403.12888113038144
ORD003949,2026-05-23 18:54:13.379438,C0276,P008,3.0,258.49967566440347
ORD003950,2026-04-14 18:54:13.379438,C0549,P045,1.0,476.65462737719446
ORD003951,2026-07-07 18:54:13.379438,C0715,P088,1.0,414.8528361851653
ORD003952,2026-09-06 18:54:13.379438,C0130,P028,2.0,371.29018354439654
ORD003953,2026-06-12 18:54:13.379438,C0448,P027,5.0,262.64438169287627
ORD003954,2026-09-19 18:54:13.379438,C0982,P065,7.0,299.43140895491706
ORD003955,2026-04-19 18:54:13.379438,C0804,P034,1.0,119.38523954661788
ORD003956,2026-06-10 18:54:13.379438,C0389,P081,1.0,270.87939849832617
ORD003957,2026-07-11 18:54:13.379438,C0576,P062,4.0,267.75068811150794
ORD003958,2026-05-21 18:54:13.379438,C0263,P062,6.0,109.35360715042238
ORD003959,2026-06-06 18:54:13.379438,C0966,P038,9.0,476.06266851504523
ORD003960,2026-07-02 18:54:13.379438,C0632,P026,1.0,129.92855297739854
ORD003961,2026-06-18 18:54:13.379438,C0278,P024,5.0,61.069010809671774
ORD003962,2026-08-20 18:54:13.379438,C0714,P039,9.0,238.83451173934748
ORD003963,2026-07-13 18:54:13.379438,C0046,P021,8.0,346.1760335798151
ORD003964,2026-07-01 18:54:13.379438,C0168,P094,7.0,105.62441510352394
ORD003965,2026-04-21 18:54:13.379438,C0445,P047,2.0,99.61687410933565
ORD003966,2026-04-22 18:54:13.379438,C0622,P048,9.0,138.12045953820518
ORD003967,2026-05-28 18:54:13.379438,C0046,P013,8.0,158.33152014167695
ORD003968,2026-07-14 18:54:13.379438,C0724,P003,9.0,130.63802586328018
ORD003969,2026-07-30 18:54:13.379438,C0540,P032,9.0,240.64234119151763
ORD003970,2026-09-04 18:54:13.379438,C0087,P035,9.0,18.94892151013329
ORD003971,2026-08-15 18:54:13.379438,C0803,P019,3.0,52.88318010240169
ORD003972,2026-04-07 18:54:13.379438,C0385,P014,7.0,367.388591472374
ORD003973,2026-07-20 18:54:13.379438,C0669,P048,1.0,212.04656853838705
ORD003974,2026-07-27 18:54:13.379438,C0265,P086,9.0,186.55542409266275
ORD003975,2026-05-02 18:54:13.379438,C0777,P081,9.0,15.117943017011058
ORD003976,2026-06-01 18:54:13.379438,C0022,P068,3.0,156.12675965776313
ORD003977,2026-08-06 18:54:13.379438,C0768,P045,5.0,412.3813239502746
ORD003978,2026-07-10 18:54:13.379438,C0703,P019,8.0,176.77995969823812
ORD003979,2026-04-20 18:54:13.379438,C0450,P064,6.0,482.20979222128045
ORD003980,2026-07-19 18:54:13.379438,C0976,P066,9.0,201.07988233611633
ORD003981,2026-05-16 18:54:13.379438,C0232,P079,3.0,237.42316162945343
ORD003982,2026-06-22 18:54:13.379438,C0186,P066,7.0,402.93564028797033
ORD003983,2026-09-12 18:54:13.379438,C0326,P075,6.0,491.6819085937199
ORD003984,2026-04-11 18:54:13.379438,C0183,P045,5.0,192.0824321280647
ORD003985,2026-08-22 18:54:13.379438,C0397,P087,4.0,68.76869424386426
ORD003986,2026-07-18 18:54:13.379438,C0481,P074,5.0,266.29807592631823
ORD003987,2026-04-11 18:54:13.379438,C0403,P067,4.0,299.9628221654714
ORD003988,2026-07-08 18:54:13.379438,C0463,P069,3.0,480.1336701652502
ORD003989,2026-07-06 18:54:13.379438,C0417,P003,7.0,212.8220326019352
ORD003990,2026-06-07 18:54:13.379438,C0202,P038,6.0,54.497095043852696
ORD003991,2026-09-21 18:54:13.379438,C0065,P077,4.0,328.95801863224534
ORD003992,2026-05-12 18:54:13.379438,C0956,P042,9.0,20.344941506314125
ORD003993,2026-06-23 18:54:13.379438,C0908,P083,1.0,218.45495591048547
ORD003994,2026-06-26 18:54:13.379438,C0555,P040,1.0,210.72684985615584
ORD003995,2026-06-30 18:54:13.379438,C0733,P050,9.0,134.86135228668581
ORD003996,2026-06-28 18:54:13.379438,C0017,P035,7.0,482.51143757920323
ORD003997,2026-07-05 18:54:13.379438,C0836,P024,2.0,207.67012314908862
ORD003998,2026-06-28 18:54:13.379438,C0797,P088,5.0,448.4064862011095
ORD003999,2026-05-17 18:54:13.379438,C0183,P017,4.0,262.4041683712974
ORD004000,2026-08-18 18:54:13.379438,C0391,P040,1.0,412.0627219630623
ORD004001,2026-09-15 18:54:13.379438,C0044,P074,9.0,231.18365910357517
ORD004002,2026-06-16 18:54:13.379438,C0973,P066,6.0,495.8532213667651
ORD004003,2026-05-09 18:54:13.379438,C0901,P044,6.0,323.6142416175092
ORD004004,2026-07-13 18:54:13.379438,C0700,P023,4.0,86.41403192989472
ORD004005,2026-09-06 18:54:13.379438,C0902,P006,2.0,13.151102825145264
ORD004006,2026-09-20 18:54:13.379438,C0482,P066,8.0,465.161179646705
ORD004007,2026-09-21 18:54:13.379438,C0263,P021,8.0,346.5324068042973
ORD004008,2026-09-20 18:54:13.379438,C0174,P035,3.0,62.08242879320068
ORD004009,2026-07-16 18:54:13.379438,C0441,P029,7.0,374.30860686605814
ORD004010,2026-06-08 18:54:13.379438,C0566,P007,7.0,121.30281609137559
ORD004011,2026-05-28 18:54:13.379438,C0220,P093,5.0,406.5228919513774
ORD004012,2026-09-26 18:54:13.379438,C0558,P053,5.0,308.8621089878334
ORD004013,2026-07-03 18:54:13.379438,C0394,P037,8.0,70.59338938570608
ORD004014,2026-04-25 18:54:13.379438,C0772,P023,4.0,44.76507333269022
ORD004015,2026-07-13 18:54:13.379438,C0195,P097,1.0,238.3978201243878
ORD004016,2026-09-05 18:54:13.379438,C0409,P008,1.0,469.0777944244354
ORD004017,2026-08-02 18:54:13.379438,C0471,P076,9.0,286.67002115999765
ORD004018,2026-07-05 18:54:13.379438,C0347,P048,4.0,381.96334412869373
ORD004019,2026-07-20 18:54:13.379438,C0462,P010,1.0,240.0419231547344
ORD004020,2026-08-22 18:54:13.379438,C0061,P079,2.0,198.19949141326546
ORD004021,2026-09-23 18:54:13.379438,C0166,P024,7.0,412.8816746590851
ORD004022,2026-04-13 18:54:13.379438,C0672,P090,2.0,237.05940921827465
ORD004023,2026-04-12 18:54:13.379438,C0151,P047,1.0,79.35592672290441
ORD004024,2026-09-05 18:54:13.379438,C0111,P053,9.0,144.51504072674646
ORD004025,2026-05-07 18:54:13.379438,C0488,P039,5.0,285.07787165493676
ORD004026,2026-08-10 18:54:13.379438,C0549,P067,4.0,207.26279741032775
ORD004027,2026-09-10 18:54:13.379438,C0003,P066,4.0,189.53252605464007
ORD004028,2026-07-01 18:54:13.379438,C0483,P006,1.0,337.69447253483526
ORD004029,2026-07-05 18:54:13.379438,C0013,P021,3.0,321.7969988860503
ORD004030,2026-06-13 18:54:13.379438,C0162,P073,1.0,163.87279375433218
ORD004031,2026-06-09 18:54:13.379438,C0344,P074,5.0,186.119036392582
ORD004032,2026-08-29 18:54:13.379438,C0449,P036,5.0,378.5125575252398
ORD004033,2026-07-29 18:54:13.379438,C0332,P003,9.0,461.43091513149096
ORD004034,2026-07-06 18:54:13.379438,C0264,P088,8.0,168.86522743336903
ORD004035,2026-09-13 18:54:13.379438,C0083,P086,5.0,153.02000899700207
ORD004036,2026-07-11 18:54:13.379438,C0777,P078,5.0,139.98720972797548
ORD004037,2026-07-25 18:54:13.379438,C0924,P042,7.0,79.33838079360652
ORD004038,2026-07-15 18:54:13.379438,C0334,P045,2.0,194.81537049308025
ORD004039,2026-07-03 18:54:13.379438,C0380,P044,7.0,262.84299705974985
ORD004040,2026-07-02 18:54:13.379438,C0219,P091,1.0,273.34229515989216
ORD004041,2026-04-20 18:54:13.379438,C0658,P033,5.0,348.6048650967206
ORD004042,2026-04-21 18:54:13.379438,C0810,P060,6.0,35.750399288615924
ORD004043,2026-09-23 18:54:13.379438,C0809,P086,1.0,285.09028153257856
ORD004044,2026-07-28 18:54:13.379438,C0454,P093,9.0,134.9445913269736
ORD004045,2026-07-05 18:54:13.379438,C0673,P083,9.0,127.17051333407142
ORD004046,2026-07-03 18:54:13.379438,C0741,P083,1.0,396.9657055508119
ORD004047,2026-06-24 18:54:13.379438,C0746,P070,4.0,85.20384917278771
ORD004048,2026-06-10 18:54:13.379438,C0089,P083,8.0,171.25907285106229
ORD004049,2026-07-26 18:54:13.379438,C0333,P077,2.0,322.44279488291846
ORD004050,2026-04-04 18:54:13.379438,C0310,P026,8.0,325.007951307271
ORD004051,2026-05-31 18:54:13.379438,C0727,P086,9.0,33.563088782847615
ORD004052,2026-09-04 18:54:13.379438,C0420,P021,9.0,45.55383666684322
ORD004053,2026-07-21 18:54:13.379438,C0609,P002,1.0,331.12799373802
ORD004054,2026-08-29 18:54:13.379438,C0725,P047,9.0,477.04402758297704
ORD004055,2026-07-28 18:54:13.379438,C0354,P030,4.0,499.2665256591012
ORD004056,2026-06-29 18:54:13.379438,C0824,P027,8.0,493.6838188508537
ORD004057,2026-04-13 18:54:13.379438,C0100,P071,9.0,182.27430455027172
ORD004058,2026-06-01 18:54:13.379438,C0145,P020,3.0,128.48702344139735
ORD004059,2026-05-14 18:54:13.379438,C0010,P050,6.0,58.33818355643455
ORD004060,2026-07-17 18:54:13.379438,C0983,P095,3.0,169.65514655128806
ORD004061,2026-08-14 18:54:13.379438,C0044,P023,1.0,145.6582859701071
ORD004062,2026-08-03 18:54:13.379438,C0763,P013,6.0,292.6301435581026
ORD004063,2026-08-26 18:54:13.379438,C0386,P081,5.0,190.70489352109124
ORD004064,2026-04-25 18:54:13.379438,C0739,P004,3.0,123.44965455251453
ORD004065,2026-07-10 18:54:13.379438,C0910,P014,4.0,310.1470116685105
ORD004066,2026-09-19 18:54:13.379438,C0761,P020,2.0,168.3031565104447
ORD004067,2026-06-10 18:54:13.379438,C0495,P013,4.0,183.28367844608715
ORD004068,2026-08-20 18:54:13.379438,C0493,P003,4.0,303.23586039603043
ORD004069,2026-05-29 18:54:13.379438,C0169,P090,3.0,67.92709453013663
ORD004070,2026-09-29 18:54:13.379438,C0642,P090,6.0,389.38208484222537
ORD004071,2026-08-30 18:54:13.379438,C0531,P082,1.0,483.0628612777379
ORD004072,2026-07-11 18:54:13.379438,C0336,P096,9.0,250.505025009314
ORD004073,2026-06-18 18:54:13.379438,C0747,P078,3.0,284.3308708457328
ORD004074,2026-04-29 18:54:13.379438,C0857,P047,3.0,198.47503653990867
ORD004075,2026-07-27 18:54:13.379438,C0513,P003,3.0,478.7919374922669
ORD004076,2026-08-28 18:54:13.379438,C0130,P001,7.0,75.14281043798077
ORD004077,2026-07-21 18:54:13.379438,C0539,P090,8.0,408.6257116478508
ORD004078,2026-05-20 18:54:13.379438,C0514,P024,2.0,328.70865598557856
ORD004079,2026-06-13 18:54:13.379438,C0250,P035,1.0,397.83317358514404
ORD004080,2026-09-04 18:54:13.379438,C0734,P014,5.0,475.7251924991511
ORD004081,2026-05-13 18:54:13.379438,C0947,P067,8.0,253.11463223781124
ORD004082,2026-08-14 18:54:13.379438,C0138,P013,3.0,151.28187761726332
ORD004083,2026-08-30 18:54:13.379438,C0275,P047,6.0,391.9607032459762
ORD004084,2026-08-13 18:54:13.379438,C0464,P050,3.0,423.8395480359232
ORD004085,2026-04-26 18:54:13.379438,C0141,P078,6.0,346.26506535463045
ORD004086,2026-07-18 18:54:13.379438,C0944,P085,4.0,426.0107859012005
ORD004087,2026-06-26 18:54:13.379438,C0256,P026,7.0,367.86038214960155
ORD004088,2026-08-24 18:54:13.379438,C0882,P003,1.0,479.1617800397423
ORD004089,2026-07-28 18:54:13.379438,C0824,P051,1.0,289.6337062741432
ORD004090,2026-07-21 18:54:13.379438,C0456,P040,5.0,196.43197246903833
ORD004091,2026-08-17 18:54:13.379438,C0952,P068,9.0,343.45503530044243
ORD004092,2026-05-14 18:54:13.379438,C0434,P036,5.0,43.86603112412782
ORD004093,2026-07-24 18:54:13.379438,C0607,P051,4.0,254.21144794015797
ORD004094,2026-08-28 18:54:13.379438,C0173,P001,8.0,388.9662495547657
ORD004095,2026-07-24 18:54:13.379438,C0473,P033,5.0,92.79228659619228
ORD004096,2026-07-15 18:54:13.379438,C0955,P007,1.0,206.1994762740016
ORD004097,2026-05-19 18:54:13.379438,C0423,P052,7.0,181.64048275827602
ORD004098,2026-09-06 18:54:13.379438,C0917,P011,4.0,174.1348271171678
ORD004099,2026-06-10 18:54:13.379438,C0439,P027,5.0,328.80702864929646
ORD004100,2026-08-03 18:54:13.379438,C0057,P014,6.0,253.7730777268178
ORD004101,2026-04-18 18:54:13.379438,C0498,P086,7.0,400.6844993664326
ORD004102,2026-09-15 18:54:13.379438,C0614,P080,2.0,38.346208843358866
ORD004103,2026-08-10 18:54:13.379438,C0169,P046,1.0,232.41552403706217
ORD004104,2026-07-23 18:54:13.379438,C0989,P076,3.0,16.85937359882112
ORD004105,2026-04-27 18:54:13.379438,C0582,P010,1.0,118.22130912608091
ORD004106,2026-04-30 18:54:13.379438,C0850,P024,4.0,389.93417630642057
ORD004107,2026-05-13 18:54:13.379438,C0561,P061,6.0,61.964955942286004
ORD004108,2026-09-14 18:54:13.379438,C0428,P018,5.0,61.73384918110274
ORD004109,2026-04-27 18:54:13.379438,C0419,P086,4.0,206.70482796594504
ORD004110,2026-04-27 18:54:13.379438,C0347,P009,7.0,390.70139603103837
ORD004111,2026-04-07 18:54:13.379438,C0517,P017,6.0,322.63120942618576
ORD004112,2026-06-09 18:54:13.379438,C0455,P058,3.0,393.0600873219296
ORD004113,2026-05-07 18:54:13.379438,C0714,P013,9.0,34.27872997762579
ORD004114,2026-09-27 18:54:13.379438,C0202,P050,5.0,286.2255968850175
ORD004115,2026-07-28 18:54:13.379438,C0179,P006,1.0,232.1134060165618
ORD004116,2026-04-26 18:54:13.379438,C0057,P085,6.0,449.0504513515303
ORD004117,2026-07-21 18:54:13.379438,C0698,P051,5.0,371.2962647184912
ORD004118,2026-06-11 18:54:13.379438,C0604,P036,8.0,217.9271136946918
ORD004119,2026-07-07 18:54:13.379438,C0804,P071,4.0,281.3860739099991
ORD004120,2026-06-04 18:54:13.379438,C0906,P025,1.0,218.16832308242812
ORD004121,2026-09-19 18:54:13.379438,C0946,P011,2.0,226.16200588555648
ORD004122,2026-05-30 18:54:13.379438,C0995,P044,8.0,320.70035729340816
ORD004123,2026-05-27 18:54:13.379438,C0501,P014,8.0,116.10204623864627
ORD004124,2026-06-12 18:54:13.379438,C0739,P029,5.0,173.26008770239176
ORD004125,2026-07-13 18:54:13.379438,C0933,P074,6.0,146.78787474913005
ORD004126,2026-05-30 18:54:13.379438,C0112,P050,2.0,402.393177606499
ORD004127,2026-08-19 18:54:13.379438,C0148,P005,9.0,471.5523200751669
ORD004128,2026-09-18 18:54:13.379438,C0781,P072,6.0,213.00729273225497
ORD004129,2026-08-16 18:54:13.379438,C0715,P069,9.0,47.77957209184381
ORD004130,2026-07-15 18:54:13.379438,C0378,P088,3.0,55.83998148507605
ORD004131,2026-09-16 18:54:13.379438,C0877,P057,6.0,205.7985871359834
ORD004132,2026-06-27 18:54:13.379438,C0915,P026,5.0,203.5423928954899
ORD004133,2026-06-03 18:54:13.379438,C0348,P006,9.0,81.61663333614744
ORD004134,2026-04-06 18:54:13.379438,C0358,P016,1.0,405.4904745108367
ORD004135,2026-08-09 18:54:13.379438,C0056,P060,9.0,255.0660346065986
ORD004136,2026-09-29 18:54:13.379438,C0813,P012,5.0,63.43933253200373
ORD004137,2026-06-28 18:54:13.379438,C0316,P075,1.0,58.37290216635462
ORD004138,2026-05-20 18:54:13.379438,C0964,P003,8.0,228.522597132984
ORD004139,2026-06-18 18:54:13.379438,C0185,P063,7.0,67.24986699285708
ORD004140,2026-05-11 18:54:13.379438,C0054,P064,6.0,284.986098953173
ORD004141,2026-09-14 18:54:13.379438,C0037,P062,2.0,198.65766108297126
ORD004142,2026-09-19 18:54:13.379438,C0723,P006,5.0,460.6404277434861
ORD004143,2026-08-22 18:54:13.379438,C0805,P019,3.0,215.2659500360087
ORD004144,2026-06-29 18:54:13.379438,C0270,P018,2.0,311.07077990549067
ORD004145,2026-05-31 18:54:13.379438,C0863,P080,1.0,407.5635340181189
ORD004146,2026-05-23 18:54:13.379438,C0732,P087,9.0,158.40930427504045
ORD004147,2026-05-03 18:54:13.379438,C0508,P043,2.0,260.8253650125515
ORD004148,2026-07-13 18:54:13.379438,C0228,P073,1.0,69.26059305044373
ORD004149,2026-04-28 18:54:13.379438,C0428,P003,7.0,222.0570048715853
ORD004150,2026-07-24 18:54:13.379438,C0870,P072,9.0,194.15244867498424
ORD004151,2026-09-05 18:54:13.379438,C0723,P038,6.0,219.81264566991365
ORD004152,2026-09-29 18:54:13.379438,C0810,P068,8.0,62.631020390953935
ORD004153,2026-08-07 18:54:13.379438,C0001,P076,7.0,205.21633422183888
ORD004154,2026-08-04 18:54:13.379438,C0023,P044,9.0,436.43074523530765
ORD004155,2026-05-20 18:54:13.379438,C0503,P095,7.0,469.1569961276946
ORD004156,2026-07-30 18:54:13.379438,C0448,P089,6.0,128.4463978025182
ORD004157,2026-05-12 18:54:13.379438,C0796,P080,1.0,157.245630968481
ORD004158,2026-04-19 18:54:13.379438,C0496,P063,9.0,14.682682210259891
ORD004159,2026-04-25 18:54:13.379438,C0900,P042,5.0,66.63466270934511
ORD004160,2026-05-27 18:54:13.379438,C0425,P064,2.0,179.10862596198737
ORD004161,2026-08-30 18:54:13.379438,C0700,P054,8.0,345.70328611190416
ORD004162,2026-04-19 18:54:13.379438,C0018,P078,4.0,153.18007385121274
ORD004163,2026-06-01 18:54:13.379438,C0959,P077,3.0,46.94465384921302
ORD004164,2026-05-04 18:54:13.379438,C0445,P071,1.0,368.1251943398312
ORD004165,2026-09-20 18:54:13.379438,C0561,P076,5.0,238.71503211048062
ORD004166,2026-05-05 18:54:13.379438,C0559,P037,3.0,264.40663142984897
ORD004167,2026-09-12 18:54:13.379438,C0627,P004,4.0,169.75229063827638
ORD004168,2026-04-12 18:54:13.379438,C0039,P002,9.0,310.3916532288615
ORD004169,2026-08-20 18:54:13.379438,C0729,P099,7.0,446.48187424343644
ORD004170,2026-04-13 18:54:13.379438,C0210,P044,5.0,281.34165043939873
ORD004171,2026-04-20 18:54:13.379438,C0774,P067,8.0,297.8829654552609
ORD004172,2026-06-10 18:54:13.379438,C0211,P068,6.0,193.04563244203376
ORD004173,2026-05-21 18:54:13.379438,C0565,P076,2.0,50.48908825009794
ORD004174,2026-09-30 18:54:13.379438,C0972,P083,7.0,219.98530456236037
ORD004175,2026-07-23 18:54:13.379438,C0281,P074,1.0,463.0732604351438
ORD004176,2026-09-03 18:54:13.379438,C0867,P062,3.0,343.30537472117703
ORD004177,2026-08-04 18:54:13.379438,C0833,P001,1.0,250.20769476897715
ORD004178,2026-08-30 18:54:13.379438,C0133,P017,1.0,314.23280998309207
ORD004179,2026-07-13 18:54:13.379438,C0449,P016,5.0,283.6830361637559
ORD004180,2026-07-14 18:54:13.379438,C0264,P009,6.0,457.0775306006008
ORD004181,2026-06-07 18:54:13.379438,C0807,P053,3.0,119.68541371309901
ORD004182,2026-05-24 18:54:13.379438,C0111,P073,3.0,445.4563007038373
ORD004183,2026-05-09 18:54:13.379438,C0555,P059,3.0,347.3507323576001
ORD004184,2026-06-23 18:54:13.379438,C0850,P009,1.0,72.59574587526191
ORD004185,2026-08-08 18:54:13.379438,C0238,P012,5.0,192.2332958517493
ORD004186,2026-06-30 18:54:13.379438,C0891,P041,1.0,223.7864576832701
ORD004187,2026-07-16 18:54:13.379438,C0457,P015,3.0,50.63747742315221
ORD004188,2026-04-18 18:54:13.379438,C0901,P066,6.0,281.5576127942127
ORD004189,2026-07-08 18:54:13.379438,C0759,P075,6.0,137.0883299126695
ORD004190,2026-09-17 18:54:13.379438,C0516,P011,3.0,234.48258475042306
ORD004191,2026-08-04 18:54:13.379438,C0876,P008,9.0,224.99630390658132
ORD004192,2026-04-04 18:54:13.379438,C0861,P055,8.0,265.620342982494
ORD004193,2026-09-01 18:54:13.379438,C0897,P096,3.0,424.6415573643708
ORD004194,2026-08-03 18:54:13.379438,C0862,P006,5.0,392.5729876625668
ORD004195,2026-09-17 18:54:13.379438,C0824,P053,5.0,437.7706881056565
ORD004196,2026-08-07 18:54:13.379438,C0173,P020,5.0,290.45023277341585
ORD004197,2026-05-30 18:54:13.379438,C0193,P039,3.0,311.7444933166989
ORD004198,2026-06-23 18:54:13.379438,C0515,P099,5.0,220.93836398297884
ORD004199,2026-09-12 18:54:13.379438,C0790,P072,5.0,361.4373565938434
ORD004200,2026-09-19 18:54:13.379438,C0968,P034,4.0,110.39869923626004
ORD004201,2026-06-15 18:54:13.379438,C0568,P057,4.0,242.83999261668097
ORD004202,2026-08-22 18:54:13.379438,C0786,P019,2.0,359.944837318933
ORD004203,2026-06-12 18:54:13.379438,C0409,P071,9.0,391.160666541577
ORD004204,2026-04-09 18:54:13.379438,C0688,P031,7.0,131.49538722422633
ORD004205,2026-06-26 18:54:13.379438,C0628,P082,1.0,98.95886413630532
ORD004206,2026-05-25 18:54:13.379438,C0084,P040,5.0,151.38168317127327
ORD004207,2026-04-06 18:54:13.379438,C0671,P014,2.0,460.87623634266964
ORD004208,2026-06-23 18:54:13.379438,C0798,P081,6.0,73.26901400109932
ORD004209,2026-06-05 18:54:13.379438,C0080,P037,7.0,477.01662746512966
ORD004210,2026-05-22 18:54:13.379438,C0578,P044,2.0,497.4581769274915
ORD004211,2026-06-18 18:54:13.379438,C0209,P009,6.0,393.88771203948056
ORD004212,2026-07-24 18:54:13.379438,C0522,P058,3.0,382.60704797652056
ORD004213,2026-09-25 18:54:13.379438,C0199,P020,9.0,477.1103999943244
ORD004214,2026-07-21 18:54:13.379438,C0571,P092,4.0,152.36231147442268
ORD004215,2026-06-07 18:54:13.379438,C0234,P050,3.0,73.20128078505854
ORD004216,2026-06-23 18:54:13.379438,C0819,P020,3.0,413.31918373159573
ORD004217,2026-04-18 18:54:13.379438,C0244,P036,2.0,93.75572428764116
ORD004218,2026-07-12 18:54:13.379438,C0891,P027,9.0,32.25085820713338
ORD004219,2026-05-05 18:54:13.379438,C0393,P072,8.0,106.26612888697491
ORD004220,2026-07-08 18:54:13.379438,C0566,P032,5.0,224.5742270864465
ORD004221,2026-08-09 18:54:13.379438,C0446,P001,9.0,252.6001090243681
ORD004222,2026-08-27 18:54:13.379438,C0849,P017,2.0,40.625832204626604
ORD004223,2026-07-25 18:54:13.379438,C0393,P009,6.0,227.26323623711855
ORD004224,2026-06-25 18:54:13.379438,C0009,P084,7.0,306.1107216539349
ORD004225,2026-05-16 18:54:13.379438,C0613,P045,6.0,466.58517402549745
ORD004226,2026-07-28 18:54:13.379438,C0920,P096,3.0,121.38659314322105
ORD004227,2026-09-13 18:54:13.379438,C0807,P066,9.0,113.37549166023265
ORD004228,2026-06-20 18:54:13.379438,C0715,P032,8.0,200.81828797434696
ORD004229,2026-05-31 18:54:13.379438,C0904,P045,8.0,491.9907151937117
ORD004230,2026-05-06 18:54:13.379438,C0153,P009,8.0,174.75014259084895
ORD004231,2026-04-17 18:54:13.379438,C0110,P030,9.0,31.49524498955531
ORD004232,2026-09-12 18:54:13.379438,C0834,P084,1.0,140.1512787519023
ORD004233,2026-08-13 18:54:13.379438,C0266,P038,8.0,283.56777646224816
ORD004234,2026-06-01 18:54:13.379438,C0373,P060,2.0,212.14642557021895
ORD004235,2026-09-07 18:54:13.379438,C0152,P001,4.0,389.3692982562724
ORD004236,2026-06-25 18:54:13.379438,C0976,P005,1.0,307.5630777783764
ORD004237,2026-08-15 18:54:13.379438,C0595,P063,6.0,284.1340314190135
ORD004238,2026-08-02 18:54:13.379438,C0955,P099,1.0,168.26703624387196
ORD004239,2026-09-27 18:54:13.379438,C0415,P036,5.0,280.4045602360946
ORD004240,2026-09-18 18:54:13.379438,C0907,P065,9.0,311.6394524603295
ORD004241,2026-06-25 18:54:13.379438,C0646,P078,1.0,97.81033232226976
ORD004242,2026-04-30 18:54:13.379438,C0326,P073,9.0,370.5752805751822
ORD004243,2026-06-22 18:54:13.379438,C0672,P094,4.0,202.53716735602995
ORD004244,2026-08-15 18:54:13.379438,C0551,P024,3.0,373.71509794611273
ORD004245,2026-04-16 18:54:13.379438,C0176,P004,8.0,97.07818460972122
ORD004246,2026-06-06 18:54:13.379438,C0525,P078,6.0,331.6951815106342
ORD004247,2026-08-28 18:54:13.379438,C0315,P089,7.0,23.172790255257613
ORD004248,2026-06-22 18:54:13.379438,C0067,P068,9.0,87.8932380377713
ORD004249,2026-08-04 18:54:13.379438,C0952,P025,5.0,446.6492389760938
ORD004250,2026-05-16 18:54:13.379438,C0760,P074,2.0,236.12125838843
ORD004251,2026-07-01 18:54:13.379438,C0553,P099,3.0,258.852788696089
ORD004252,2026-08-29 18:54:13.379438,C0184,P007,3.0,454.7131317165871
ORD004253,2026-07-07 18:54:13.379438,C0035,P013,4.0,247.61736928314295
ORD004254,2026-09-22 18:54:13.379438,C0934,P068,7.0,330.74839068824383
ORD004255,2026-09-01 18:54:13.379438,C0505,P043,6.0,118.75798532459298
ORD004256,2026-04-05 18:54:13.379438,C0849,P057,3.0,49.97084098674424
ORD004257,2026-08-01 18:54:13.379438,C0963,P036,7.0,183.14236497317233
ORD004258,2026-04-25 18:54:13.379438,C0802,P014,4.0,401.3529387983372
ORD004259,2026-07-27 18:54:13.379438,C0076,P082,8.0,228.95028207121757
ORD004260,2026-05-30 18:54:13.379438,C0472,P072,7.0,92.39367836640612
ORD004261,2026-06-14 18:54:13.379438,C0582,P096,7.0,277.09803423973676
ORD004262,2026-04-10 18:54:13.379438,C0746,P027,9.0,139.28177676642446
ORD004263,2026-07-31 18:54:13.379438,C0523,P037,8.0,473.86722541195763
ORD004264,2026-07-26 18:54:13.379438,C0880,P087,1.0,292.9321939238105
ORD004265,2026-04-19 18:54:13.379438,C0283,P071,7.0,491.6515887767469
ORD004266,2026-06-25 18:54:13.379438,C0816,P076,3.0,31.105665049677256
ORD004267,2026-09-29 18:54:13.379438,C0536,P025,4.0,15.664199207029942
ORD004268,2026-06-14 18:54:13.379438,C0274,P067,6.0,243.77683389205754
ORD004269,2026-08-05 18:54:13.379438,C0539,P090,5.0,432.379748627764
ORD004270,2026-07-25 18:54:13.379438,C0054,P004,8.0,266.95940416872816
ORD004271,2026-04-15 18:54:13.379438,C0055,P079,2.0,439.3314599535244
ORD004272,2026-08-07 18:54:13.379438,C0888,P096,5.0,73.97737256226858
ORD004273,2026-05-26 18:54:13.379438,C0745,P093,5.0,352.67036956907447
ORD004274,2026-06-17 18:54:13.379438,C0277,P074,3.0,333.3399000997511
ORD004275,2026-08-14 18:54:13.379438,C0443,P085,5.0,277.0322692111465
ORD004276,2026-04-30 18:54:13.379438,C0883,P016,4.0,208.50134905367824
ORD004277,2026-08-21 18:54:13.379438,C0418,P019,5.0,327.0634873778471
ORD004278,2026-08-26 18:54:13.379438,C0632,P029,9.0,279.54521783632356
ORD004279,2026-08-15 18:54:13.379438,C0225,P051,7.0,143.5865633378807
ORD004280,2026-07-09 18:54:13.379438,C0570,P018,1.0,61.26155892594284
ORD004281,2026-04-08 18:54:13.379438,C0255,P058,3.0,199.45784584398362
ORD004282,2026-05-30 18:54:13.379438,C0176,P044,9.0,261.093697370839
ORD004283,2026-09-06 18:54:13.379438,C0566,P016,4.0,259.1725339022689
ORD004284,2026-06-20 18:54:13.379438,C0146,P065,4.0,218.53537704999374
ORD004285,2026-06-11 18:54:13.379438,C0771,P002,6.0,170.40403280705792
ORD004286,2026-07-30 18:54:13.379438,C0664,P056,3.0,181.74209685284825
ORD004287,2026-08-01 18:54:13.379438,C0385,P079,3.0,140.26418888635672
ORD004288,2026-06-01 18:54:13.379438,C0262,P028,9.0,294.15505036303523
ORD004289,2026-05-06 18:54:13.379438,C0531,P065,5.0,426.444847634591
ORD004290,2026-06-04 18:54:13.379438,C0854,P005,7.0,441.0479593873882
ORD004291,2026-05-23 18:54:13.379438,C0371,P022,5.0,496.92522845826284
ORD004292,2026-07-24 18:54:13.379438,C0683,P013,6.0,53.52095270442644
ORD004293,2026-04-22 18:54:13.379438,C0891,P065,8.0,114.98654855995223
ORD004294,2026-08-04 18:54:13.379438,C0904,P016,8.0,367.8014160338302
ORD004295,2026-05-20 18:54:13.379438,C0197,P086,2.0,326.1678559416276
ORD004296,2026-09-17 18:54:13.379438,C0948,P064,9.0,75.5942036182172
ORD004297,2026-05-06 18:54:13.379438,C0585,P032,6.0,319.19883447295115
ORD004298,2026-08-22 18:54:13.379438,C0815,P080,7.0,209.16631102610162
ORD004299,2026-06-26 18:54:13.379438,C0597,P051,3.0,478.861147675882
ORD004300,2026-08-16 18:54:13.379438,C0284,P079,4.0,429.06897828349594
ORD004301,2026-06-21 18:54:13.379438,C0302,P058,6.0,45.88871708624972
ORD004302,2026-04-17 18:54:13.379438,C0132,P046,7.0,54.09491964071507
ORD004303,2026-08-28 18:54:13.379438,C0120,P052,6.0,214.3578346187638
ORD004304,2026-08-09 18:54:13.379438,C0728,P063,5.0,14.101871576480937
ORD004305,2026-05-27 18:54:13.379438,C0136,P076,2.0,56.24958775252226
ORD004306,2026-08-29 18:54:13.379438,C0628,P060,7.0,466.97187121021557
ORD004307,2026-05-02 18:54:13.379438,C0573,P065,5.0,398.29159776749276
ORD004308,2026-04-27 18:54:13.379438,C0529,P081,9.0,339.627400249279
ORD004309,2026-06-24 18:54:13.379438,C0034,P055,4.0,416.8162443277942
ORD004310,2026-06-05 18:54:13.379438,C0532,P057,2.0,132.5268791660069
ORD004311,2026-07-17 18:54:13.379438,C0208,P092,7.0,365.5278116577518
ORD004312,2026-05-30 18:54:13.379438,C0970,P071,7.0,311.6279061146926
ORD004313,2026-08-17 18:54:13.379438,C0674,P073,1.0,425.83723397153955
ORD004314,2026-06-04 18:54:13.379438,C0299,P086,5.0,148.51684114188353
ORD004315,2026-09-07 18:54:13.379438,C0522,P026,3.0,384.22074079036383
ORD004316,2026-04-20 18:54:13.379438,C0094,P012,9.0,427.7991879901156
ORD004317,2026-06-08 18:54:13.379438,C0414,P071,9.0,279.01336859804155
ORD004318,2026-04-09 18:54:13.379438,C0371,P046,7.0,212.75476710534366
ORD004319,2026-05-31 18:54:13.379438,C0409,P047,9.0,474.8397624492084
ORD004320,2026-06-11 18:54:13.379438,C0383,P079,2.0,92.79511178179831
ORD004321,2026-09-06 18:54:13.379438,C0441,P038,8.0,27.77379112503878
ORD004322,2026-06-04 18:54:13.379438,C0878,P021,1.0,97.77872925679493
ORD004323,2026-09-19 18:54:13.379438,C0447,P014,3.0,344.89244343869376
ORD004324,2026-06-24 18:54:13.379438,C0619,P002,8.0,396.5835101227157
ORD004325,2026-09-19 18:54:13.379438,C0617,P072,8.0,361.245509204997
ORD004326,2026-09-27 18:54:13.379438,C0071,P070,8.0,215.73461143828482
ORD004327,2026-09-27 18:54:13.379438,C0943,P033,7.0,484.1110368802
ORD004328,2026-06-13 18:54:13.379438,C0084,P006,2.0,227.70794131330743
ORD004329,2026-08-12 18:54:13.379438,C0209,P090,3.0,490.8394194833703
ORD004330,2026-04-13 18:54:13.379438,C0259,P037,9.0,459.87706399038115
ORD004331,2026-07-10 18:54:13.379438,C0239,P014,2.0,209.5007817380907
ORD004332,2026-07-01 18:54:13.379438,C0302,P037,7.0,88.89423331172199
ORD004333,2026-05-08 18:54:13.379438,C0232,P008,1.0,54.02033064416343
ORD004334,2026-04-05 18:54:13.379438,C0932,P077,3.0,270.42272659351613
ORD004335,2026-08-05 18:54:13.379438,C0282,P013,1.0,383.9719007547306
ORD004336,2026-04-27 18:54:13.379438,C0394,P040,6.0,96.26337075931342
ORD004337,2026-06-16 18:54:13.379438,C0418,P092,4.0,165.92335987855625
ORD004338,2026-09-16 18:54:13.379438,C0206,P058,1.0,318.960420856159
ORD004339,2026-04-25 18:54:13.379438,C0264,P018,5.0,235.82545305074802
ORD004340,2026-09-04 18:54:13.379438,C0311,P057,4.0,305.8952111785982
ORD004341,2026-09-21 18:54:13.379438,C0859,P083,2.0,341.4201168638982
ORD004342,2026-05-12 18:54:13.379438,C0906,P038,7.0,196.54059605371936
ORD004343,2026-09-07 18:54:13.379438,C0697,P032,8.0,395.12348587058307
ORD004344,2026-04-23 18:54:13.379438,C0626,P086,4.0,354.40389191922065
ORD004345,2026-05-14 18:54:13.379438,C0079,P066,9.0,346.9010820089596
ORD004346,2026-08-29 18:54:13.379438,C0869,P077,3.0,83.24692608456536
ORD004347,2026-07-20 18:54:13.379438,C0342,P087,6.0,242.37544253482463
ORD004348,2026-08-28 18:54:13.379438,C0813,P025,7.0,292.81472949769153
ORD004349,2026-06-26 18:54:13.379438,C0562,P092,7.0,120.92924689216622
ORD004350,2026-07-23 18:54:13.379438,C0832,P058,6.0,381.6978737378918
ORD004351,2026-06-08 18:54:13.379438,C0095,P075,9.0,69.32953986876478
ORD004352,2026-09-08 18:54:13.379438,C0770,P033,1.0,83.4301724683959
ORD004353,2026-05-26 18:54:13.379438,C0941,P088,9.0,212.5264548315322
ORD004354,2026-05-07 18:54:13.379438,C0351,P066,9.0,76.31895252800162
ORD004355,2026-08-31 18:54:13.379438,C0062,P030,4.0,15.705536433455334
ORD004356,2026-06-09 18:54:13.379438,C0142,P081,5.0,211.58694551208714
ORD004357,2026-08-15 18:54:13.379438,C0842,P034,3.0,327.79054854165446
ORD004358,2026-04-30 18:54:13.379438,C0734,P086,7.0,252.61776675913393
ORD004359,2026-04-13 18:54:13.379438,C0868,P069,2.0,35.568051813344795
ORD004360,2026-06-15 18:54:13.379438,C0111,P048,8.0,123.90801515719598
ORD004361,2026-07-08 18:54:13.379438,C0616,P040,9.0,266.93082699540264
ORD004362,2026-05-21 18:54:13.379438,C0527,P051,6.0,371.6654586400124
ORD004363,2026-06-12 18:54:13.379438,C0782,P080,9.0,399.01931250902777
ORD004364,2026-07-12 18:54:13.379438,C0671,P013,6.0,264.49055402650924
ORD004365,2026-06-01 18:54:13.379438,C0157,P090,3.0,326.60245236527317
ORD004366,2026-04-05 18:54:13.379438,C0539,P031,3.0,452.6745040822293
ORD004367,2026-09-07 18:54:13.379438,C0597,P039,2.0,41.947382946571196
ORD004368,2026-06-07 18:54:13.379438,C0009,P063,5.0,58.59455124125393
ORD004369,2026-06-25 18:54:13.379438,C0276,P048,,234.35144117811262
ORD004370,2026-09-04 18:54:13.379438,C0227,P087,6.0,308.7699751628579
ORD004371,2026-04-13 18:54:13.379438,C0186,P048,5.0,12.27075111004298
ORD004372,2026-05-26 18:54:13.379438,C0591,P061,6.0,231.74868205408066
ORD004373,2026-06-21 18:54:13.379438,C0216,P012,4.0,94.65283558437181
ORD004374,2026-06-01 18:54:13.379438,C0433,P078,3.0,326.10127490102514
ORD004375,2026-08-31 18:54:13.379438,C0569,P056,1.0,141.1904296668499
ORD004376,2026-09-29 18:54:13.379438,C0656,P018,5.0,451.9496825152927
ORD004377,2026-05-21 18:54:13.379438,C0356,P027,6.0,41.285245966342046
ORD004378,2026-08-30 18:54:13.379438,C0843,P028,5.0,406.5109658801604
ORD004379,2026-08-04 18:54:13.379438,C0392,P082,5.0,202.24050045496443
ORD004380,2026-04-25 18:54:13.379438,C0579,P080,6.0,430.0086870612013
ORD004381,2026-07-12 18:54:13.379438,C0275,P052,4.0,409.4100779326327
ORD004382,2026-07-10 18:54:13.379438,C0494,P016,4.0,127.25342043132223
ORD004383,2026-09-08 18:54:13.379438,C0617,P077,8.0,34.778204015130086
ORD004384,2026-04-28 18:54:13.379438,C0451,P058,8.0,350.80549159174444
ORD004385,2026-05-01 18:54:13.379438,C0420,P093,3.0,110.15333003178961
ORD004386,2026-07-25 18:54:13.379438,C0985,P009,7.0,465.9484813003397
ORD004387,2026-05-18 18:54:13.379438,C0700,P026,5.0,42.94299998941023
ORD004388,2026-06-10 18:54:13.379438,C0164,P028,5.0,168.750226777903
ORD004389,2026-04-10 18:54:13.379438,C0779,P077,3.0,16.198013675890316
ORD004390,2026-05-22 18:54:13.379438,C0563,P036,2.0,165.33960685086728
ORD004391,2026-08-18 18:54:13.379438,C0638,P009,3.0,275.21675335929405
ORD004392,2026-09-14 18:54:13.379438,C0592,P047,7.0,330.8826531941365
ORD004393,2026-06-25 18:54:13.379438,C0183,P078,3.0,365.9525749297171
ORD004394,2026-08-10 18:54:13.379438,C0310,P051,2.0,418.3905937479512
ORD004395,2026-08-19 18:54:13.379438,C0017,P076,4.0,64.28422302974823
ORD004396,2026-09-14 18:54:13.379438,C0446,P057,5.0,383.3175937198478
ORD004397,2026-06-15 18:54:13.379438,C0170,P032,7.0,146.4007004273057
ORD004398,2026-05-19 18:54:13.379438,C0280,P067,1.0,77.7409408797299
ORD004399,2026-07-18 18:54:13.379438,C0913,P057,8.0,140.1710198931675
ORD004400,2026-09-10 18:54:13.379438,C0816,P054,3.0,430.4166088849009
ORD004401,2026-05-05 18:54:13.379438,C0340,P016,6.0,317.42192511058454
ORD004402,2026-04-09 18:54:13.379438,C0726,P062,4.0,302.7169310241216
ORD004403,2026-09-26 18:54:13.379438,C0710,P084,5.0,296.4720896977354
ORD004404,2026-09-16 18:54:13.379438,C0519,P096,6.0,210.22749516619436
ORD004405,2026-08-26 18:54:13.379438,C0910,P056,2.0,214.3322373716775
ORD004406,2026-06-16 18:54:13.379438,C0011,P023,3.0,82.67898435026396
ORD004407,2026-07-26 18:54:13.379438,C0524,P017,8.0,172.98036769771514
ORD004408,2026-04-30 18:54:13.379438,C0622,P080,8.0,260.89574928590764
ORD004409,2026-05-27 18:54:13.379438,C0133,P038,1.0,306.9486710690402
ORD004410,2026-09-28 18:54:13.379438,C0901,P072,8.0,45.102972059307994
ORD004411,2026-09-13 18:54:13.379438,C0640,P083,2.0,173.5670177212464
ORD004412,2026-06-27 18:54:13.379438,C0148,P030,8.0,176.31617860468307
ORD004413,2026-08-08 18:54:13.379438,C0566,P058,5.0,262.38439778107863
ORD004414,2026-09-03 18:54:13.379438,C0823,P098,1.0,357.91690799242514
ORD004415,2026-09-06 18:54:13.379438,C0954,P078,8.0,321.2639989127082
ORD004416,2026-07-23 18:54:13.379438,C0079,P022,5.0,289.733749917809
ORD004417,2026-04-18 18:54:13.379438,C0346,P017,1.0,152.7951462813903
ORD004418,2026-08-13 18:54:13.379438,C0609,P015,4.0,421.13766032332336
ORD004419,2026-07-05 18:54:13.379438,C0249,P048,1.0,394.793361784584
ORD004420,2026-08-04 18:54:13.379438,C0639,P032,9.0,99.97026816545593
ORD004421,2026-06-15 18:54:13.379438,C0542,P077,2.0,331.01446887270316
ORD004422,2026-09-05 18:54:13.379438,C0024,P085,8.0,454.2607451952765
ORD004423,2026-09-04 18:54:13.379438,C0471,P040,4.0,223.44463297491953
ORD004424,2026-08-28 18:54:13.379438,C0201,P097,9.0,463.13694294606677
ORD004425,2026-07-04 18:54:13.379438,C0131,P057,2.0,20.762250309894906
ORD004426,2026-04-20 18:54:13.379438,C0634,P058,3.0,262.9575994042483
ORD004427,2026-05-16 18:54:13.379438,C0356,P091,2.0,135.57231435300653
ORD004428,2026-08-02 18:54:13.379438,C0944,P099,5.0,138.45712443294985
ORD004429,2026-05-14 18:54:13.379438,C0839,P016,1.0,439.9981270963026
ORD004430,2026-09-20 18:54:13.379438,C0150,P028,3.0,162.63473957871176
ORD004431,2026-09-28 18:54:13.379438,C0526,P098,1.0,21.432302758816178
ORD004432,2026-09-18 18:54:13.379438,C0304,P001,8.0,274.4474566841878
ORD004433,2026-05-12 18:54:13.379438,C0541,P041,4.0,485.7228910392525
ORD004434,2026-07-25 18:54:13.379438,C0050,P048,3.0,48.756791024059844
ORD004435,2026-09-01 18:54:13.379438,C0464,P031,8.0,150.28695036646505
ORD004436,2026-07-23 18:54:13.379438,C0240,P036,9.0,240.05655669814857
ORD004437,2026-09-30 18:54:13.379438,C0482,P033,8.0,416.93525406863176
ORD004438,2026-05-20 18:54:13.379438,C0906,P033,6.0,141.75862237347465
ORD004439,2026-06-05 18:54:13.379438,C0455,P082,3.0,178.40577338593215
ORD004440,2026-07-22 18:54:13.379438,C0985,P023,8.0,198.40253744038597
ORD004441,2026-06-11 18:54:13.379438,C0283,P060,5.0,196.02072161648275
ORD004442,2026-05-16 18:54:13.379438,C0335,P087,5.0,108.16917223436344
ORD004443,2026-09-26 18:54:13.379438,C0352,P079,9.0,458.67628199931426
ORD004444,2026-05-07 18:54:13.379438,C0668,P090,1.0,398.526047333313
ORD004445,2026-05-13 18:54:13.379438,C0649,P030,7.0,488.064962013792
ORD004446,2026-06-03 18:54:13.379438,C0327,P089,8.0,191.78693427376106
ORD004447,2026-09-28 18:54:13.379438,C0336,P045,3.0,32.19469617400619
ORD004448,2026-06-04 18:54:13.379438,C0666,P080,8.0,66.5955320323381
ORD004449,2026-05-31 18:54:13.379438,C0995,P039,1.0,185.16697561783684
ORD004450,2026-09-11 18:54:13.379438,C0081,P045,8.0,456.4214100074807
ORD004451,2026-06-17 18:54:13.379438,C0087,P078,7.0,490.73151979109576
ORD004452,2026-04-19 18:54:13.379438,C0776,P081,4.0,412.77858200298283
ORD004453,2026-06-24 18:54:13.379438,C0258,P012,7.0,126.82848126955686
ORD004454,2026-07-06 18:54:13.379438,C0991,P093,7.0,333.2527214852181
ORD004455,2026-05-21 18:54:13.379438,C0185,P032,1.0,302.3375666137504
ORD004456,2026-08-19 18:54:13.379438,C0692,P056,3.0,413.39365513341136
ORD004457,2026-06-24 18:54:13.379438,C0698,P024,7.0,259.7771825253398
ORD004458,2026-05-11 18:54:13.379438,C0123,P013,5.0,165.88363458337466
ORD004459,2026-08-08 18:54:13.379438,C0889,P020,9.0,19.446029312561816
ORD004460,2026-04-22 18:54:13.379438,C0096,P079,7.0,399.56283511863927
ORD004461,2026-09-14 18:54:13.379438,C0605,P056,3.0,269.82168120786093
ORD004462,2026-06-05 18:54:13.379438,C0515,P053,1.0,271.75181502872454
ORD004463,2026-06-19 18:54:13.379438,C0904,P068,5.0,478.96054201852075
ORD004464,2026-09-24 18:54:13.379438,C0443,P054,5.0,248.25145675761397
ORD004465,2026-08-12 18:54:13.379438,C0514,P034,7.0,164.7426530722565
ORD004466,2026-07-14 18:54:13.379438,C0991,P028,1.0,176.5206040925408
ORD004467,2026-06-07 18:54:13.379438,C0958,P050,2.0,15.755978659333696
ORD004468,2026-08-01 18:54:13.379438,C0371,P002,6.0,69.95200650245269
ORD004469,2026-07-03 18:54:13.379438,C0305,P094,8.0,31.466294004655257
ORD004470,2026-04-11 18:54:13.379438,C0357,P026,4.0,129.19747672392197
ORD004471,2026-09-29 18:54:13.379438,C0148,P051,3.0,41.67964151455824
ORD004472,2026-06-15 18:54:13.379438,C0285,P047,3.0,172.24697050198256
ORD004473,2026-08-15 18:54:13.379438,C0657,P026,3.0,71.80346245871166
ORD004474,2026-07-19 18:54:13.379438,C0842,P084,2.0,459.78033234798517
ORD004475,2026-07-01 18:54:13.379438,C0873,P092,1.0,469.8081162481873
ORD004476,2026-05-12 18:54:13.379438,C0918,P084,5.0,305.6936623152188
ORD004477,2026-07-25 18:54:13.379438,C0262,P075,5.0,404.6889986231219
ORD004478,2026-05-01 18:54:13.379438,C0574,P074,5.0,341.8335303173067
ORD004479,2026-07-09 18:54:13.379438,C0491,P061,4.0,407.4433559680463
ORD004480,2026-05-10 18:54:13.379438,C0738,P023,3.0,323.5055294158035
ORD004481,2026-08-18 18:54:13.379438,C0031,P037,3.0,220.7948991666362
ORD004482,2026-06-24 18:54:13.379438,C0702,P041,2.0,438.1396840582585
ORD004483,2026-05-29 18:54:13.379438,C0887,P052,5.0,224.65253089816653
ORD004484,2026-06-27 18:54:13.379438,C0268,P083,4.0,204.14411978346044
ORD004485,2026-04-05 18:54:13.379438,C0012,P082,6.0,315.9477396604167
ORD004486,2026-05-31 18:54:13.379438,C0191,P049,2.0,469.586582429695
ORD004487,2026-07-19 18:54:13.379438,C0400,P027,2.0,226.67939222835545
ORD004488,2026-08-04 18:54:13.379438,C0537,P006,8.0,291.7229377659747
ORD004489,2026-09-18 18:54:13.379438,C0918,P074,6.0,251.243032754571
ORD004490,2026-09-14 18:54:13.379438,C0091,P066,3.0,455.7691248849808
ORD004491,2026-07-26 18:54:13.379438,C0600,P024,5.0,341.6050511313173
ORD004492,2026-07-19 18:54:13.379438,C0844,P038,3.0,215.59879538528105
ORD004493,2026-05-10 18:54:13.379438,C0501,P028,2.0,307.38229672507265
ORD004494,2026-06-21 18:54:13.379438,C0786,P028,3.0,86.4690066446373
ORD004495,2026-07-04 18:54:13.379438,C0301,P066,1.0,177.55250455554173
ORD004496,2026-04-21 18:54:13.379438,C0111,P061,7.0,370.72879612996394
ORD004497,2026-07-10 18:54:13.379438,C0080,P046,6.0,285.5731257859047
ORD004498,2026-06-05 18:54:13.379438,C0836,P069,5.0,163.99367783780212
ORD004499,2026-08-31 18:54:13.379438,C0652,P075,6.0,187.52597369561983
ORD004500,2026-08-20 18:54:13.379438,C0433,P074,8.0,406.7935475359059
ORD004501,2026-04-07 18:54:13.379438,C0417,P043,3.0,275.0326714455498
ORD004502,2026-08-16 18:54:13.379438,C0214,P059,3.0,126.99045978860403
ORD004503,2026-06-03 18:54:13.379438,C0447,P002,5.0,155.43833014446628
ORD004504,2026-07-19 18:54:13.379438,C0018,P015,5.0,239.26292048931282
ORD004505,2026-05-27 18:54:13.379438,C0054,P037,1.0,383.79040821355255
ORD004506,2026-06-30 18:54:13.379438,C0880,P071,4.0,498.74581009061194
ORD004507,2026-06-10 18:54:13.379438,C0609,P020,9.0,101.02263002021878
ORD004508,2026-08-10 18:54:13.379438,C0795,P098,8.0,379.91522099960656
ORD004509,2026-05-28 18:54:13.379438,C0746,P035,3.0,312.43756279783764
ORD004510,2026-04-06 18:54:13.379438,C0979,P034,5.0,270.2845782074199
ORD004511,2026-09-16 18:54:13.379438,C0240,P086,5.0,483.5639558060164
ORD004512,2026-08-02 18:54:13.379438,C0846,P031,7.0,168.14923937745993
ORD004513,2026-08-10 18:54:13.379438,C0921,P087,8.0,96.71933915997455
ORD004514,2026-07-14 18:54:13.379438,C0418,P019,9.0,440.02260735048367
ORD004515,2026-05-11 18:54:13.379438,C0856,P068,7.0,43.65757260721316
ORD004516,2026-06-27 18:54:13.379438,C0486,P024,2.0,410.3886405483673
ORD004517,2026-09-07 18:54:13.379438,C0444,P084,8.0,298.72563662221336
ORD004518,2026-08-14 18:54:13.379438,C0566,P039,8.0,90.36190694577245
ORD004519,2026-07-04 18:54:13.379438,C0599,P092,2.0,121.40745756376802
ORD004520,2026-04-24 18:54:13.379438,C0773,P054,6.0,86.36189040690692
ORD004521,2026-07-21 18:54:13.379438,C0748,P039,1.0,361.98588550847575
ORD004522,2026-05-20 18:54:13.379438,C0123,P017,7.0,82.18246731933861
ORD004523,2026-06-26 18:54:13.379438,C0420,P019,2.0,343.8717286946254
ORD004524,2026-06-25 18:54:13.379438,C0566,P048,5.0,72.7936446790695
ORD004525,2026-05-08 18:54:13.379438,C0216,P035,7.0,403.1106290372773
ORD004526,2026-06-11 18:54:13.379438,C0420,P032,9.0,460.5504817801027
ORD004527,2026-08-10 18:54:13.379438,C0709,P047,1.0,284.0628938422014
ORD004528,2026-08-21 18:54:13.379438,C0551,P047,9.0,483.43017823639275
ORD004529,2026-04-30 18:54:13.379438,C0966,P064,5.0,201.2863484333492
ORD004530,2026-05-29 18:54:13.379438,C0877,P046,6.0,129.85520321061824
ORD004531,2026-04-26 18:54:13.379438,C0228,P035,8.0,96.87541049451198
ORD004532,2026-09-03 18:54:13.379438,C0237,P094,2.0,244.69204026544568
ORD004533,2026-04-24 18:54:13.379438,C0644,P017,7.0,74.06598180443686
ORD004534,2026-06-03 18:54:13.379438,C0330,P042,4.0,439.13740795266796
ORD004535,2026-06-05 18:54:13.379438,C0833,P029,9.0,394.5351035328819
ORD004536,2026-08-03 18:54:13.379438,C0469,P070,6.0,285.43801813771375
ORD004537,2026-05-25 18:54:13.379438,C0680,P017,7.0,363.5168553093778
ORD004538,2026-06-30 18:54:13.379438,C0487,P081,6.0,34.49524846661086
ORD004539,2026-09-03 18:54:13.379438,C0549,P014,8.0,109.7237163619794
ORD004540,2026-05-28 18:54:13.379438,C0579,P024,6.0,314.3938274866351
ORD004541,2026-05-19 18:54:13.379438,C0623,P057,7.0,243.960060739281
ORD004542,2026-05-05 18:54:13.379438,C0415,P050,8.0,306.2652601806173
ORD004543,2026-05-28 18:54:13.379438,C0219,P057,1.0,53.59483098692498
ORD004544,2026-07-08 18:54:13.379438,C0721,P061,4.0,329.6870534713223
ORD004545,2026-08-14 18:54:13.379438,C0381,P039,6.0,403.77196594943894
ORD004546,2026-05-09 18:54:13.379438,C0087,P055,1.0,277.674839668851
ORD004547,2026-07-22 18:54:13.379438,C0461,P096,4.0,185.129439158624
ORD004548,2026-09-27 18:54:13.379438,C0815,P036,6.0,95.57744988787843
ORD004549,2026-07-18 18:54:13.379438,C0411,P037,7.0,140.02397248667634
ORD004550,2026-05-31 18:54:13.379438,C0691,P014,6.0,266.041098430142
ORD004551,2026-05-12 18:54:13.379438,C0916,P027,4.0,135.2037364461785
ORD004552,2026-06-22 18:54:13.379438,C0525,P083,7.0,391.19331331571055
ORD004553,2026-07-09 18:54:13.379438,C0447,P031,2.0,74.5531027747362
ORD004554,2026-07-25 18:54:13.379438,C0300,P073,6.0,263.04789038787885
ORD004555,2026-06-03 18:54:13.379438,C0408,P081,5.0,253.02342883782583
ORD004556,2026-08-18 18:54:13.379438,C0637,P083,2.0,78.05720903262647
ORD004557,2026-04-09 18:54:13.379438,C0375,P044,9.0,497.54391457482274
ORD004558,2026-07-21 18:54:13.379438,C0233,P068,7.0,413.33633985767074
ORD004559,2026-05-08 18:54:13.379438,C0763,P048,3.0,199.4009079388964
ORD004560,2026-05-12 18:54:13.379438,C0899,P057,7.0,345.60420409084116
ORD004561,2026-08-31 18:54:13.379438,C0638,P075,6.0,361.1247877247149
ORD004562,2026-09-19 18:54:13.379438,C0747,P022,7.0,329.0627981805657
ORD004563,2026-07-30 18:54:13.379438,C0650,P004,4.0,221.91713362462497
ORD004564,2026-04-08 18:54:13.379438,C0961,P081,8.0,443.7045524968895
ORD004565,2026-09-20 18:54:13.379438,C0049,P072,8.0,388.0601770467558
ORD004566,2026-06-29 18:54:13.379438,C0892,P046,7.0,275.58977756772094
ORD004567,2026-06-18 18:54:13.379438,C0186,P059,7.0,11.255764896588886
ORD004568,2026-09-08 18:54:13.379438,C0205,P034,8.0,119.45337678012092
ORD004569,2026-05-30 18:54:13.379438,C0078,P011,1.0,259.32459390136535
ORD004570,2026-08-08 18:54:13.379438,C0481,P031,6.0,450.47523784229094
ORD004571,2026-05-02 18:54:13.379438,C0386,P011,2.0,318.02426261892407
ORD004572,2026-09-15 18:54:13.379438,C0194,P056,1.0,214.75252594308273
ORD004573,2026-06-29 18:54:13.379438,C0103,P038,7.0,33.476867530797065
ORD004574,2026-08-22 18:54:13.379438,C0617,P021,6.0,302.66731136070973
ORD004575,2026-09-10 18:54:13.379438,C0376,P094,5.0,181.8685719802885
ORD004576,2026-05-19 18:54:13.379438,C0287,P010,5.0,-50.0
ORD004577,2026-07-28 18:54:13.379438,C0836,P026,9.0,385.5564322237552
ORD004578,2026-07-24 18:54:13.379438,C0482,P091,9.0,403.83277397487416
ORD004579,2026-09-01 18:54:13.379438,C0723,P008,6.0,433.49633732988985
ORD004580,2026-05-18 18:54:13.379438,C0250,P008,3.0,321.6628468561122
ORD004581,2026-08-26 18:54:13.379438,C0805,P060,7.0,453.7527685164103
ORD004582,2026-07-16 18:54:13.379438,C0201,P072,4.0,348.40772479358515
ORD004583,2026-06-27 18:54:13.379438,C0536,P034,5.0,394.1179056026729
ORD004584,2026-08-15 18:54:13.379438,C0461,P016,7.0,345.88628898202563
ORD004585,2026-07-20 18:54:13.379438,C0300,P013,7.0,437.2132687438533
ORD004586,2026-04-21 18:54:13.379438,C0478,P087,8.0,119.21604212363103
ORD004587,2026-07-06 18:54:13.379438,C0083,P076,1.0,382.3446674173747
ORD004588,2026-08-31 18:54:13.379438,C0809,P091,5.0,67.40670608932572
ORD004589,2026-05-06 18:54:13.379438,C0458,P022,9.0,55.07707464210852
ORD004590,2026-09-08 18:54:13.379438,C0691,P096,7.0,250.89510035594867
ORD004591,2026-08-07 18:54:13.379438,C0298,P027,2.0,157.1162063849658
ORD004592,2026-09-10 18:54:13.379438,C0364,P064,1.0,286.04552161856753
ORD004593,2026-09-20 18:54:13.379438,C0718,P002,8.0,342.08961968252754
ORD004594,2026-08-03 18:54:13.379438,C0040,P097,9.0,121.01582130197265
ORD004595,2026-08-19 18:54:13.379438,C0816,P026,5.0,352.96376840192755
ORD004596,2026-07-27 18:54:13.379438,C0625,P092,6.0,497.7749548994661
ORD004597,2026-09-14 18:54:13.379438,C0340,P083,2.0,382.3777639457311
ORD004598,2026-09-12 18:54:13.379438,C0516,P069,5.0,95.15538591780903
ORD004599,2026-05-01 18:54:13.379438,C0998,P097,4.0,320.51075785568884
ORD004600,2026-04-14 18:54:13.379438,C0108,P084,8.0,14.64753734609588
ORD004601,2026-09-17 18:54:13.379438,C0316,P030,8.0,240.1618985622453
ORD004602,2026-05-20 18:54:13.379438,C0114,P008,5.0,271.3201191640121
ORD004603,2026-08-08 18:54:13.379438,C0167,P038,8.0,486.46500096560646
ORD004604,2026-08-28 18:54:13.379438,C0261,P061,6.0,371.230636411054
ORD004605,2026-07-30 18:54:13.379438,C0618,P081,6.0,355.92052345399355
ORD004606,2026-08-24 18:54:13.379438,C0224,P065,4.0,270.8782584218599
ORD004607,2026-08-07 18:54:13.379438,C0262,P067,3.0,261.45624696232835
ORD004608,2026-09-06 18:54:13.379438,C0251,P046,9.0,496.1205628094875
ORD004609,2026-09-02 18:54:13.379438,C0526,P090,5.0,20.42131819204176
ORD004610,2026-06-14 18:54:13.379438,C0710,P095,4.0,158.5708938716079
ORD004611,2026-07-19 18:54:13.379438,C0126,P072,6.0,75.55407344198697
ORD004612,2026-08-18 18:54:13.379438,C0206,P043,4.0,164.33624687961913
ORD004613,2026-09-25 18:54:13.379438,C0140,P059,6.0,237.17366165733372
ORD004614,2026-05-06 18:54:13.379438,C0062,P046,8.0,177.54685934462466
ORD004615,2026-04-22 18:54:13.379438,C0283,P072,8.0,481.72550615836565
ORD004616,2026-06-16 18:54:13.379438,C0054,P035,6.0,343.4881087239895
ORD004617,2026-09-18 18:54:13.379438,C0346,P039,1.0,366.742015613932
ORD004618,2026-09-25 18:54:13.379438,C0524,P092,1.0,373.7231895554076
ORD004619,2026-09-07 18:54:13.379438,C0136,P051,3.0,450.6212260162449
ORD004620,2026-09-28 18:54:13.379438,C0330,P004,2.0,386.32921560936444
ORD004621,2026-07-10 18:54:13.379438,C0144,P080,1.0,17.94035654117853
ORD004622,2026-08-22 18:54:13.379438,C0436,P077,1.0,138.083915433452
ORD004623,2026-08-10 18:54:13.379438,C0282,P084,6.0,494.661148969169
ORD004624,2026-09-12 18:54:13.379438,C0136,P051,7.0,329.54099844382864
ORD004625,2026-07-05 18:54:13.379438,C0489,P005,8.0,43.377688471824044
ORD004626,2026-09-26 18:54:13.379438,C0813,P055,3.0,238.6527194008122
ORD004627,2026-05-21 18:54:13.379438,C0733,P020,1.0,490.60888549205316
ORD004628,2026-09-27 18:54:13.379438,C0852,P024,5.0,496.49068948669276
ORD004629,2026-06-06 18:54:13.379438,C0721,P036,8.0,221.89894169154843
ORD004630,2026-06-03 18:54:13.379438,C0915,P034,4.0,447.59597441625704
ORD004631,2026-09-07 18:54:13.379438,C0401,P054,2.0,300.07623258423786
ORD004632,2026-05-12 18:54:13.379438,C0871,P034,9.0,259.62038090728623
ORD004633,2026-08-09 18:54:13.379438,C0892,P083,9.0,211.85181939936447
ORD004634,2026-06-30 18:54:13.379438,C0449,P017,3.0,447.1437194788865
ORD004635,2026-04-29 18:54:13.379438,C0635,P005,7.0,314.35206870654105
ORD004636,2026-04-20 18:54:13.379438,C0628,P089,1.0,173.5608454108861
ORD004637,2026-06-13 18:54:13.379438,C0669,P018,8.0,251.04689422900768
ORD004638,2026-04-16 18:54:13.379438,C0270,P055,8.0,227.5988523266954
ORD004639,2026-06-11 18:54:13.379438,C0017,P053,3.0,231.06551763098514
ORD004640,2026-04-29 18:54:13.379438,C0269,P050,5.0,162.68880397317315
ORD004641,2026-05-22 18:54:13.379438,C0861,P072,4.0,320.1490693096812
ORD004642,2026-04-10 18:54:13.379438,C0482,P091,7.0,35.59632129821258
ORD004643,2026-05-31 18:54:13.379438,C0219,P079,7.0,444.2200183091315
ORD004644,2026-05-22 18:54:13.379438,C0319,P045,8.0,213.54451412823326
ORD004645,2026-07-15 18:54:13.379438,C0238,P013,5.0,402.42260959329826
ORD004646,2026-05-26 18:54:13.379438,C0545,P016,5.0,367.4509889246996
ORD004647,2026-06-04 18:54:13.379438,C0285,P086,8.0,241.20730053828063
ORD004648,2026-04-20 18:54:13.379438,C0037,P084,5.0,107.36817705837784
ORD004649,2026-09-21 18:54:13.379438,C0103,P013,1.0,285.48372691638804
ORD004650,2026-04-28 18:54:13.379438,C0723,P020,3.0,474.55541014383186
ORD004651,2026-08-12 18:54:13.379438,C0430,P066,2.0,101.02850669495976
ORD004652,2026-05-02 18:54:13.379438,C0792,P099,5.0,135.44609815254194
ORD004653,2026-07-29 18:54:13.379438,C0654,P047,8.0,496.5726735952262
ORD004654,2026-09-10 18:54:13.379438,C0239,P019,9.0,447.3597776505098
ORD004655,2026-04-29 18:54:13.379438,C0741,P045,9.0,279.2794264998892
ORD004656,2026-08-05 18:54:13.379438,C0645,P037,1.0,350.4231820443627
ORD004657,2026-08-25 18:54:13.379438,C0125,P054,1.0,227.100542412276
ORD004658,2026-04-28 18:54:13.379438,C0565,P006,1.0,208.0054115195193
ORD004659,2026-05-27 18:54:13.379438,C0600,P014,1.0,227.161895038014
ORD004660,2026-09-06 18:54:13.379438,C0610,P004,9.0,213.06411105010858
ORD004661,2026-06-15 18:54:13.379438,C0882,P086,1.0,341.02195564740873
ORD004662,2026-08-01 18:54:13.379438,C0607,P055,7.0,171.92374660058974
ORD004663,2026-05-29 18:54:13.379438,C0926,P034,6.0,93.68043910203843
ORD004664,2026-06-07 18:54:13.379438,C0188,P027,9.0,356.2180963012021
ORD004665,2026-07-05 18:54:13.379438,C0888,P007,9.0,25.33578825251605
ORD004666,2026-06-28 18:54:13.379438,C0256,P003,4.0,362.18914096907605
ORD004667,2026-06-22 18:54:13.379438,C0585,P047,9.0,138.9894107923423
ORD004668,2026-09-19 18:54:13.379438,C0987,P097,6.0,103.22391184994424
ORD004669,2026-07-20 18:54:13.379438,C0924,P002,5.0,195.6887687151362
ORD004670,2026-09-29 18:54:13.379438,C0874,P080,9.0,67.57498085681948
ORD004671,2026-07-30 18:54:13.379438,C0794,P025,7.0,198.39991603552497
ORD004672,2026-09-07 18:54:13.379438,C0530,P060,9.0,60.13764385302133
ORD004673,2026-06-25 18:54:13.379438,C0676,P079,5.0,246.90947925075156
ORD004674,2026-08-28 18:54:13.379438,C0392,P024,4.0,96.32317720991979
ORD004675,2026-09-19 18:54:13.379438,C0658,P015,3.0,73.6983267596654
ORD004676,2026-09-23 18:54:13.379438,C0468,P095,5.0,293.76371863451357
ORD004677,2026-04-18 18:54:13.379438,C0826,P014,9.0,316.37007472082485
ORD004678,2026-08-12 18:54:13.379438,C0253,P054,3.0,12.703595019289518
ORD004679,2026-08-20 18:54:13.379438,C0672,P078,1.0,199.96193619641915
ORD004680,2026-09-24 18:54:13.379438,C0861,P006,2.0,48.19848412118983
ORD004681,2026-05-03 18:54:13.379438,C0561,P078,5.0,371.9357858507543
ORD004682,2026-05-30 18:54:13.379438,C0176,P081,3.0,343.94623547509747
ORD004683,2026-08-27 18:54:13.379438,C0466,P018,6.0,34.367275191552636
ORD004684,2026-09-29 18:54:13.379438,C0839,P020,8.0,471.21278927819236
ORD004685,2026-08-09 18:54:13.379438,C0577,P062,6.0,480.3805723352971
ORD004686,2026-05-21 18:54:13.379438,C0988,P081,9.0,173.98909827222843
ORD004687,2026-08-17 18:54:13.379438,C0289,P080,6.0,74.00018529528897
ORD004688,2026-04-25 18:54:13.379438,C0050,P040,5.0,66.02818855044164
ORD004689,2026-04-09 18:54:13.379438,C0004,P039,4.0,421.9530599902914
ORD004690,2026-07-16 18:54:13.379438,C0631,P052,2.0,234.989815657364
ORD004691,2026-05-09 18:54:13.379438,C0852,P032,6.0,14.65913590685271
ORD004692,2026-06-21 18:54:13.379438,C0885,P073,2.0,463.4225223776699
ORD004693,2026-07-28 18:54:13.379438,C0500,P027,5.0,300.4412897491902
ORD004694,2026-05-30 18:54:13.379438,C0676,P052,1.0,348.29452407727007
ORD004695,2026-05-22 18:54:13.379438,C0223,P097,3.0,413.54142931484284
ORD004696,2026-09-23 18:54:13.379438,C0870,P063,5.0,411.10356331400396
ORD004697,2026-06-24 18:54:13.379438,C0668,P074,7.0,47.14438753496642
ORD004698,2026-06-08 18:54:13.379438,C0899,P063,8.0,291.256223584999
ORD004699,2026-06-19 18:54:13.379438,C0262,P017,7.0,351.1598676428578
ORD004700,2026-05-18 18:54:13.379438,C0685,P049,7.0,51.954014529733016
ORD004701,2026-06-21 18:54:13.379438,C0535,P081,2.0,118.9764445270158
ORD004702,2026-04-23 18:54:13.379438,C0903,P082,6.0,203.94908467311535
ORD004703,2026-08-04 18:54:13.379438,C0376,P023,5.0,444.3972809842766
ORD004704,2026-06-09 18:54:13.379438,C0061,P098,9.0,426.81036543584275
ORD004705,2026-06-25 18:54:13.379438,C0356,P072,4.0,393.23047069813344
ORD004706,2026-04-06 18:54:13.379438,C0833,P013,7.0,495.23558872707287
ORD004707,2026-06-06 18:54:13.379438,C0646,P023,8.0,128.90175928072114
ORD004708,2026-05-13 18:54:13.379438,C0024,P057,6.0,239.22925692293168
ORD004709,2026-06-01 18:54:13.379438,C0293,P062,3.0,228.8942760453188
ORD004710,2026-06-04 18:54:13.379438,C0557,P054,5.0,342.67933254248044
ORD004711,2026-08-13 18:54:13.379438,C0691,P020,1.0,426.5751104307581
ORD004712,2026-06-02 18:54:13.379438,C0356,P086,8.0,250.9245500868395
ORD004713,2026-07-28 18:54:13.379438,C0984,P052,2.0,250.85057861476568
ORD004714,2026-06-17 18:54:13.379438,C0870,P023,7.0,308.07572829764206
ORD004715,2026-08-03 18:54:13.379438,C0941,P035,9.0,373.8125305855626
ORD004716,2026-07-19 18:54:13.379438,C0575,P067,1.0,108.63738488257465
ORD004717,2026-07-08 18:54:13.379438,C0029,P034,4.0,481.3111797697131
ORD004718,2026-07-03 18:54:13.379438,C0357,P033,7.0,55.106205506798126
ORD004719,2026-09-08 18:54:13.379438,C0365,P046,9.0,21.31903589308697
ORD004720,2026-08-11 18:54:13.379438,C0608,P081,2.0,185.80778944667395
ORD004721,2026-06-04 18:54:13.379438,C0409,P045,2.0,353.7031193516407
ORD004722,2026-05-22 18:54:13.379438,C0266,P019,6.0,489.2567324492434
ORD004723,2026-08-18 18:54:13.379438,C0291,P094,3.0,467.0526233647312
ORD004724,2026-07-04 18:54:13.379438,C0567,P087,4.0,347.3588491736844
ORD004725,2026-09-09 18:54:13.379438,C0153,P015,3.0,223.9074025947365
ORD004726,2026-08-05 18:54:13.379438,C0219,P078,1.0,301.9428760954306
ORD004727,2026-06-03 18:54:13.379438,C0173,P066,6.0,484.64207316421306
ORD004728,2026-05-21 18:54:13.379438,C0608,P039,2.0,140.095522422068
ORD004729,2026-09-03 18:54:13.379438,C0635,P018,2.0,244.35755118958755
ORD004730,2026-09-14 18:54:13.379438,C0012,P070,7.0,349.52182845145654
ORD004731,2026-08-17 18:54:13.379438,C0516,P059,5.0,15.046452242389519
ORD004732,2026-05-31 18:54:13.379438,C0362,P032,8.0,196.8180944359032
ORD004733,2026-07-13 18:54:13.379438,C0858,P021,2.0,288.2769781679125
ORD004734,2026-07-24 18:54:13.379438,C0579,P040,8.0,451.44995686597485
ORD004735,2026-09-23 18:54:13.379438,C0657,P092,7.0,496.0788541840855
ORD004736,2026-06-04 18:54:13.379438,C0969,P027,8.0,282.5989590515747
ORD004737,2026-05-12 18:54:13.379438,C0477,P002,3.0,472.8443408600407
ORD004738,2026-05-31 18:54:13.379438,C0577,P097,8.0,58.64010243024731
ORD004739,2026-07-11 18:54:13.379438,C0082,P080,6.0,353.62270423673647
ORD004740,2026-05-17 18:54:13.379438,C0617,P039,2.0,206.27163858656212
ORD004741,2026-05-02 18:54:13.379438,C0693,P086,6.0,377.976994206443
ORD004742,2026-06-01 18:54:13.379438,C0340,P056,5.0,435.1845369512539
ORD004743,2026-06-13 18:54:13.379438,C0441,P013,3.0,36.324899531879936
ORD004744,2026-07-04 18:54:13.379438,C0617,P056,1.0,468.3820363919539
ORD004745,2026-04-12 18:54:13.379438,C0226,P066,7.0,43.396534347174004
ORD004746,2026-08-08 18:54:13.379438,C0371,P078,2.0,379.16520252503716
ORD004747,2026-08-15 18:54:13.379438,C0028,P056,1.0,43.84418159635575
ORD004748,2026-09-07 18:54:13.379438,C0995,P028,1.0,432.2242617518848
ORD004749,2026-08-26 18:54:13.379438,C0016,P064,7.0,110.44092264793296
ORD004750,2026-08-25 18:54:13.379438,C0277,P071,1.0,222.694462290032
ORD004751,2026-08-12 18:54:13.379438,C0333,P082,9.0,466.9842443173824
ORD004752,2026-04-24 18:54:13.379438,C0483,P064,6.0,398.1129910770102
ORD004753,2026-06-06 18:54:13.379438,C0810,P056,4.0,395.0298715554445
ORD004754,2026-07-02 18:54:13.379438,C0566,P041,4.0,384.0317329125854
ORD004755,2026-05-09 18:54:13.379438,C0288,P041,5.0,289.02319403297486
ORD004756,2026-06-04 18:54:13.379438,C0114,P004,2.0,476.2007222319563
ORD004757,2026-09-20 18:54:13.379438,C0038,P057,5.0,417.5015061066041
ORD004758,2026-06-18 18:54:13.379438,C0454,P030,2.0,225.7411676721015
ORD004759,2026-09-20 18:54:13.379438,C0882,P088,4.0,373.852413331946
ORD004760,2026-04-16 18:54:13.379438,C0742,P084,5.0,499.0726621966127
ORD004761,2026-04-14 18:54:13.379438,C0166,P046,6.0,436.7902287953455
ORD004762,2026-05-27 18:54:13.379438,C0694,P056,6.0,10.599265780279381
ORD004763,2026-04-19 18:54:13.379438,C0956,P031,9.0,371.56422938398
ORD004764,2026-04-11 18:54:13.379438,C0205,P088,4.0,449.9620156479353
ORD004765,2026-07-16 18:54:13.379438,C0878,P007,5.0,170.59877664332987
ORD004766,2026-06-01 18:54:13.379438,C0245,P090,6.0,488.97100945373643
ORD004767,2026-05-30 18:54:13.379438,C0871,P077,4.0,206.63668916128574
ORD004768,2026-05-13 18:54:13.379438,C0333,P054,6.0,216.37669517507777
ORD004769,2026-08-11 18:54:13.379438,C0943,P008,2.0,88.8273254502971
ORD004770,2026-07-06 18:54:13.379438,C0396,P055,7.0,57.331345004025366
ORD004771,2026-08-19 18:54:13.379438,C0821,P069,3.0,272.93189313583554
ORD004772,2026-05-17 18:54:13.379438,C0507,P044,4.0,305.3600047475835
ORD004773,2026-08-20 18:54:13.379438,C0929,P013,9.0,189.77929327678595
ORD004774,2026-06-22 18:54:13.379438,C0924,P093,5.0,307.2386085479143
ORD004775,2026-06-23 18:54:13.379438,C0121,P020,9.0,203.38871774384307
ORD004776,2026-04-05 18:54:13.379438,C0259,P078,6.0,435.41064247359765
ORD004777,2026-09-28 18:54:13.379438,C0722,P032,8.0,477.3733407710656
ORD004778,2026-08-21 18:54:13.379438,C0410,P060,5.0,300.83494759956153
ORD004779,2026-07-27 18:54:13.379438,C0310,P050,5.0,422.71449667355853
ORD004780,2026-07-02 18:54:13.379438,C0808,P027,3.0,428.3333343711039
ORD004781,2026-04-26 18:54:13.379438,C0706,P025,7.0,359.7437182424219
ORD004782,2026-08-27 18:54:13.379438,C0068,P052,2.0,104.08092570121644
ORD004783,2026-06-04 18:54:13.379438,C0114,P068,3.0,85.91966025069848
ORD004784,2026-07-25 18:54:13.379438,C0220,P021,2.0,460.54727935574743
ORD004785,2026-08-09 18:54:13.379438,C0220,P018,8.0,139.88004110897595
ORD004786,2026-06-04 18:54:13.379438,C0473,P039,4.0,130.7021151564075
ORD004787,2026-05-11 18:54:13.379438,C0730,P015,8.0,91.40308157649343
ORD004788,2026-09-16 18:54:13.379438,C0749,P053,8.0,268.4524833631852
ORD004789,2026-06-03 18:54:13.379438,C0943,P038,8.0,341.72876935707166
ORD004790,2026-08-10 18:54:13.379438,C0386,P048,8.0,341.31912019487015
ORD004791,2026-09-23 18:54:13.379438,C0298,P052,8.0,137.91582282983532
ORD004792,2026-09-06 18:54:13.379438,C0930,P088,9.0,56.444852861707844
ORD004793,2026-08-30 18:54:13.379438,C0606,P072,2.0,162.00265316043382
ORD004794,2026-08-03 18:54:13.379438,C0253,P028,9.0,256.6830437131282
ORD004795,2026-07-22 18:54:13.379438,C0405,P085,8.0,310.0955977489031
ORD004796,2026-04-16 18:54:13.379438,C0492,P016,1.0,142.59417914546262
ORD004797,2026-09-05 18:54:13.379438,C0357,P016,5.0,99.74762160503167
ORD004798,2026-07-12 18:54:13.379438,C0428,P035,2.0,422.3720957339815
ORD004799,2026-08-16 18:54:13.379438,C0215,P017,5.0,430.38370655110947
ORD004800,2026-04-25 18:54:13.379438,C0993,P073,8.0,147.1785790456274
ORD004801,2026-06-16 18:54:13.379438,C0380,P099,9.0,284.45529434431154
ORD004802,2026-08-13 18:54:13.379438,C0770,P052,9.0,225.51496645128233
ORD004803,2026-04-26 18:54:13.379438,C0859,P093,1.0,79.56392955262946
ORD004804,2026-07-31 18:54:13.379438,C0752,P082,7.0,470.8872518781609
ORD004805,2026-06-12 18:54:13.379438,C0827,P012,8.0,14.79363853897928
ORD004806,2026-06-26 18:54:13.379438,C0214,P083,3.0,101.91242145368292
ORD004807,2026-07-13 18:54:13.379438,C0098,P048,6.0,179.32681162222582
ORD004808,2026-06-26 18:54:13.379438,C0528,P022,3.0,429.66601503946146
ORD004809,2026-09-11 18:54:13.379438,C0916,P049,9.0,396.44029360046966
ORD004810,2026-05-01 18:54:13.379438,C0666,P052,3.0,294.14319163744716
ORD004811,2026-08-17 18:54:13.379438,C0528,P079,2.0,350.5602681065202
ORD004812,2026-04-04 18:54:13.379438,C0710,P001,9.0,177.04668275198526
ORD004813,2026-09-15 18:54:13.379438,C0620,P066,8.0,470.8653576471767
ORD004814,2026-06-05 18:54:13.379438,C0535,P064,8.0,23.12577139457855
ORD004815,2026-04-25 18:54:13.379438,C0554,P008,2.0,59.455051528817734
ORD004816,2026-06-12 18:54:13.379438,C0549,P086,6.0,463.5213778093391
ORD004817,2026-08-06 18:54:13.379438,C0328,P025,5.0,473.07529689481447
ORD004818,2026-08-30 18:54:13.379438,C0902,P066,2.0,250.3797918235797
ORD004819,2026-07-08 18:54:13.379438,C0165,P073,5.0,292.4657848494406
ORD004820,2026-09-13 18:54:13.379438,C0116,P073,4.0,452.2435489806568
ORD004821,2026-06-21 18:54:13.379438,C0150,P077,9.0,428.182833428388
ORD004822,2026-04-08 18:54:13.379438,C0518,P070,1.0,432.3564211286317
ORD004823,2026-06-02 18:54:13.379438,C0032,P094,6.0,192.17494491340085
ORD004824,2026-08-01 18:54:13.379438,C0657,P079,7.0,416.96844062776853
ORD004825,2026-05-19 18:54:13.379438,C0806,P051,6.0,43.962194555753626
ORD004826,2026-09-28 18:54:13.379438,C0913,P053,5.0,248.61259257231006
ORD004827,2026-09-26 18:54:13.379438,C0293,P015,4.0,126.32940007488952
ORD004828,2026-08-15 18:54:13.379438,C0919,P050,5.0,27.540914635629655
ORD004829,2026-05-29 18:54:13.379438,C0689,P071,9.0,312.433320563046
ORD004830,2026-07-22 18:54:13.379438,C0957,P075,5.0,47.32814755159266
ORD004831,2026-09-07 18:54:13.379438,C0177,P038,8.0,68.87802584540464
ORD004832,2026-07-16 18:54:13.379438,C0061,P040,7.0,50.055094567393176
ORD004833,2026-06-19 18:54:13.379438,C0589,P066,4.0,487.7733007645457
ORD004834,2026-08-27 18:54:13.379438,C0416,P039,5.0,29.22695807185172
ORD004835,2026-04-05 18:54:13.379438,C0383,P074,7.0,142.18066289611164
ORD004836,2026-04-11 18:54:13.379438,C0598,P017,6.0,329.4792549173846
ORD004837,2026-06-17 18:54:13.379438,C0703,P007,3.0,413.4577744859098
ORD004838,2026-08-06 18:54:13.379438,C0007,P039,3.0,308.0197269055959
ORD004839,2026-05-11 18:54:13.379438,C0918,P068,2.0,488.48586061350596
ORD004840,2026-09-26 18:54:13.379438,C0085,P035,3.0,175.47702232097063
ORD004841,2026-04-30 18:54:13.379438,C0774,P051,1.0,241.28269121104427
ORD004842,2026-04-23 18:54:13.379438,C0957,P047,9.0,412.4377036006731
ORD004843,2026-08-21 18:54:13.379438,C0398,P036,2.0,344.0317225307457
ORD004844,2026-05-16 18:54:13.379438,C0912,P064,3.0,114.89286092862179
ORD004845,2026-05-04 18:54:13.379438,C0771,P095,5.0,254.34719265828886
ORD004846,2026-07-03 18:54:13.379438,C0393,P089,4.0,488.22006520542857
ORD004847,2026-06-03 18:54:13.379438,C0047,P013,5.0,432.88135607659143
ORD004848,2026-07-21 18:54:13.379438,C0341,P018,6.0,103.98366480891097
ORD004849,2026-07-03 18:54:13.379438,C0498,P021,5.0,98.09508984518615
ORD004850,2026-09-13 18:54:13.379438,C0606,P065,1.0,415.91331351137904
ORD004851,2026-07-07 18:54:13.379438,C0478,P008,6.0,107.45830570060409
ORD004852,2026-08-24 18:54:13.379438,C0426,P048,9.0,231.86680263691744
ORD004853,2026-08-25 18:54:13.379438,C0426,P085,3.0,98.57173069852452
ORD004854,2026-04-16 18:54:13.379438,C0736,P043,2.0,17.18480239677953
ORD004855,2026-07-25 18:54:13.379438,C0791,P053,6.0,438.94778660538725
ORD004856,2026-05-08 18:54:13.379438,C0515,P085,3.0,391.71217666532874
ORD004857,2026-08-30 18:54:13.379438,C0129,P027,4.0,240.58833035160524
ORD004858,2026-09-08 18:54:13.379438,C0835,P019,6.0,88.19371000845881
ORD004859,2026-05-21 18:54:13.379438,C0249,P023,6.0,405.14467702111097
ORD004860,2026-05-08 18:54:13.379438,C0741,P050,2.0,186.0899652062843
ORD004861,2026-06-28 18:54:13.379438,C0839,P051,3.0,334.35508896557286
ORD004862,2026-09-16 18:54:13.379438,C0131,P043,9.0,165.18027740795503
ORD004863,2026-09-09 18:54:13.379438,C0740,P099,2.0,221.82068142265967
ORD004864,2026-09-02 18:54:13.379438,C0689,P051,3.0,272.3811963418392
ORD004865,2026-07-26 18:54:13.379438,C0323,P069,9.0,383.38797362864875
ORD004866,2026-09-27 18:54:13.379438,C0823,P041,4.0,417.7136080634146
ORD004867,2026-07-12 18:54:13.379438,C0900,P072,1.0,227.33790595894547
ORD004868,2026-09-10 18:54:13.379438,C0543,P011,2.0,124.18966484966755
ORD004869,2026-07-11 18:54:13.379438,C0066,P080,3.0,85.28817095423135
ORD004870,2026-04-06 18:54:13.379438,C0718,P088,9.0,176.9664569141573
ORD004871,2026-06-27 18:54:13.379438,C0101,P085,9.0,402.8739082228197
ORD004872,2026-08-06 18:54:13.379438,C0832,P052,6.0,144.25109440262997
ORD004873,2026-08-19 18:54:13.379438,C0031,P023,6.0,33.284783412050096
ORD004874,2026-06-25 18:54:13.379438,C0885,P049,3.0,286.4952826369348
ORD004875,2026-04-28 18:54:13.379438,C0191,P038,5.0,26.470677152425434
ORD004876,2026-06-10 18:54:13.379438,C0578,P047,4.0,443.61331898577333
ORD004877,2026-06-03 18:54:13.379438,C0415,P072,9.0,342.2496349738411
ORD004878,2026-05-02 18:54:13.379438,C0815,P007,9.0,135.85422493658697
ORD004879,2026-08-08 18:54:13.379438,C0747,P066,1.0,239.8548370233608
ORD004880,2026-04-22 18:54:13.379438,C0790,P094,8.0,372.21624657665393
ORD004881,2026-09-21 18:54:13.379438,C0714,P077,9.0,458.68507844302206
ORD004882,2026-06-16 18:54:13.379438,C0500,P062,5.0,438.4823432460867
ORD004883,2026-06-03 18:54:13.379438,C0862,P087,4.0,44.070444944516424
ORD004884,2026-09-21 18:54:13.379438,C0737,P029,4.0,49.75923751182024
ORD004885,2026-09-03 18:54:13.379438,C0595,P038,-1.0,302.88461567081004
ORD004886,2026-04-23 18:54:13.379438,C0046,P084,9.0,253.28307374316768
ORD004887,2026-05-21 18:54:13.379438,C0089,P033,5.0,153.53916606504725
ORD004888,2026-06-29 18:54:13.379438,C0698,P029,3.0,488.32481370469543
ORD004889,2026-09-02 18:54:13.379438,C0375,P079,6.0,375.6708643410058
ORD004890,2026-08-20 18:54:13.379438,C0701,P023,9.0,346.7855497107516
ORD004891,2026-07-22 18:54:13.379438,C0246,P003,9.0,98.85154946039432
ORD004892,2026-05-01 18:54:13.379438,C0558,P093,5.0,149.1261349586735
ORD004893,2026-06-01 18:54:13.379438,C0257,P045,8.0,306.4591552141473
ORD004894,2026-08-14 18:54:13.379438,C0352,P008,4.0,399.8422675392356
ORD004895,2026-05-24 18:54:13.379438,C0921,P086,5.0,466.219571249562
ORD004896,2026-08-30 18:54:13.379438,C0573,P029,7.0,351.88617112552896
ORD004897,2026-04-15 18:54:13.379438,C0105,P002,7.0,215.13215603592397
ORD004898,2026-05-23 18:54:13.379438,C0337,P050,7.0,348.6281566819828
ORD004899,2026-08-13 18:54:13.379438,C0526,P065,8.0,43.895916781341214
ORD004900,2026-07-25 18:54:13.379438,C0301,P020,5.0,304.04057483489765
ORD004901,2026-09-20 18:54:13.379438,C0077,P052,1.0,448.3661857162481
ORD004902,2026-09-16 18:54:13.379438,C0511,P085,9.0,322.10379240984963
ORD004903,2026-09-03 18:54:13.379438,C0230,P037,9.0,13.694733236726979
ORD004904,2026-04-17 18:54:13.379438,C0679,P072,7.0,350.3143710787285
ORD004905,2026-05-05 18:54:13.379438,C0578,P027,6.0,365.95762416107135
ORD004906,2026-08-20 18:54:13.379438,C0032,P047,5.0,275.2022849511896
ORD004907,2026-08-27 18:54:13.379438,C0608,P099,5.0,409.88323228134556
ORD004908,2026-09-05 18:54:13.379438,C0058,P006,3.0,109.12272042526047
ORD004909,2026-05-28 18:54:13.379438,C0104,P060,1.0,210.39964265695457
ORD004910,2026-08-01 18:54:13.379438,C0312,P045,6.0,405.71714939029823
ORD004911,2026-06-17 18:54:13.379438,C0646,P044,8.0,305.8080036381156
ORD004912,2026-04-24 18:54:13.379438,C0729,P083,2.0,497.2389714943794
ORD004913,2026-09-22 18:54:13.379438,C0067,P018,8.0,43.93952315225731
ORD004914,2026-08-14 18:54:13.379438,C0978,P065,8.0,129.71245308248578
ORD004915,2026-06-29 18:54:13.379438,C0690,P025,8.0,107.57142271936546
ORD004916,2026-09-19 18:54:13.379438,C0374,P027,3.0,488.43219012217173
ORD004917,2026-06-01 18:54:13.379438,C0759,P007,8.0,435.93870146242483
ORD004918,2026-07-01 18:54:13.379438,C0806,P044,4.0,75.23053664016403
ORD004919,2026-08-31 18:54:13.379438,C0235,P029,3.0,183.36391395046766
ORD004920,2026-06-25 18:54:13.379438,C0643,P095,9.0,35.772630262274134
ORD004921,2026-06-07 18:54:13.379438,C0112,P044,8.0,319.9579861548219
ORD004922,2026-06-06 18:54:13.379438,C0389,P036,2.0,172.2854087733032
ORD004923,2026-06-13 18:54:13.379438,C0408,P019,8.0,136.20649082428832
ORD004924,2026-04-07 18:54:13.379438,C0054,P006,3.0,266.32742711357787
ORD004925,2026-08-24 18:54:13.379438,C0802,P025,6.0,399.820271234724
ORD004926,2026-07-16 18:54:13.379438,C0239,P031,5.0,207.91962833250057
ORD004927,2026-08-31 18:54:13.379438,C0752,P009,8.0,381.1499566835827
ORD004928,2026-09-25 18:54:13.379438,C0295,P084,9.0,228.60480658553652
ORD004929,2026-07-05 18:54:13.379438,C0112,P074,7.0,115.115803057392
ORD004930,2026-09-24 18:54:13.379438,C0088,P037,6.0,228.6408434683295
ORD004931,2026-08-23 18:54:13.379438,C0740,P027,6.0,273.6467103007032
ORD004932,2026-09-28 18:54:13.379438,C0476,P013,1.0,236.17389327879053
ORD004933,2026-08-29 18:54:13.379438,C0304,P041,5.0,144.4189006194188
ORD004934,2026-09-28 18:54:13.379438,C0305,P066,8.0,100.70007296331183
ORD004935,2026-07-24 18:54:13.379438,C0290,P085,6.0,474.0065769713602
ORD004936,2026-09-11 18:54:13.379438,C0208,P097,1.0,155.7682630405418
ORD004937,2026-07-31 18:54:13.379438,C0868,P024,5.0,355.631110002113
ORD004938,2026-06-01 18:54:13.379438,C0903,P044,5.0,176.94025148523104
ORD004939,2026-05-16 18:54:13.379438,C0786,P098,3.0,485.1250823168345
ORD004940,2026-04-15 18:54:13.379438,C0582,P060,8.0,494.25659547994707
ORD004941,2026-05-13 18:54:13.379438,C0370,P009,9.0,414.2972099027336
ORD004942,2026-07-30 18:54:13.379438,C0220,P002,6.0,294.922030519314
ORD004943,2026-04-23 18:54:13.379438,C0231,P056,6.0,275.6129882500639
ORD004944,2026-09-16 18:54:13.379438,C0802,P030,2.0,171.191087755123
ORD004945,2026-08-12 18:54:13.379438,C0819,P022,2.0,69.79399469545376
ORD004946,2026-09-06 18:54:13.379438,C0873,P075,6.0,48.73995652048115
ORD004947,2026-07-02 18:54:13.379438,C0349,P081,8.0,238.06927849843953
ORD004948,2026-07-06 18:54:13.379438,C0255,P013,2.0,489.6064723096259
ORD004949,2026-04-16 18:54:13.379438,C0452,P071,9.0,130.97017660249463
ORD004950,2026-06-08 18:54:13.379438,C0142,P016,9.0,211.36668243131112
ORD004951,2026-05-10 18:54:13.379438,C0069,P097,4.0,324.2955614112781
ORD004952,2026-09-27 18:54:13.379438,C0089,P045,4.0,182.02127327412725
ORD004953,2026-06-08 18:54:13.379438,C0871,P065,4.0,11.77857752925888
ORD004954,2026-05-09 18:54:13.379438,C0136,P011,5.0,204.14639601287294
ORD004955,2026-04-29 18:54:13.379438,C0655,P070,8.0,404.27430435948105
ORD004956,2026-06-17 18:54:13.379438,C0851,P020,2.0,472.5403813234288
ORD004957,2026-07-20 18:54:13.379438,C0699,P099,5.0,144.79449005287708
ORD004958,2026-09-18 18:54:13.379438,C0523,P063,2.0,461.6063646707738
ORD004959,2026-05-16 18:54:13.379438,C0660,P090,8.0,434.9027911976821
ORD004960,2026-08-31 18:54:13.379438,C0951,P012,1.0,209.29468297146184
ORD004961,2026-08-29 18:54:13.379438,C0804,P062,7.0,12.292129935715685
ORD004962,2026-04-11 18:54:13.379438,C0850,P094,3.0,423.9892047478599
ORD004963,2026-05-02 18:54:13.379438,C0910,P092,4.0,150.51854006852867
ORD004964,2026-05-13 18:54:13.379438,C0442,P091,8.0,380.38442124858665
ORD004965,2026-09-08 18:54:13.379438,C0038,P042,3.0,290.04213080008117
ORD004966,2026-08-09 18:54:13.379438,C0857,P083,7.0,118.61561562456636
ORD004967,2026-06-26 18:54:13.379438,C0208,P069,1.0,327.6237285846334
ORD004968,2026-07-28 18:54:13.379438,C0210,P058,9.0,384.771713922049
ORD004969,2026-08-25 18:54:13.379438,C0513,P005,6.0,242.47812727644504
ORD004970,2026-09-24 18:54:13.379438,C0360,P027,3.0,376.4760359620142
ORD004971,2026-06-04 18:54:13.379438,C0577,P028,7.0,208.4362006206709
ORD004972,2026-04-10 18:54:13.379438,C0001,P026,5.0,490.3232703061149
ORD004973,2026-05-18 18:54:13.379438,C0755,P091,8.0,127.50616770110732
ORD004974,2026-09-26 18:54:13.379438,C0981,P049,8.0,391.14880909885755
ORD004975,2026-09-05 18:54:13.379438,C0381,P021,9.0,377.30500795819717
ORD004976,2026-06-30 18:54:13.379438,C0828,P001,6.0,269.4270222718789
ORD004977,2026-06-15 18:54:13.379438,C0537,P092,4.0,181.66574785233186
ORD004978,2026-09-13 18:54:13.379438,C0859,P058,2.0,228.42236474337608
ORD004979,2026-09-29 18:54:13.379438,C0394,P079,3.0,318.448839764437
ORD004980,2026-05-10 18:54:13.379438,C0050,P055,5.0,269.8713204519098
ORD004981,2026-07-31 18:54:13.379438,C0396,P081,8.0,383.1546785455996
ORD004982,2026-05-30 18:54:13.379438,C0860,P026,2.0,186.73408433251424
ORD004983,2026-04-11 18:54:13.379438,C0753,P084,5.0,62.5500671389031
ORD004984,2026-07-07 18:54:13.379438,C0032,P025,9.0,257.74167348256344
ORD004985,2026-07-29 18:54:13.379438,C0545,P077,2.0,136.91576034938407
ORD004986,2026-07-22 18:54:13.379438,C0712,P033,8.0,312.1526597980752
ORD004987,2026-04-23 18:54:13.379438,C0234,P089,3.0,264.95822854795864
ORD004988,2026-08-05 18:54:13.379438,C0026,P072,8.0,391.5867975845615
ORD004989,2026-05-26 18:54:13.379438,C0554,P069,4.0,291.8613389600436
ORD004990,2026-07-31 18:54:13.379438,C0434,P006,4.0,221.07217519877656
ORD004991,2026-04-15 18:54:13.379438,C0061,P023,7.0,68.72943942305301
ORD004992,2026-09-27 18:54:13.379438,C0553,P030,5.0,68.86927012576342
ORD004993,2026-04-20 18:54:13.379438,C0441,P078,4.0,323.7719960143234
ORD004994,2026-06-06 18:54:13.379438,C0130,P054,7.0,441.56911656385506
ORD004995,2026-05-15 18:54:13.379438,C0867,P087,3.0,213.2459462005524
ORD004996,2026-07-06 18:54:13.379438,C0354,P011,9.0,270.08672487668304
ORD004997,2026-09-07 18:54:13.379438,C0198,P031,5.0,299.694136506712
ORD004998,2026-08-28 18:54:13.379438,C0799,P006,3.0,243.87583961336347
ORD004999,2026-04-14 18:54:13.379438,C0663,P011,2.0,39.18617151681313
ORD005000,2026-07-10 18:54:13.379438,C0716,P077,7.0,298.67826513477274
ORD005001,2026-09-28 18:54:13.379438,C0694,P012,7.0,77.18019920343988
ORD005002,2026-06-13 18:54:13.379438,C0371,P066,5.0,282.3439645011621
ORD005003,2026-07-20 18:54:13.379438,C0924,P053,4.0,389.9348687971276
ORD005004,2026-05-31 18:54:13.379438,C0719,P099,2.0,12.669533585146516
ORD005005,2026-05-07 18:54:13.379438,C0147,P036,2.0,220.93339493523433
ORD005006,2026-04-23 18:54:13.379438,C0716,P017,7.0,375.38824362627025
ORD005007,2026-05-23 18:54:13.379438,C0498,P028,7.0,268.98274110219376
ORD005008,2026-07-14 18:54:13.379438,C0048,P092,4.0,125.30033678942766
ORD005009,2026-08-19 18:54:13.379438,C0770,P022,4.0,351.8080315808827
ORD005010,2026-09-10 18:54:13.379438,C0651,P007,4.0,393.9014597192073
ORD005011,2026-05-25 18:54:13.379438,C0172,P015,2.0,187.63736511884093
ORD005012,2026-04-18 18:54:13.379438,C0613,P096,9.0,155.72631907182372
ORD005013,2026-06-26 18:54:13.379438,C0699,P011,1.0,277.11769185132766
ORD005014,2026-08-12 18:54:13.379438,C0896,P024,8.0,189.05729161157774
ORD005015,2026-05-10 18:54:13.379438,C0315,P067,6.0,419.6090963377037
ORD005016,2026-08-07 18:54:13.379438,C0376,P030,7.0,391.7345568591693
ORD005017,2026-05-13 18:54:13.379438,C0806,P070,5.0,162.82507333214988
ORD005018,2026-06-14 18:54:13.379438,C0921,P066,6.0,233.91949681124365
ORD005019,2026-05-13 18:54:13.379438,C0875,P061,6.0,445.8490742605968
ORD005020,2026-05-29 18:54:13.379438,C0533,P078,9.0,82.21454798175897
ORD005021,2026-09-01 18:54:13.379438,C0810,P041,4.0,379.5737248635546
ORD005022,2026-07-16 18:54:13.379438,C0420,P082,5.0,165.23391435238273
ORD005023,2026-08-20 18:54:13.379438,C0905,P051,4.0,68.54373524267291
ORD005024,2026-07-22 18:54:13.379438,C0396,P044,1.0,67.31964394541069
ORD005025,2026-08-17 18:54:13.379438,C0522,P095,6.0,145.38079378771985
ORD005026,2026-07-05 18:54:13.379438,C0187,P013,5.0,278.55899563857236
ORD005027,2026-07-06 18:54:13.379438,C0645,P090,4.0,454.86605306883604
ORD005028,2026-05-29 18:54:13.379438,C0033,P012,6.0,158.46747962971605
ORD005029,2026-06-02 18:54:13.379438,C0069,P082,5.0,107.62163222213518
ORD005030,2026-08-19 18:54:13.379438,C0592,P009,3.0,244.54094378172402
ORD005031,2026-05-12 18:54:13.379438,C0191,P085,2.0,86.74812118720989
ORD005032,2026-05-01 18:54:13.379438,C0101,P048,6.0,143.12849343610034
ORD005033,2026-05-22 18:54:13.379438,C0485,P049,4.0,493.4493165311529
ORD005034,2026-09-14 18:54:13.379438,C0285,P053,3.0,283.44478194591085
ORD005035,2026-08-06 18:54:13.379438,C0914,P056,8.0,394.1157861171854
ORD005036,2026-04-16 18:54:13.379438,C0733,P040,9.0,113.7869558615307
ORD005037,2026-05-09 18:54:13.379438,C0390,P024,7.0,264.83351012058756
ORD005038,2026-07-13 18:54:13.379438,C0565,P098,2.0,260.1592196289365
ORD005039,2026-04-29 18:54:13.379438,C0978,P072,8.0,408.2072448444824
ORD005040,2026-06-28 18:54:13.379438,C0160,P033,5.0,20.569988162589063
ORD005041,2026-04-07 18:54:13.379438,C0892,P023,7.0,431.635051150661
ORD005042,2026-06-24 18:54:13.379438,C0554,P077,5.0,49.0015174977318
ORD005043,2026-09-16 18:54:13.379438,C0047,P054,2.0,459.13220923383125
ORD005044,2026-08-08 18:54:13.379438,C0159,P053,4.0,79.99137971761918
ORD005045,2026-06-30 18:54:13.379438,C0446,P049,5.0,270.7968110105321
ORD005046,2026-08-08 18:54:13.379438,C0696,P078,6.0,58.70150412620708
ORD005047,2026-08-01 18:54:13.379438,C0758,P078,5.0,229.12375425029268
ORD005048,2026-04-25 18:54:13.379438,C0523,P080,1.0,156.64662965219583
ORD005049,2026-08-11 18:54:13.379438,C0666,P049,1.0,215.8466400607853
ORD005050,2026-05-04 18:54:13.379438,C0732,P060,3.0,277.06641066977176
ORD005051,2026-07-31 18:54:13.379438,C0155,P090,9.0,235.12493382005175
ORD005052,2026-04-14 18:54:13.379438,C0339,P090,2.0,21.349785131328005
ORD005053,2026-05-19 18:54:13.379438,C0953,P065,5.0,433.0920417602174
ORD005054,2026-07-08 18:54:13.379438,C0365,P032,9.0,56.52767132553475
ORD005055,2026-04-13 18:54:13.379438,C0795,P079,7.0,490.5074217986033
ORD005056,2026-09-18 18:54:13.379438,C0699,P021,8.0,427.1461155403438
ORD005057,2026-08-09 18:54:13.379438,C0574,P018,2.0,285.0738740172588
ORD005058,2026-09-02 18:54:13.379438,C0148,P094,5.0,130.14470519564946
ORD005059,2026-07-11 18:54:13.379438,C0899,P060,9.0,52.260616617087244
ORD005060,2026-09-22 18:54:13.379438,C0144,P013,1.0,339.19922065077304
ORD005061,2026-07-24 18:54:13.379438,C0103,P024,1.0,108.73960278257327
ORD005062,2026-06-02 18:54:13.379438,C0812,P030,8.0,369.2779390964404
ORD005063,2026-06-29 18:54:13.379438,C0093,P002,2.0,417.9290565139806
ORD005064,2026-08-26 18:54:13.379438,C0975,P083,9.0,494.5929121547626
ORD005065,2026-06-07 18:54:13.379438,C0286,P025,9.0,257.06561592175825
ORD005066,2026-05-30 18:54:13.379438,C0424,P050,4.0,487.58926597602874
ORD005067,2026-07-18 18:54:13.379438,C0119,P014,2.0,83.1666525617771
ORD005068,2026-04-12 18:54:13.379438,C0961,P006,3.0,419.7610317162179
ORD005069,2026-04-25 18:54:13.379438,C0029,P076,1.0,186.30298253010292
ORD005070,2026-08-22 18:54:13.379438,C0511,P084,3.0,188.75800483007959
ORD005071,2026-07-01 18:54:13.379438,C0030,P087,5.0,141.6372777213254
ORD005072,2026-09-26 18:54:13.379438,C0872,P030,3.0,94.97115888503866
ORD005073,2026-04-21 18:54:13.379438,C0366,P030,3.0,226.68591557937071
ORD005074,2026-07-27 18:54:13.379438,C0800,P038,6.0,493.7705200358158
ORD005075,2026-09-18 18:54:13.379438,C0138,P058,3.0,171.65445173180163
ORD005076,2026-08-26 18:54:13.379438,C0475,P094,3.0,235.93006652817806
ORD005077,2026-08-24 18:54:13.379438,C0563,P041,9.0,121.96713526245199
ORD005078,2026-07-18 18:54:13.379438,C0392,P094,2.0,175.1888837752289
ORD005079,2026-04-18 18:54:13.379438,C0435,P057,1.0,37.01917902077183
ORD005080,2026-06-05 18:54:13.379438,C0804,P036,8.0,478.4569356848265
ORD005081,2026-09-17 18:54:13.379438,C0234,P064,3.0,259.80308135343364
ORD005082,2026-04-16 18:54:13.379438,C0055,P098,7.0,369.14606502151304
ORD005083,2026-06-23 18:54:13.379438,C0931,P016,2.0,261.5118678582507
ORD005084,2026-05-05 18:54:13.379438,C0292,P088,8.0,387.39646926416276
ORD005085,2026-08-18 18:54:13.379438,C0752,P078,9.0,271.70430126570596
ORD005086,2026-05-13 18:54:13.379438,C0312,P090,8.0,353.75689332756315
ORD005087,2026-08-29 18:54:13.379438,C0548,P072,8.0,345.55248940588405
ORD005088,2026-06-24 18:54:13.379438,C0089,P014,8.0,271.44585374398883
ORD005089,2026-06-19 18:54:13.379438,C0212,P031,7.0,122.98767906633499
ORD005090,2026-06-18 18:54:13.379438,C0957,P066,2.0,113.80541068844977
ORD005091,2026-09-22 18:54:13.379438,C0318,P068,8.0,438.4095063996937
ORD005092,2026-05-11 18:54:13.379438,C0877,P065,5.0,69.13642547762336
ORD005093,2026-06-13 18:54:13.379438,C0757,P055,6.0,284.0284424178318
ORD005094,2026-05-21 18:54:13.379438,C0465,P084,4.0,256.2421616755588
ORD005095,2026-04-21 18:54:13.379438,C0087,P078,1.0,401.21604452144777
ORD005096,2026-08-25 18:54:13.379438,C0409,P040,5.0,76.3424011330243
ORD005097,2026-05-12 18:54:13.379438,C0240,P025,3.0,346.7761190514925
ORD005098,2026-07-01 18:54:13.379438,C0832,P025,9.0,306.8670572914923
ORD005099,2026-06-04 18:54:13.379438,C0700,P003,4.0,353.58629312308324
ORD005100,2026-08-22 18:54:13.379438,C0057,P069,2.0,314.4005854062249
ORD005101,2026-07-21 18:54:13.379438,C0113,P026,4.0,285.6482188522568
ORD005102,2026-06-23 18:54:13.379438,C0735,P040,3.0,463.8714417999703
ORD005103,2026-08-15 18:54:13.379438,C0070,P038,3.0,180.84220857098197
ORD005104,2026-06-19 18:54:13.379438,C0739,P038,5.0,100.49694100864188
ORD005105,2026-07-02 18:54:13.379438,C0768,P068,1.0,399.7490032023988
ORD005106,2026-04-17 18:54:13.379438,C0692,P007,5.0,73.54881696235955
ORD005107,2026-07-07 18:54:13.379438,C0184,P094,8.0,343.0640798127785
ORD005108,2026-05-27 18:54:13.379438,C0703,P030,9.0,279.28449905164877
ORD005109,2026-08-13 18:54:13.379438,C0964,P019,1.0,10.628847982396334
ORD005110,2026-05-12 18:54:13.379438,C0744,P035,2.0,127.53250248875193
ORD005111,2026-06-14 18:54:13.379438,C0276,P033,2.0,252.99291537584483
ORD005112,2026-04-28 18:54:13.379438,C0233,P033,6.0,171.5603140310921
ORD005113,2026-06-19 18:54:13.379438,C0054,P078,1.0,219.17697021031648
ORD005114,2026-09-10 18:54:13.379438,C0257,P038,1.0,304.6223186458389
ORD005115,2026-09-16 18:54:13.379438,C0090,P010,2.0,368.104506377512
ORD005116,2026-08-01 18:54:13.379438,C0738,P057,4.0,84.09165303914467
ORD005117,2026-05-26 18:54:13.379438,C0759,P028,2.0,148.62713681087607
ORD005118,2026-09-06 18:54:13.379438,C0906,P078,4.0,321.8803371018044
ORD005119,2026-08-12 18:54:13.379438,C0663,P038,3.0,298.3359262299496
ORD005120,2026-08-31 18:54:13.379438,C0435,P016,3.0,371.0556047212848
ORD005121,2026-07-08 18:54:13.379438,C0625,P021,9.0,323.8498639988872
ORD005122,2026-09-16 18:54:13.379438,C0408,P092,8.0,171.77375972657956
ORD005123,2026-06-14 18:54:13.379438,C0269,P097,9.0,254.6255567831409
ORD005124,2026-06-04 18:54:13.379438,C0669,P006,1.0,443.5234692127469
ORD005125,2026-04-09 18:54:13.379438,C0954,P041,5.0,101.18399289513799
ORD005126,2026-05-05 18:54:13.379438,C0366,P015,4.0,194.60494812682734
ORD005127,2026-07-11 18:54:13.379438,C0859,P003,9.0,422.4471124059217
ORD005128,2026-08-19 18:54:13.379438,C0351,P043,3.0,188.4551679941566
ORD005129,2026-08-12 18:54:13.379438,C0299,P047,5.0,211.99031651681028
ORD005130,2026-06-18 18:54:13.379438,C0906,P099,8.0,166.41919343395665
ORD005131,2026-09-27 18:54:13.379438,C0159,P014,5.0,450.76750849391846
ORD005132,2026-06-01 18:54:13.379438,C0487,P066,9.0,335.03720620856063
ORD005133,2026-05-04 18:54:13.379438,C0842,P029,2.0,112.30167572057591
ORD005134,2026-07-05 18:54:13.379438,C0984,P004,6.0,377.3207626068957
ORD005135,2026-06-11 18:54:13.379438,C0737,P026,5.0,28.872640230274943
ORD005136,2026-05-25 18:54:13.379438,C0526,P012,9.0,204.24016661671766
ORD005137,2026-07-01 18:54:13.379438,C0355,P002,7.0,455.78718100031693
ORD005138,2026-08-08 18:54:13.379438,C0621,P017,8.0,347.99487100481235
ORD005139,2026-09-19 18:54:13.379438,C0930,P035,7.0,398.61690920707116
ORD005140,2026-05-04 18:54:13.379438,C0401,P010,5.0,466.3444120575308
ORD005141,2026-06-26 18:54:13.379438,C0405,P086,5.0,389.5302642445319
ORD005142,2026-08-08 18:54:13.379438,C0096,P043,4.0,53.40614867078719
ORD005143,2026-08-31 18:54:13.379438,C0707,P021,2.0,123.01476148795716
ORD005144,2026-08-13 18:54:13.379438,C0570,P015,9.0,254.99717994608008
ORD005145,2026-04-16 18:54:13.379438,C0975,P035,3.0,16.790316497079072
ORD005146,2026-05-18 18:54:13.379438,C0392,P085,3.0,316.0527656994838
ORD005147,2026-08-08 18:54:13.379438,C0352,P085,3.0,332.04987677859543
ORD005148,2026-09-20 18:54:13.379438,C0806,P085,8.0,351.25974599157354
ORD005149,2026-07-26 18:54:13.379438,C0666,P060,6.0,282.30515131363734
ORD005150,2026-09-27 18:54:13.379438,C0576,P044,1.0,231.6658595404707
ORD005151,2026-04-23 18:54:13.379438,C0670,P096,3.0,429.21860493476646
ORD005152,2026-06-23 18:54:13.379438,C0777,P005,4.0,385.9930314702623
ORD005153,2026-09-14 18:54:13.379438,C0633,P073,2.0,310.0556244089001
ORD005154,2026-08-10 18:54:13.379438,C0288,P018,6.0,32.54670945896794
ORD005155,2026-08-24 18:54:13.379438,C0523,P021,1.0,350.02519811043857
ORD005156,2026-04-20 18:54:13.379438,C0726,P072,1.0,283.49888468705126
ORD005157,2026-09-02 18:54:13.379438,C0162,P098,8.0,349.80973097714366
ORD005158,2026-05-31 18:54:13.379438,C0617,P074,4.0,162.59079661873818
ORD005159,2026-06-14 18:54:13.379438,C0914,P051,1.0,390.722876088654
ORD005160,2026-07-21 18:54:13.379438,C0659,P041,7.0,214.78925139776067
ORD005161,2026-04-26 18:54:13.379438,C0182,P024,9.0,448.2895538318825
ORD005162,2026-09-24 18:54:13.379438,C0850,P024,7.0,60.965102658055535
ORD005163,2026-06-14 18:54:13.379438,C0549,P096,1.0,247.42914792596747
ORD005164,2026-04-11 18:54:13.379438,C0082,P097,1.0,110.81146108566436
ORD005165,2026-06-01 18:54:13.379438,C0524,P038,1.0,232.2002249951942
ORD005166,2026-07-23 18:54:13.379438,C0004,P044,8.0,183.3444792456589
ORD005167,2026-04-16 18:54:13.379438,C0495,P057,7.0,403.6827200832329
ORD005168,2026-09-17 18:54:13.379438,C0555,P059,3.0,91.91295098067535
ORD005169,2026-09-06 18:54:13.379438,C0923,P034,3.0,303.37164138352546
ORD005170,2026-04-19 18:54:13.379438,C0051,P075,3.0,209.17738332714077
ORD005171,2026-07-31 18:54:13.379438,C0261,P095,2.0,263.85682433861064
ORD005172,2026-04-05 18:54:13.379438,C0134,P082,4.0,360.0577095823732
ORD005173,2026-08-26 18:54:13.379438,C0973,P023,7.0,184.97957997650667
ORD005174,2026-05-03 18:54:13.379438,C0599,P086,9.0,189.85592581696932
ORD005175,2026-07-15 18:54:13.379438,C0362,P043,3.0,47.63331202561349
ORD005176,2026-04-16 18:54:13.379438,C0568,P082,7.0,280.454653897195
ORD005177,2026-07-08 18:54:13.379438,C0217,P040,4.0,214.28308121272633
ORD005178,2026-07-06 18:54:13.379438,C0878,P047,1.0,408.02173001991173
ORD005179,2026-06-24 18:54:13.379438,C0068,P041,5.0,225.23945498353837
ORD005180,2026-04-16 18:54:13.379438,C0864,P047,8.0,485.69063293777185
ORD005181,2026-09-21 18:54:13.379438,C0556,P020,3.0,94.17490502445563
ORD005182,2026-07-06 18:54:13.379438,C0143,P077,4.0,140.86007408567116
ORD005183,2026-08-30 18:54:13.379438,C0346,P065,3.0,202.03762382046457
ORD005184,2026-07-24 18:54:13.379438,C0554,P068,8.0,93.5062168700971
ORD005185,2026-05-28 18:54:13.379438,C0651,P024,8.0,486.4353591595733
ORD005186,2026-06-23 18:54:13.379438,C0585,P036,4.0,324.07059573313467
ORD005187,2026-09-18 18:54:13.379438,C0779,P045,2.0,15.487524155222903
ORD005188,2026-07-28 18:54:13.379438,C0194,P002,3.0,293.46984832053784
ORD005189,2026-08-24 18:54:13.379438,C0667,P028,3.0,392.8120584234323
ORD005190,2026-09-30 18:54:13.379438,C0246,P026,4.0,35.13704292115948
ORD005191,2026-07-20 18:54:13.379438,C0314,P023,2.0,293.18235369686215
ORD005192,2026-05-26 18:54:13.379438,C0730,P079,2.0,193.41283893003077
ORD005193,2026-08-09 18:54:13.379438,C0968,P036,3.0,294.9236484356302
ORD005194,2026-09-30 18:54:13.379438,C0384,P091,1.0,133.77690995369218
ORD005195,2026-09-08 18:54:13.379438,C0765,P006,8.0,336.348110486521
ORD005196,2026-09-11 18:54:13.379438,C0789,P035,6.0,338.95306005898647
ORD005197,2026-05-30 18:54:13.379438,C0277,P038,3.0,274.357686299341
ORD005198,2026-05-25 18:54:13.379438,C0072,P035,1.0,462.63936149072345
ORD005199,2026-08-18 18:54:13.379438,C0129,P074,3.0,455.64495041124445
ORD005200,2026-07-23 18:54:13.379438,C0358,P094,1.0,33.29199927700955
ORD005201,2026-04-04 18:54:13.379438,C0698,P053,3.0,152.04799444149967
ORD005202,2026-05-17 18:54:13.379438,C0525,P038,4.0,188.48684339383578
ORD005203,2026-06-17 18:54:13.379438,C0841,P093,6.0,37.081551793214686
ORD005204,2026-07-10 18:54:13.379438,C0220,P059,7.0,266.58232733719535
ORD005205,2026-04-12 18:54:13.379438,C0006,P043,7.0,22.045001014077698
ORD005206,2026-05-05 18:54:13.379438,C0751,P004,9.0,342.25370152361154
ORD005207,2026-04-18 18:54:13.379438,C0983,P005,8.0,11.317344860633131
ORD005208,2026-08-21 18:54:13.379438,C0624,P068,4.0,25.64893082738992
ORD005209,2026-08-17 18:54:13.379438,C0228,P045,6.0,418.5390547266986
ORD005210,2026-06-14 18:54:13.379438,C0954,P080,1.0,133.77856768462777
ORD005211,2026-09-05 18:54:13.379438,C0017,P025,8.0,49.80217971828984
ORD005212,2026-04-15 18:54:13.379438,C0585,P078,6.0,205.7386004689446
ORD005213,2026-06-07 18:54:13.379438,C0012,P011,2.0,34.964868685449474
ORD005214,2026-07-19 18:54:13.379438,C0598,P029,8.0,377.7009851851146
ORD005215,2026-05-15 18:54:13.379438,C0499,P034,4.0,252.13216106624154
ORD005216,2026-07-27 18:54:13.379438,C0692,P086,9.0,280.44691490861976
ORD005217,2026-08-20 18:54:13.379438,C0634,P014,4.0,378.97597605517734
ORD005218,2026-07-15 18:54:13.379438,C0716,P024,1.0,394.3846591190823
ORD005219,2026-09-21 18:54:13.379438,C0502,P059,7.0,76.76664267150103
ORD005220,2026-07-07 18:54:13.379438,C0070,P039,5.0,147.33701318671888
ORD005221,2026-04-20 18:54:13.379438,C0108,P026,5.0,96.0763972293208
ORD005222,2026-09-10 18:54:13.379438,C0201,P043,4.0,36.47895259613757
ORD005223,2026-06-27 18:54:13.379438,C0052,P036,6.0,273.383522007402
ORD005224,2026-09-18 18:54:13.379438,C0549,P039,1.0,132.40179838582193
ORD005225,2026-09-01 18:54:13.379438,C0629,P061,3.0,85.45068150030629
ORD005226,2026-05-29 18:54:13.379438,C0259,P016,7.0,259.97216141699437
ORD005227,2026-08-15 18:54:13.379438,C0482,P059,8.0,320.66736721319626
ORD005228,2026-06-28 18:54:13.379438,C0264,P096,9.0,388.3301147148582
ORD005229,2026-09-28 18:54:13.379438,C0906,P006,1.0,18.571776220025587
ORD005230,2026-07-14 18:54:13.379438,C0303,P098,4.0,267.87943370305146
ORD005231,2026-09-15 18:54:13.379438,C0937,P056,2.0,140.86482723964775
ORD005232,2026-05-27 18:54:13.379438,C0576,P008,2.0,495.8794585226633
ORD005233,2026-09-27 18:54:13.379438,C0554,P094,1.0,86.89897533750867
ORD005234,2026-07-27 18:54:13.379438,C0555,P027,5.0,224.54442568043896
ORD005235,2026-08-20 18:54:13.379438,C0125,P071,2.0,485.31289798569355
ORD005236,2026-06-30 18:54:13.379438,C0905,P027,4.0,114.41762527735398
ORD005237,2026-05-22 18:54:13.379438,C0270,P089,9.0,405.37981849558315
ORD005238,2026-08-30 18:54:13.379438,C0997,P046,3.0,129.08929425774903
ORD005239,2026-07-27 18:54:13.379438,C0859,P041,8.0,46.87918106001732
ORD005240,2026-06-05 18:54:13.379438,C0745,P079,6.0,30.950040905788583
ORD005241,2026-07-16 18:54:13.379438,C0480,P025,5.0,474.88199966550945
ORD005242,2026-06-25 18:54:13.379438,C0132,P086,2.0,114.31776836047456
ORD005243,2026-07-15 18:54:13.379438,C0002,P018,3.0,153.05794359999703
ORD005244,2026-09-06 18:54:13.379438,C0115,P012,8.0,483.78586593639915
ORD005245,2026-04-20 18:54:13.379438,C0481,P087,9.0,332.1216855144892
ORD005246,2026-04-09 18:54:13.379438,C0981,P051,7.0,249.18220720047708
ORD005247,2026-08-28 18:54:13.379438,C0001,P039,1.0,223.35661228090646
ORD005248,2026-05-01 18:54:13.379438,C0331,P089,6.0,33.79648339244466
ORD005249,2026-05-11 18:54:13.379438,C0577,P010,7.0,421.0829636871457
ORD005250,2026-07-31 18:54:13.379438,C0942,P094,6.0,383.39769938638364
ORD005251,2026-05-10 18:54:13.379438,C0955,P074,2.0,54.44179304318066
ORD005252,2026-07-27 18:54:13.379438,C0971,P098,9.0,183.19400849362697
ORD005253,2026-06-10 18:54:13.379438,C0637,P077,3.0,443.85085924402114
ORD005254,2026-09-27 18:54:13.379438,C0768,P054,6.0,125.85630334073582
ORD005255,2026-05-16 18:54:13.379438,C0391,P029,6.0,309.50457653539553
ORD005256,2026-09-14 18:54:13.379438,C0834,P041,8.0,249.08859340871075
ORD005257,2026-05-31 18:54:13.379438,C0143,P009,4.0,411.07563967784284
ORD005258,2026-04-16 18:54:13.379438,C0328,P063,6.0,27.666217015053338
ORD005259,2026-05-25 18:54:13.379438,C0758,P077,1.0,409.91207319936603
ORD005260,2026-05-31 18:54:13.379438,C0628,P037,9.0,76.50239430133514
ORD005261,2026-05-05 18:54:13.379438,C0377,P014,9.0,17.385531321292895
ORD005262,2026-07-17 18:54:13.379438,C0815,P073,7.0,301.79539142515273
ORD005263,2026-06-25 18:54:13.379438,C0090,P072,1.0,136.7341311079187
ORD005264,2026-07-11 18:54:13.379438,C0808,P039,3.0,357.5458960812265
ORD005265,2026-07-16 18:54:13.379438,C0042,P040,5.0,240.1937565579918
ORD005266,2026-05-01 18:54:13.379438,C0947,P054,4.0,306.7067798045947
ORD005267,2026-08-10 18:54:13.379438,C0035,P003,5.0,347.9561007653616
ORD005268,2026-09-20 18:54:13.379438,C0494,P055,7.0,464.19468252650455
ORD005269,2026-05-21 18:54:13.379438,C0553,P033,9.0,413.32408260671605
ORD005270,2026-05-13 18:54:13.379438,C0853,P096,1.0,252.60488223902036
ORD005271,2026-07-09 18:54:13.379438,C0124,P071,5.0,224.62778212346805
ORD005272,2026-07-26 18:54:13.379438,C0057,P019,3.0,330.791281461895
ORD005273,2026-08-13 18:54:13.379438,C0806,P034,3.0,369.43171988523176
ORD005274,2026-09-16 18:54:13.379438,C0456,P078,2.0,94.600238448957
ORD005275,2026-09-05 18:54:13.379438,C0235,P050,6.0,25.937002842971243
ORD005276,2026-08-18 18:54:13.379438,C0608,P047,6.0,232.7798973893742
ORD005277,2026-07-23 18:54:13.379438,C0392,P046,3.0,58.732029915136366
ORD005278,2026-08-25 18:54:13.379438,C0492,P056,1.0,143.6394236114812
ORD005279,2026-06-18 18:54:13.379438,C0970,P057,7.0,296.5224036878676
ORD005280,2026-05-04 18:54:13.379438,C0831,P083,2.0,84.21149615212113
ORD005281,2026-07-31 18:54:13.379438,C0343,P051,8.0,23.961589711797103
ORD005282,2026-08-23 18:54:13.379438,C0644,P054,3.0,281.7543895118263
ORD005283,2026-04-28 18:54:13.379438,C0176,P090,1.0,238.4514996308769
ORD005284,2026-05-07 18:54:13.379438,C0052,P081,9.0,160.08850280742953
ORD005285,2026-06-09 18:54:13.379438,C0550,P028,5.0,239.705047259732
ORD005286,2026-09-02 18:54:13.379438,C0478,P019,1.0,344.9260932930956
ORD005287,2026-07-30 18:54:13.379438,C0489,P027,6.0,63.41036072528544
ORD005288,2026-06-15 18:54:13.379438,C0855,P048,3.0,135.28782744073263
ORD005289,2026-04-29 18:54:13.379438,C0005,P019,4.0,399.53061850841107
ORD005290,2026-08-29 18:54:13.379438,C0725,P097,8.0,338.36011954690355
ORD005291,2026-07-16 18:54:13.379438,C0632,P051,5.0,140.464226476087
ORD005292,2026-04-13 18:54:13.379438,C0838,P007,6.0,205.09376520395466
ORD005293,2026-06-09 18:54:13.379438,C0881,P029,4.0,68.67733048632104
ORD005294,2026-09-02 18:54:13.379438,C0209,P043,6.0,134.03252750071664
ORD005295,2026-04-08 18:54:13.379438,C0217,P069,3.0,422.16440206783165
ORD005296,2026-04-30 18:54:13.379438,C0536,P094,1.0,225.80121543345618
ORD005297,2026-07-25 18:54:13.379438,C0342,P058,6.0,323.74349523536273
ORD005298,2026-04-18 18:54:13.379438,C0717,P008,1.0,88.27332065221567
ORD005299,2026-09-13 18:54:13.379438,C0401,P042,3.0,99.81977535292044
ORD005300,2026-07-17 18:54:13.379438,C0462,P076,8.0,471.0513485665654
ORD005301,2026-05-17 18:54:13.379438,C0738,P042,7.0,422.3024589211607
ORD005302,2026-04-29 18:54:13.379438,C0730,P013,8.0,397.2620719947471
ORD005303,2026-09-25 18:54:13.379438,C0211,P026,2.0,171.49923906485213
ORD005304,2026-09-12 18:54:13.379438,C0026,P018,7.0,285.75043234123996
ORD005305,2026-07-07 18:54:13.379438,C0252,P042,4.0,251.24712022456325
ORD005306,2026-09-28 18:54:13.379438,C0003,P051,1.0,478.55302179795757
ORD005307,2026-06-26 18:54:13.379438,C0002,P084,3.0,127.42087081972804
ORD005308,2026-08-21 18:54:13.379438,C0604,P016,5.0,474.144158308878
ORD005309,2026-08-13 18:54:13.379438,C0002,P003,8.0,356.3567148894338
ORD005310,2026-06-29 18:54:13.379438,C0150,P091,2.0,212.70885698522653
ORD005311,2026-09-26 18:54:13.379438,C0583,P079,2.0,140.51388203171183
ORD005312,2026-07-24 18:54:13.379438,C0004,P098,8.0,381.1031472296236
ORD005313,2026-08-10 18:54:13.379438,C0497,P045,9.0,413.23811410067214
ORD005314,2026-07-01 18:54:13.379438,C0550,P022,1.0,185.1884173410911
ORD005315,2026-06-08 18:54:13.379438,C0871,P023,2.0,94.221156456935
ORD005316,2026-09-08 18:54:13.379438,C0468,P059,4.0,251.19984278900358
ORD005317,2026-08-12 18:54:13.379438,C0070,P062,3.0,239.56614186838115
ORD005318,2026-08-03 18:54:13.379438,C0201,P068,1.0,365.4472656631707
ORD005319,2026-08-30 18:54:13.379438,C0308,P054,4.0,486.8605785303948
ORD005320,2026-06-26 18:54:13.379438,C0252,P057,2.0,270.3282757882461
ORD005321,2026-09-27 18:54:13.379438,C0287,P023,5.0,368.5424513947346
ORD005322,2026-07-28 18:54:13.379438,C0922,P060,1.0,181.78403058516753
ORD005323,2026-07-28 18:54:13.379438,C0292,P073,8.0,303.7916240916054
ORD005324,2026-05-11 18:54:13.379438,C0154,P088,2.0,66.51068676090873
ORD005325,2026-08-24 18:54:13.379438,C0924,P085,3.0,409.3177008980528
ORD005326,2026-07-22 18:54:13.379438,C0133,P055,3.0,178.71887227593322
ORD005327,2026-09-30 18:54:13.379438,C0883,P080,4.0,49.22026029525065
ORD005328,2026-05-19 18:54:13.379438,C0586,P063,7.0,495.37507754504713
ORD005329,2026-04-28 18:54:13.379438,C0274,P056,9.0,451.876232195869
ORD005330,2026-04-24 18:54:13.379438,C0783,P055,3.0,106.74233938108698
ORD005331,2026-08-02 18:54:13.379438,C0697,P025,1.0,187.96890663835435
ORD005332,2026-08-03 18:54:13.379438,C0509,P026,1.0,468.99167130833706
ORD005333,2026-08-14 18:54:13.379438,C0353,P049,6.0,400.20107663435715
ORD005334,2026-06-12 18:54:13.379438,C0005,P063,5.0,454.141988179883
ORD005335,2026-07-25 18:54:13.379438,C0293,P045,7.0,285.64939143726446
ORD005336,2026-07-19 18:54:13.379438,C0360,P073,7.0,129.12694803034805
ORD005337,2026-07-24 18:54:13.379438,C0598,P079,3.0,121.25622839549743
ORD005338,2026-07-20 18:54:13.379438,C0214,P039,7.0,267.57839076639505
ORD005339,2026-05-20 18:54:13.379438,C0406,P097,9.0,462.75998585730815
ORD005340,2026-07-03 18:54:13.379438,C0436,P065,8.0,319.47762152431324
ORD005341,2026-04-21 18:54:13.379438,C0015,P069,3.0,26.851359107938773
ORD005342,2026-08-30 18:54:13.379438,C0273,P056,5.0,284.63310672011
ORD005343,2026-07-16 18:54:13.379438,C0563,P009,8.0,308.1360305244181
ORD005344,2026-09-01 18:54:13.379438,C0765,P070,2.0,294.9619660706715
ORD005345,2026-05-13 18:54:13.379438,C0045,P028,7.0,348.6273251260428
ORD005346,2026-08-19 18:54:13.379438,C0703,P045,7.0,153.82178157437278
ORD005347,2026-07-01 18:54:13.379438,C0634,P026,8.0,80.44500123295498
ORD005348,2026-09-30 18:54:13.379438,C0412,P028,1.0,377.52382818449786
ORD005349,2026-06-03 18:54:13.379438,C0187,P040,8.0,106.21301308991708
ORD005350,2026-04-08 18:54:13.379438,C0726,P015,1.0,65.9378906053015
ORD005351,2026-08-03 18:54:13.379438,C0661,P006,3.0,186.09482195543978
ORD005352,2026-05-28 18:54:13.379438,C0170,P027,9.0,418.0495173380772
ORD005353,2026-05-10 18:54:13.379438,C0721,P038,4.0,50.23307087828064
ORD005354,2026-05-29 18:54:13.379438,C0965,P068,9.0,105.8250657833354
ORD005355,2026-07-14 18:54:13.379438,C0594,P075,1.0,242.8770953438367
ORD005356,2026-07-05 18:54:13.379438,C0401,P085,8.0,150.947015922958
ORD005357,2026-06-15 18:54:13.379438,C0708,P064,3.0,363.61389437347253
ORD005358,2026-06-01 18:54:13.379438,C0246,P030,7.0,340.7021890993084
ORD005359,2026-04-05 18:54:13.379438,C0903,P082,2.0,422.8330178731594
ORD005360,2026-07-16 18:54:13.379438,C0857,P099,7.0,109.88315587209082
ORD005361,2026-05-24 18:54:13.379438,C0869,P003,7.0,327.97018970842606
ORD005362,2026-05-03 18:54:13.379438,C0552,P062,9.0,389.61990545664844
ORD005363,2026-04-14 18:54:13.379438,C0680,P012,2.0,40.70689016165016
ORD005364,2026-07-20 18:54:13.379438,C0043,P091,8.0,28.04324190800301
ORD005365,2026-06-18 18:54:13.379438,C0841,P030,5.0,284.03658564978264
ORD005366,2026-09-17 18:54:13.379438,C0723,P085,9.0,298.0488363524346
ORD005367,2026-07-02 18:54:13.379438,C0179,P038,8.0,202.47629225589532
ORD005368,2026-08-04 18:54:13.379438,C0457,P085,3.0,27.675923907162787
ORD005369,2026-08-06 18:54:13.379438,C0535,P060,3.0,206.94169197538156
ORD005370,2026-08-03 18:54:13.379438,C0607,P038,8.0,324.62338515919686
ORD005371,2026-07-06 18:54:13.379438,C0672,P015,9.0,353.921405342579
ORD005372,2026-07-15 18:54:13.379438,C0244,P018,2.0,251.46782223204326
ORD005373,2026-09-12 18:54:13.379438,C0927,P052,3.0,267.2622389385905
ORD005374,2026-05-04 18:54:13.379438,C0017,P029,8.0,339.61039518735294
ORD005375,2026-05-25 18:54:13.379438,C0112,P060,2.0,230.15816715149202
ORD005376,2026-07-01 18:54:13.379438,C0615,P021,8.0,139.122324852556
ORD005377,2026-06-18 18:54:13.379438,C0826,P017,5.0,119.25524514099503
ORD005378,2026-08-10 18:54:13.379438,C0598,P018,6.0,378.84892623318603
ORD005379,2026-04-25 18:54:13.379438,C0547,P057,4.0,248.8988319490774
ORD005380,2026-05-13 18:54:13.379438,C0030,P037,3.0,315.80213770738135
ORD005381,2026-07-13 18:54:13.379438,C0192,P060,8.0,240.8418381951512
ORD005382,2026-07-23 18:54:13.379438,C0437,P038,9.0,411.23033404767244
ORD005383,2026-08-10 18:54:13.379438,C0179,P012,8.0,253.45520038667212
ORD005384,2026-06-07 18:54:13.379438,C0616,P075,9.0,494.1467657224113
ORD005385,2026-09-20 18:54:13.379438,C0677,P084,1.0,128.8762612125908
ORD005386,2026-08-30 18:54:13.379438,C0474,P073,5.0,77.87807674542644
ORD005387,2026-06-21 18:54:13.379438,C0634,P001,7.0,193.06229426771222
ORD005388,2026-04-25 18:54:13.379438,C0134,P058,8.0,460.1417392614781
ORD005389,2026-09-16 18:54:13.379438,C0802,P003,2.0,427.6331732007328
ORD005390,2026-07-11 18:54:13.379438,C0312,P063,4.0,131.2029531651466
ORD005391,2026-04-11 18:54:13.379438,C0736,P021,7.0,303.8518084160356
ORD005392,2026-09-25 18:54:13.379438,C0025,P023,5.0,298.5804718763767
ORD005393,2026-04-20 18:54:13.379438,C0371,P009,1.0,153.7644784827259
ORD005394,2026-04-20 18:54:13.379438,C0525,P083,2.0,125.33702280095915
ORD005395,2026-07-02 18:54:13.379438,C0319,P055,5.0,201.1242483371376
ORD005396,2026-08-22 18:54:13.379438,C0230,P019,6.0,396.42321239465196
ORD005397,2026-08-26 18:54:13.379438,C0102,P062,1.0,103.94037036075578
ORD005398,2026-09-16 18:54:13.379438,C0450,P087,3.0,228.4044849254892
ORD005399,2026-06-23 18:54:13.379438,C0378,P091,6.0,246.0322887420637
ORD005400,2026-06-20 18:54:13.379438,C0888,P091,6.0,470.17111464944276
ORD005401,2026-09-23 18:54:13.379438,C0901,P039,7.0,158.7260060230466
ORD005402,2026-04-09 18:54:13.379438,C0203,P076,3.0,19.626820617184336
ORD005403,2026-09-13 18:54:13.379438,C0267,P027,1.0,349.9283088458467
ORD005404,2026-07-22 18:54:13.379438,C0984,P046,7.0,380.33783617713044
ORD005405,2026-04-17 18:54:13.379438,C0462,P034,3.0,354.4858717985923
ORD005406,2026-06-14 18:54:13.379438,C0365,P033,5.0,353.36210078188486
ORD005407,2026-08-24 18:54:13.379438,C0734,P092,4.0,246.78143335583488
ORD005408,2026-05-27 18:54:13.379438,C0104,P095,1.0,19.143794195543958
ORD005409,2026-04-30 18:54:13.379438,C0111,P096,7.0,367.65980791998913
ORD005410,2026-04-16 18:54:13.379438,C0428,P050,4.0,468.89489263488554
ORD005411,2026-09-09 18:54:13.379438,C0995,P020,1.0,87.11931421232916
ORD005412,2026-09-13 18:54:13.379438,C0469,P040,6.0,43.27798695094798
ORD005413,2026-06-02 18:54:13.379438,C0581,P099,4.0,139.95059139941446
ORD005414,2026-04-09 18:54:13.379438,C0870,P095,4.0,426.39898787846977
ORD005415,2026-05-31 18:54:13.379438,C0770,P058,2.0,62.012117164761165
ORD005416,2026-05-22 18:54:13.379438,C0680,P031,1.0,360.4325163303468
ORD005417,2026-09-01 18:54:13.379438,C0805,P038,3.0,40.844242752063245
ORD005418,2026-09-12 18:54:13.379438,C0886,P086,5.0,26.066617389119205
ORD005419,2026-04-29 18:54:13.379438,C0561,P045,9.0,446.73791926754984
ORD005420,2026-05-20 18:54:13.379438,C0250,P041,7.0,387.57451415326096
ORD005421,2026-04-08 18:54:13.379438,C0482,P009,4.0,303.3066740021689
ORD005422,2026-04-23 18:54:13.379438,C0331,P009,8.0,94.27767434961477
ORD005423,2026-08-15 18:54:13.379438,C0932,P063,4.0,146.6358259234661
ORD005424,2026-06-01 18:54:13.379438,C0587,P079,6.0,33.81620050584311
ORD005425,2026-08-27 18:54:13.379438,C0201,P077,1.0,326.2277979049068
ORD005426,2026-08-13 18:54:13.379438,C0454,P022,6.0,346.1820520564116
ORD005427,2026-04-20 18:54:13.379438,C0504,P016,5.0,170.13629328199912
ORD005428,2026-04-17 18:54:13.379438,C0546,P032,2.0,175.82399530710046
ORD005429,2026-04-16 18:54:13.379438,C0826,P066,1.0,318.1990467704978
ORD005430,2026-08-16 18:54:13.379438,C0111,P090,6.0,473.37573408063304
ORD005431,2026-08-09 18:54:13.379438,C0933,P014,2.0,203.40761886634232
ORD005432,2026-05-17 18:54:13.379438,C0864,P038,9.0,251.85928887987257
ORD005433,2026-07-31 18:54:13.379438,C0828,P098,9.0,352.15522569164506
ORD005434,2026-08-24 18:54:13.379438,C0908,P008,1.0,177.7372681859
ORD005435,2026-04-22 18:54:13.379438,C0749,P021,5.0,435.7405771704234
ORD005436,2026-06-05 18:54:13.379438,C0544,P056,8.0,424.6289599223711
ORD005437,2026-09-13 18:54:13.379438,C0209,P046,4.0,340.39866147386556
ORD005438,2026-06-23 18:54:13.379438,C0644,P043,3.0,273.09256371015374
ORD005439,2026-09-13 18:54:13.379438,C0618,P092,5.0,491.9252538855687
ORD005440,2026-08-28 18:54:13.379438,C0033,P046,5.0,354.1664547505814
ORD005441,2026-08-29 18:54:13.379438,C0555,P048,8.0,325.1810362273876
ORD005442,2026-07-12 18:54:13.379438,C0880,P070,6.0,439.64079075792324
ORD005443,2026-09-13 18:54:13.379438,C0107,P084,2.0,281.9454303282381
ORD005444,2026-09-10 18:54:13.379438,C0265,P031,1.0,129.03254284515512
ORD005445,2026-08-03 18:54:13.379438,C0226,P033,3.0,77.50841869313633
ORD005446,2026-09-26 18:54:13.379438,C0487,P044,2.0,240.8057523560203
ORD005447,2026-05-17 18:54:13.379438,C0179,P071,4.0,262.6705364638383
ORD005448,2026-07-16 18:54:13.379438,C0222,P008,3.0,415.5701761354617
ORD005449,2026-09-02 18:54:13.379438,C0370,P073,9.0,78.34250881408691
ORD005450,2026-06-03 18:54:13.379438,C0637,P002,5.0,343.8028097501535
ORD005451,2026-08-06 18:54:13.379438,C0788,P017,4.0,159.02219806393717
ORD005452,2026-08-26 18:54:13.379438,C0167,P052,9.0,470.1248199630928
ORD005453,2026-06-13 18:54:13.379438,C0663,P045,4.0,240.50646155975025
ORD005454,2026-07-19 18:54:13.379438,C0553,P037,6.0,314.97512761593737
ORD005455,2026-05-23 18:54:13.379438,C0300,P042,1.0,328.55301308676013
ORD005456,2026-06-07 18:54:13.379438,C0381,P044,2.0,54.592486851084644
ORD005457,2026-07-11 18:54:13.379438,C0035,P081,4.0,427.5755806106375
ORD005458,2026-05-05 18:54:13.379438,C0407,P038,9.0,90.47584576245474
ORD005459,2026-09-14 18:54:13.379438,C0502,P099,6.0,204.7353722091
ORD005460,2026-08-22 18:54:13.379438,C0314,P094,6.0,339.55620643717475
ORD005461,2026-05-31 18:54:13.379438,C0816,P006,9.0,37.05775154325305
ORD005462,2026-08-09 18:54:13.379438,C0743,P068,4.0,294.40768610067533
ORD005463,2026-08-23 18:54:13.379438,C0727,P051,3.0,210.8589048515329
ORD005464,2026-09-15 18:54:13.379438,C0826,P035,7.0,41.287777069720526
ORD005465,2026-07-24 18:54:13.379438,C0101,P058,7.0,365.9316493155041
ORD005466,2026-06-10 18:54:13.379438,C0569,P057,9.0,255.65336238099775
ORD005467,2026-05-13 18:54:13.379438,C0215,P073,6.0,158.6856853058724
ORD005468,2026-08-25 18:54:13.379438,C0935,P006,2.0,51.32062024724021
ORD005469,2026-08-13 18:54:13.379438,C0668,P013,6.0,278.2623606795712
ORD005470,2026-09-23 18:54:13.379438,C0576,P059,8.0,159.92171160351117
ORD005471,2026-07-02 18:54:13.379438,C0062,P086,6.0,473.8752733851657
ORD005472,2026-05-01 18:54:13.379438,C0851,P092,9.0,299.8429285284708
ORD005473,2026-07-08 18:54:13.379438,C0369,P030,4.0,149.68190309274186
ORD005474,2026-05-04 18:54:13.379438,C0368,P002,3.0,269.0228443475844
ORD005475,2026-04-06 18:54:13.379438,C0574,P058,5.0,274.35274059947324
ORD005476,2026-08-17 18:54:13.379438,C0094,P036,3.0,366.1131858058396
ORD005477,2026-04-27 18:54:13.379438,C0469,P072,2.0,452.0791383517398
ORD005478,2026-04-18 18:54:13.379438,C0984,P045,2.0,481.67087456038064
ORD005479,2026-09-21 18:54:13.379438,C0853,P009,4.0,361.766477425262
ORD005480,2026-09-09 18:54:13.379438,C0026,P065,3.0,277.4974880388186
ORD005481,2026-05-18 18:54:13.379438,C0435,P077,9.0,120.21672237171522
ORD005482,2026-04-11 18:54:13.379438,C0121,P050,7.0,207.48441416261505
ORD005483,2026-06-13 18:54:13.379438,C0050,P079,6.0,249.506605536039
ORD005484,2026-07-20 18:54:13.379438,C0883,P032,8.0,72.90186501760898
ORD005485,2026-07-27 18:54:13.379438,C0764,P098,9.0,135.63786517880436
ORD005486,2026-07-15 18:54:13.379438,C0036,P043,3.0,492.381777078027
ORD005487,2026-08-06 18:54:13.379438,C0410,P095,7.0,380.7781254463161
ORD005488,2026-05-30 18:54:13.379438,C0289,P078,9.0,246.18328445443402
ORD005489,2026-05-03 18:54:13.379438,C0379,P054,1.0,120.75595672435519
ORD005490,2026-08-27 18:54:13.379438,C0100,P047,9.0,290.9893554004124
ORD005491,2026-07-26 18:54:13.379438,C0324,P014,7.0,123.61883308954366
ORD005492,2026-07-29 18:54:13.379438,C0329,P048,4.0,104.623295252843
ORD005493,2026-09-17 18:54:13.379438,C0648,P055,6.0,55.94062711408932
ORD005494,2026-06-02 18:54:13.379438,C0706,P029,6.0,179.46798844264825
ORD005495,2026-07-10 18:54:13.379438,C0221,P047,6.0,275.44436219194273
ORD005496,2026-09-21 18:54:13.379438,C0791,P063,2.0,88.070532790368
ORD005497,2026-08-07 18:54:13.379438,C0838,P019,5.0,108.21338441265607
ORD005498,2026-09-23 18:54:13.379438,C0567,P091,7.0,201.65822188136764
ORD005499,2026-09-01 18:54:13.379438,C0939,P009,6.0,249.870503095805
ORD005500,2026-07-06 18:54:13.379438,C0996,P037,3.0,383.5187577909445
ORD005501,2026-08-15 18:54:13.379438,C0110,P092,5.0,287.6478008718768
ORD005502,2026-08-03 18:54:13.379438,C0149,P052,8.0,312.6735243902234
ORD005503,2026-07-20 18:54:13.379438,C0406,P057,5.0,351.1431216412356
ORD005504,2026-04-07 18:54:13.379438,C0777,P088,3.0,230.9816378861915
ORD005505,2026-07-05 18:54:13.379438,C0674,P028,9.0,178.13533397530236
ORD005506,2026-09-01 18:54:13.379438,C0699,P036,3.0,402.20616302994773
ORD005507,2026-04-09 18:54:13.379438,C0410,P064,2.0,415.8770043542691
ORD005508,2026-05-05 18:54:13.379438,C0129,P018,6.0,85.45122502150802
ORD005509,2026-07-18 18:54:13.379438,C0484,P089,8.0,477.15106725803554
ORD005510,2026-08-27 18:54:13.379438,C0108,P035,6.0,465.6621405654773
ORD005511,2026-04-18 18:54:13.379438,C0389,P068,1.0,436.7301282527494
ORD005512,2026-09-18 18:54:13.379438,C0425,P078,8.0,217.10262515758367
ORD005513,2026-08-03 18:54:13.379438,C0447,P039,1.0,422.66742116984585
ORD005514,2026-07-08 18:54:13.379438,C0918,P090,9.0,317.7486939240172
ORD005515,2026-04-09 18:54:13.379438,C0068,P008,8.0,110.64342226520289
ORD005516,2026-07-24 18:54:13.379438,C0944,P088,6.0,389.6926795809328
ORD005517,2026-08-01 18:54:13.379438,C0066,P080,2.0,208.9865476005074
ORD005518,2026-08-04 18:54:13.379438,C0656,P084,9.0,153.16063965878237
ORD005519,2026-06-09 18:54:13.379438,C0976,P015,8.0,440.36318598179946
ORD005520,2026-07-18 18:54:13.379438,C0565,P007,4.0,432.5158641199903
ORD005521,2026-08-20 18:54:13.379438,C0640,P017,2.0,433.54288966975713
ORD005522,2026-05-16 18:54:13.379438,C0504,P086,6.0,431.16654459464354
ORD005523,2026-08-26 18:54:13.379438,C0504,P086,1.0,281.57225625813584
ORD005524,2026-07-08 18:54:13.379438,C0982,P064,7.0,312.2909608559756
ORD005525,2026-08-13 18:54:13.379438,C0321,P012,1.0,474.9441253761855
ORD005526,2026-06-23 18:54:13.379438,C0719,P082,6.0,73.37715509505861
ORD005527,2026-05-14 18:54:13.379438,C0832,P056,5.0,405.06807947822944
ORD005528,2026-08-14 18:54:13.379438,C0728,P046,3.0,267.87119191779584
ORD005529,2026-09-10 18:54:13.379438,C0580,P047,6.0,489.419688700428
ORD005530,2026-05-08 18:54:13.379438,C0447,P079,4.0,323.2196354747086
ORD005531,2026-04-25 18:54:13.379438,C0574,P016,6.0,89.64665293464249
ORD005532,2026-08-31 18:54:13.379438,C0210,P069,4.0,409.59057945478895
ORD005533,2026-07-24 18:54:13.379438,C0849,P002,1.0,339.60906649515283
ORD005534,2026-04-14 18:54:13.379438,C0839,P092,5.0,82.9746167348521
ORD005535,2026-04-06 18:54:13.379438,C0370,P054,8.0,14.406159090321136
ORD005536,2026-08-18 18:54:13.379438,C0941,P027,6.0,276.38717570919056
ORD005537,2026-06-02 18:54:13.379438,C0564,P031,9.0,128.32966431599908
ORD005538,2026-06-18 18:54:13.379438,C0628,P041,4.0,434.9483296197596
ORD005539,2026-06-29 18:54:13.379438,C0893,P036,9.0,132.95567137314768
ORD005540,2026-04-17 18:54:13.379438,C0458,P047,8.0,334.7995159009773
ORD005541,2026-04-21 18:54:13.379438,C0895,P043,3.0,179.11375255692417
ORD005542,2026-07-25 18:54:13.379438,C0577,P065,6.0,181.65584446671983
ORD005543,2026-06-15 18:54:13.379438,C0642,P050,4.0,99.08927031105102
ORD005544,2026-04-26 18:54:13.379438,C0689,P093,1.0,256.33364482558954
ORD005545,2026-06-25 18:54:13.379438,C0790,P001,9.0,293.8431319732398
ORD005546,2026-08-06 18:54:13.379438,C0992,P072,4.0,294.69670290393395
ORD005547,2026-09-25 18:54:13.379438,C0925,P057,5.0,429.7389759875308
ORD005548,2026-06-11 18:54:13.379438,C0163,P016,3.0,329.65017085209934
ORD005549,2026-05-20 18:54:13.379438,C0977,P028,4.0,372.7165382739626
ORD005550,2026-07-28 18:54:13.379438,C0332,P086,9.0,168.48961613095867
ORD005551,2026-05-03 18:54:13.379438,C0664,P082,7.0,216.13595915460562
ORD005552,2026-04-28 18:54:13.379438,C0350,P022,8.0,18.963377405845343
ORD005553,2026-09-06 18:54:13.379438,C0748,P041,3.0,-50.0
ORD005554,2026-07-24 18:54:13.379438,C0670,P076,3.0,198.7086211433806
ORD005555,2026-04-28 18:54:13.379438,C0468,P019,7.0,112.76952993803604
ORD005556,2026-06-16 18:54:13.379438,C0426,P089,8.0,408.35010398990016
ORD005557,2026-05-31 18:54:13.379438,C0327,P050,5.0,341.4783811425558
ORD005558,2026-07-06 18:54:13.379438,C0106,P059,1.0,485.449685070256
ORD005559,2026-07-31 18:54:13.379438,C0818,P069,3.0,444.64664171995577
ORD005560,2026-08-08 18:54:13.379438,C0255,P034,5.0,489.05390153138103
ORD005561,2026-09-19 18:54:13.379438,C0358,P039,3.0,188.984814967855
ORD005562,2026-04-28 18:54:13.379438,C0967,P074,1.0,247.34439362162743
ORD005563,2026-06-20 18:54:13.379438,C0444,P007,7.0,192.58661521888965
ORD005564,2026-07-11 18:54:13.379438,C0113,P052,1.0,482.50980603290714
ORD005565,2026-07-28 18:54:13.379438,C0030,P060,6.0,207.32726006507158
ORD005566,2026-05-21 18:54:13.379438,C0524,P052,6.0,67.2133307792816
ORD005567,2026-04-13 18:54:13.379438,C0689,P079,7.0,132.7498478421967
ORD005568,2026-07-11 18:54:13.379438,C0991,P024,1.0,218.1618784480831
ORD005569,2026-04-14 18:54:13.379438,C0850,P026,3.0,305.46705703749967
ORD005570,2026-06-27 18:54:13.379438,C0046,P090,9.0,312.862373852979
ORD005571,2026-08-30 18:54:13.379438,C0171,P090,2.0,381.8039725905113
ORD005572,2026-09-23 18:54:13.379438,C0130,P010,5.0,327.4547345756143
ORD005573,2026-08-16 18:54:13.379438,C0757,P017,3.0,250.85166292153897
ORD005574,2026-08-07 18:54:13.379438,C0353,P078,5.0,24.784059830966513
ORD005575,2026-06-06 18:54:13.379438,C0203,P002,7.0,350.5639078459376
ORD005576,2026-04-05 18:54:13.379438,C0226,P077,1.0,51.874465412221404
ORD005577,2026-06-18 18:54:13.379438,C0080,P027,3.0,239.71757247636359
ORD005578,2026-08-02 18:54:13.379438,C0310,P073,6.0,449.2341473662634
ORD005579,2026-05-15 18:54:13.379438,C0035,P071,7.0,302.47065776254686
ORD005580,2026-05-27 18:54:13.379438,C0564,P048,3.0,107.49273126545769
ORD005581,2026-06-17 18:54:13.379438,C0161,P074,4.0,405.8995221396037
ORD005582,2026-04-19 18:54:13.379438,C0981,P009,6.0,157.20047050368245
ORD005583,2026-04-21 18:54:13.379438,C0596,P086,5.0,292.86271121354065
ORD005584,2026-07-02 18:54:13.379438,C0840,P023,9.0,321.5659511077361
ORD005585,2026-08-25 18:54:13.379438,C0435,P071,1.0,368.2495322522178
ORD005586,2026-04-09 18:54:13.379438,C0538,P073,5.0,41.841459402611335
ORD005587,2026-07-20 18:54:13.379438,C0225,P027,1.0,428.59089490425094
ORD005588,2026-09-25 18:54:13.379438,C0446,P088,8.0,65.7866589052313
ORD005589,2026-05-21 18:54:13.379438,C0317,P093,7.0,56.32162575909643
ORD005590,2026-05-15 18:54:13.379438,C0666,P081,5.0,233.87343230402738
ORD005591,2026-06-18 18:54:13.379438,C0805,P084,6.0,192.36898459451498
ORD005592,2026-06-19 18:54:13.379438,C0414,P071,4.0,36.760700173907026
ORD005593,2026-08-13 18:54:13.379438,C0095,P043,9.0,91.34025511859588
ORD005594,2026-08-11 18:54:13.379438,C0225,P007,3.0,225.21458791862412
ORD005595,2026-06-01 18:54:13.379438,C0779,P092,2.0,416.2453675083826
ORD005596,2026-09-05 18:54:13.379438,C0949,P083,7.0,69.4391458923497
ORD005597,2026-04-30 18:54:13.379438,C0553,P063,2.0,61.219883346896715
ORD005598,2026-06-21 18:54:13.379438,C0645,P084,6.0,404.3664069540502
ORD005599,2026-06-14 18:54:13.379438,C0066,P044,8.0,251.23460292242225
ORD005600,2026-04-10 18:54:13.379438,C0397,P039,3.0,186.5221308876848
ORD005601,2026-07-23 18:54:13.379438,C0959,P040,3.0,236.06328469444412
ORD005602,2026-07-31 18:54:13.379438,C0210,P007,3.0,211.31487767413824
ORD005603,2026-09-24 18:54:13.379438,C0474,P070,1.0,393.1281436124031
ORD005604,2026-06-05 18:54:13.379438,C0665,P025,9.0,14.570407578378891
ORD005605,2026-08-05 18:54:13.379438,C0684,P059,5.0,222.2477035255284
ORD005606,2026-04-15 18:54:13.379438,C0910,P013,9.0,87.83878742200785
ORD005607,2026-08-22 18:54:13.379438,C0837,P086,5.0,161.06006506896452
ORD005608,2026-05-16 18:54:13.379438,C0571,P081,7.0,64.96388578556312
ORD005609,2026-04-20 18:54:13.379438,C0696,P086,1.0,219.22416986648852
ORD005610,2026-06-05 18:54:13.379438,C0490,P098,9.0,325.21461607723893
ORD005611,2026-08-01 18:54:13.379438,C0180,P062,1.0,334.1806844276472
ORD005612,2026-05-09 18:54:13.379438,C0834,P008,4.0,400.40442628415855
ORD005613,2026-04-11 18:54:13.379438,C0836,P045,7.0,409.35558662559646
ORD005614,2026-06-11 18:54:13.379438,C0524,P018,9.0,302.8893922841757
ORD005615,2026-07-02 18:54:13.379438,C0459,P088,1.0,183.04349816509807
ORD005616,2026-05-09 18:54:13.379438,C0068,P060,6.0,35.14458758195654
ORD005617,2026-05-01 18:54:13.379438,C0939,P060,5.0,27.576293887631095
ORD005618,2026-07-30 18:54:13.379438,C0329,P002,3.0,65.49892126640994
ORD005619,2026-07-05 18:54:13.379438,C0202,P066,2.0,492.07740127861086
ORD005620,2026-09-25 18:54:13.379438,C0475,P091,1.0,395.1289421229295
ORD005621,2026-06-18 18:54:13.379438,C0518,P014,2.0,208.38740345548172
ORD005622,2026-07-13 18:54:13.379438,C0015,P048,4.0,238.43857294541712
ORD005623,2026-09-08 18:54:13.379438,C0042,P056,6.0,371.31685850466306
ORD005624,2026-09-01 18:54:13.379438,C0543,P012,5.0,262.05631429410704
ORD005625,2026-08-25 18:54:13.379438,C0982,P096,4.0,186.60395891197368
ORD005626,2026-04-17 18:54:13.379438,C0693,P092,8.0,181.28472315362487
ORD005627,2026-06-13 18:54:13.379438,C0774,P055,7.0,112.72441529021414
ORD005628,2026-09-30 18:54:13.379438,C0289,P028,4.0,443.94968302604434
ORD005629,2026-08-05 18:54:13.379438,C0925,P089,5.0,212.93537620729523
ORD005630,2026-08-06 18:54:13.379438,C0533,P004,5.0,378.657839056584
ORD005631,2026-05-10 18:54:13.379438,C0892,P090,3.0,291.14342726163505
ORD005632,2026-05-02 18:54:13.379438,C0694,P036,9.0,379.50588955574057
ORD005633,2026-08-24 18:54:13.379438,C0696,P050,5.0,167.24587349601288
ORD005634,2026-09-25 18:54:13.379438,C0244,P003,2.0,378.4842892298598
ORD005635,2026-09-24 18:54:13.379438,C0862,P001,4.0,397.08446367895044
ORD005636,2026-09-30 18:54:13.379438,C0661,P017,4.0,61.09724060091921
ORD005637,2026-04-22 18:54:13.379438,C0768,P071,5.0,54.81725225387688
ORD005638,2026-07-18 18:54:13.379438,C0612,P062,8.0,492.8929022228485
ORD005639,2026-04-24 18:54:13.379438,C0567,P048,5.0,67.7974615913705
ORD005640,2026-06-06 18:54:13.379438,C0698,P062,1.0,345.5720264820567
ORD005641,2026-09-15 18:54:13.379438,C0832,P069,2.0,376.42848355690387
ORD005642,2026-04-30 18:54:13.379438,C0598,P019,3.0,41.12029988322506
ORD005643,2026-05-28 18:54:13.379438,C0174,P034,3.0,375.7903571646026
ORD005644,2026-05-02 18:54:13.379438,C0980,P099,6.0,215.56232346889857
ORD005645,2026-08-29 18:54:13.379438,C0534,P049,9.0,144.59026168806454
ORD005646,2026-04-28 18:54:13.379438,C0509,P080,1.0,336.0120154936256
ORD005647,2026-06-12 18:54:13.379438,C0244,P047,6.0,418.23099961925556
ORD005648,2026-06-05 18:54:13.379438,C0060,P091,9.0,290.6693061704169
ORD005649,2026-09-14 18:54:13.379438,C0104,P050,4.0,436.6075238057552
ORD005650,2026-08-11 18:54:13.379438,C0651,P089,3.0,20.95442007912274
ORD005651,2026-08-31 18:54:13.379438,C0303,P026,6.0,371.9163464011375
ORD005652,2026-04-19 18:54:13.379438,C0671,P056,6.0,93.00721278990332
ORD005653,2026-08-27 18:54:13.379438,C0744,P078,2.0,150.17623816314105
ORD005654,2026-07-12 18:54:13.379438,C0077,P014,5.0,290.40367055530373
ORD005655,2026-05-03 18:54:13.379438,C0018,P078,1.0,144.47810241254146
ORD005656,2026-05-18 18:54:13.379438,C0534,P025,9.0,92.3953885987545
ORD005657,2026-04-22 18:54:13.379438,C0184,P004,-1.0,443.8941272323094
ORD005658,2026-05-07 18:54:13.379438,C0657,P079,3.0,454.2944906500623
ORD005659,2026-08-22 18:54:13.379438,C0550,P032,5.0,27.82199469889292
ORD005660,2026-09-21 18:54:13.379438,C0281,P082,3.0,255.05936065064046
ORD005661,2026-06-04 18:54:13.379438,C0288,P078,7.0,109.80262726567162
ORD005662,2026-07-30 18:54:13.379438,C0655,P065,1.0,433.07030903392894
ORD005663,2026-07-12 18:54:13.379438,C0525,P061,5.0,236.63541596339135
ORD005664,2026-04-25 18:54:13.379438,C0698,P020,6.0,244.44429396863404
ORD005665,2026-09-30 18:54:13.379438,C0474,P074,7.0,317.46160495328866
ORD005666,2026-09-30 18:54:13.379438,C0946,P010,3.0,37.255797673679126
ORD005667,2026-07-23 18:54:13.379438,C0267,P088,7.0,72.37605641616094
ORD005668,2026-09-14 18:54:13.379438,C0781,P034,4.0,254.20872932448881
ORD005669,2026-06-15 18:54:13.379438,C0609,P061,6.0,483.6863887973304
ORD005670,2026-08-28 18:54:13.379438,C0946,P092,5.0,423.3667291232127
ORD005671,2026-05-11 18:54:13.379438,C0357,P027,4.0,445.78696602184897
ORD005672,2026-06-12 18:54:13.379438,C0806,P040,6.0,77.2059630628003
ORD005673,2026-07-28 18:54:13.379438,C0001,P065,3.0,479.7257180807021
ORD005674,2026-06-21 18:54:13.379438,C0807,P033,3.0,367.6963405331701
ORD005675,2026-08-29 18:54:13.379438,C0027,P068,5.0,169.58566957821247
ORD005676,2026-04-12 18:54:13.379438,C0548,P071,5.0,433.5889090552571
ORD005677,2026-05-05 18:54:13.379438,C0160,P009,9.0,376.18182742163873
ORD005678,2026-08-13 18:54:13.379438,C0937,P016,4.0,370.8897850171148
ORD005679,2026-05-23 18:54:13.379438,C0399,P005,5.0,369.9640366506769
ORD005680,2026-06-24 18:54:13.379438,C0543,P098,9.0,402.41828028070597
ORD005681,2026-04-08 18:54:13.379438,C0127,P023,4.0,474.7792886280526
ORD005682,2026-08-29 18:54:13.379438,C0774,P043,3.0,77.06714308231173
ORD005683,2026-06-29 18:54:13.379438,C0857,P089,7.0,499.76598916287486
ORD005684,2026-08-07 18:54:13.379438,C0948,P057,7.0,437.4464125083816
ORD005685,2026-06-17 18:54:13.379438,C0210,P051,8.0,226.39733029934362
ORD005686,2026-09-15 18:54:13.379438,C0150,P013,4.0,87.1445577154888
ORD005687,2026-04-25 18:54:13.379438,C0031,P024,4.0,232.35630945682445
ORD005688,2026-06-10 18:54:13.379438,C0612,P011,9.0,391.51975574431
ORD005689,2026-05-17 18:54:13.379438,C0841,P052,7.0,305.2021990040044
ORD005690,2026-05-07 18:54:13.379438,C0302,P017,3.0,146.97994885235914
ORD005691,2026-06-19 18:54:13.379438,C0963,P037,9.0,209.3294096935788
ORD005692,2026-05-15 18:54:13.379438,C0865,P013,5.0,477.6064364395862
ORD005693,2026-08-18 18:54:13.379438,C0731,P062,4.0,403.8722192594766
ORD005694,2026-07-18 18:54:13.379438,C0765,P091,1.0,70.79399411597231
ORD005695,2026-07-07 18:54:13.379438,C0683,P084,9.0,277.2420612567548
ORD005696,2026-08-16 18:54:13.379438,C0257,P097,6.0,466.1825894892901
ORD005697,2026-06-10 18:54:13.379438,C0940,P096,2.0,26.811306247612897
ORD005698,2026-08-28 18:54:13.379438,C0057,P008,7.0,30.848211045010924
ORD005699,2026-09-09 18:54:13.379438,C0009,P056,3.0,361.1990382588866
ORD005700,2026-08-09 18:54:13.379438,C0005,P093,6.0,292.01735825895094
ORD005701,2026-09-13 18:54:13.379438,C0847,P083,8.0,32.53973751184458
ORD005702,2026-06-27 18:54:13.379438,C0114,P070,3.0,498.04807776165245
ORD005703,2026-09-09 18:54:13.379438,C0777,P044,5.0,294.24669489754245
ORD005704,2026-06-25 18:54:13.379438,C0685,P060,6.0,251.0455743558386
ORD005705,2026-07-07 18:54:13.379438,C0732,P041,1.0,229.37154914303258
ORD005706,2026-05-05 18:54:13.379438,C0205,P021,7.0,353.3351290368073
ORD005707,2026-06-08 18:54:13.379438,C0024,P086,4.0,234.5949435546031
ORD005708,2026-07-28 18:54:13.379438,C0493,P042,7.0,332.9476217487073
ORD005709,2026-08-19 18:54:13.379438,C0970,P074,7.0,249.28376444491133
ORD005710,2026-08-11 18:54:13.379438,C0682,P074,5.0,309.25170266079385
ORD005711,2026-06-02 18:54:13.379438,C0406,P029,8.0,404.54120385486044
ORD005712,2026-04-20 18:54:13.379438,C0103,P080,8.0,410.4123625211426
ORD005713,2026-07-08 18:54:13.379438,C0060,P065,5.0,426.03362788054807
ORD005714,2026-08-25 18:54:13.379438,C0086,P017,5.0,109.45516166347485
ORD005715,2026-04-19 18:54:13.379438,C0767,P030,7.0,39.94875127311056
ORD005716,2026-05-19 18:54:13.379438,C0677,P026,6.0,419.70785222857046
ORD005717,2026-09-17 18:54:13.379438,C0372,P053,4.0,30.72594421232927
ORD005718,2026-09-09 18:54:13.379438,C0679,P019,2.0,114.61046583938139
ORD005719,2026-07-19 18:54:13.379438,C0596,P053,8.0,267.8374112495792
ORD005720,2026-06-30 18:54:13.379438,C0970,P085,3.0,429.16238083068674
ORD005721,2026-08-10 18:54:13.379438,C0202,P017,2.0,449.42282748091895
ORD005722,2026-08-20 18:54:13.379438,C0602,P046,7.0,317.74482076257806
ORD005723,2026-07-31 18:54:13.379438,C0089,P085,6.0,483.7117597657068
ORD005724,2026-06-27 18:54:13.379438,C0437,P053,8.0,367.6720382023426
ORD005725,2026-04-07 18:54:13.379438,C0120,P064,6.0,268.58495696383426
ORD005726,2026-06-13 18:54:13.379438,C0156,P045,7.0,75.84158492198132
ORD005727,2026-09-04 18:54:13.379438,C0973,P049,2.0,220.10490175653632
ORD005728,2026-07-23 18:54:13.379438,C0399,P019,2.0,412.94701581559366
ORD005729,2026-05-23 18:54:13.379438,C0700,P071,6.0,148.98712802656306
ORD005730,2026-08-21 18:54:13.379438,C0188,P081,9.0,293.3528610025688
ORD005731,2026-07-07 18:54:13.379438,C0774,P065,3.0,491.88290686013397
ORD005732,2026-07-04 18:54:13.379438,C0052,P037,8.0,95.46772823625673
ORD005733,2026-06-07 18:54:13.379438,C0652,P070,5.0,59.71405618218408
ORD005734,2026-05-20 18:54:13.379438,C0531,P026,6.0,399.8423726322557
ORD005735,2026-07-18 18:54:13.379438,C0480,P002,6.0,22.211690389908078
ORD005736,2026-08-11 18:54:13.379438,C0587,P059,3.0,325.19540835854485
ORD005737,2026-07-18 18:54:13.379438,C0230,P096,5.0,174.5150470624012
ORD005738,2026-04-27 18:54:13.379438,C0481,P005,1.0,364.66876753119146
ORD005739,2026-04-07 18:54:13.379438,C0130,P037,2.0,68.92405444620994
ORD005740,2026-07-20 18:54:13.379438,C0055,P031,3.0,171.72153172728224
ORD005741,2026-04-22 18:54:13.379438,C0271,P076,4.0,18.348082854938923
ORD005742,2026-09-04 18:54:13.379438,C0960,P099,9.0,125.19458705826739
ORD005743,2026-05-13 18:54:13.379438,C0100,P094,1.0,246.79673958687061
ORD005744,2026-05-23 18:54:13.379438,C0069,P048,3.0,97.0305721199958
ORD005745,2026-09-21 18:54:13.379438,C0911,P006,3.0,303.83121186611345
ORD005746,2026-06-17 18:54:13.379438,C0299,P015,6.0,67.89184516197069
ORD005747,2026-04-15 18:54:13.379438,C0970,P015,5.0,375.1595390719921
ORD005748,2026-04-30 18:54:13.379438,C0529,P061,3.0,461.61573486575384
ORD005749,2026-07-25 18:54:13.379438,C0354,P016,4.0,199.10347845216552
ORD005750,2026-05-22 18:54:13.379438,C0628,P020,7.0,268.8209730886366
ORD005751,2026-08-25 18:54:13.379438,C0152,P077,3.0,249.3715477268697
ORD005752,2026-08-11 18:54:13.379438,C0330,P044,9.0,394.84378176152256
ORD005753,2026-06-02 18:54:13.379438,C0116,P042,8.0,497.1536045878905
ORD005754,2026-05-03 18:54:13.379438,C0542,P046,2.0,370.48612982467813
ORD005755,2026-06-26 18:54:13.379438,C0323,P095,5.0,115.11981214753553
ORD005756,2026-09-16 18:54:13.379438,C0563,P034,4.0,351.07927431437156
ORD005757,2026-05-01 18:54:13.379438,C0572,P064,5.0,311.72435727159433
ORD005758,2026-04-28 18:54:13.379438,C0229,P029,3.0,112.95874399518085
ORD005759,2026-07-08 18:54:13.379438,C0771,P003,1.0,128.07129916102872
ORD005760,2026-08-06 18:54:13.379438,C0360,P009,8.0,329.8655363654991
ORD005761,2026-04-13 18:54:13.379438,C0005,P075,9.0,405.831143680269
ORD005762,2026-05-15 18:54:13.379438,C0028,P075,8.0,383.57799112844936
ORD005763,2026-05-13 18:54:13.379438,C0766,P025,4.0,307.14182636202895
ORD005764,2026-06-19 18:54:13.379438,C0364,P086,2.0,469.3957208928541
ORD005765,2026-07-17 18:54:13.379438,C0462,P042,4.0,368.21231281756536
ORD005766,2026-07-30 18:54:13.379438,C0231,P046,9.0,275.5388184527875
ORD005767,2026-05-15 18:54:13.379438,C0395,P073,9.0,409.94044768855434
ORD005768,2026-05-20 18:54:13.379438,C0968,P084,5.0,152.3371498455613
ORD005769,2026-09-15 18:54:13.379438,C0869,P059,5.0,139.111444903315
ORD005770,2026-04-25 18:54:13.379438,C0712,P021,3.0,486.0129966183443
ORD005771,2026-07-19 18:54:13.379438,C0844,P074,6.0,475.4126332511979
ORD005772,2026-04-30 18:54:13.379438,C0271,P022,7.0,441.45292366790494
ORD005773,2026-05-14 18:54:13.379438,C0851,P029,9.0,115.0408574850536
ORD005774,2026-06-22 18:54:13.379438,C0304,P063,7.0,297.9676020360686
ORD005775,2026-09-12 18:54:13.379438,C0383,P073,3.0,272.17454371876204
ORD005776,2026-09-10 18:54:13.379438,C0558,P061,7.0,109.5231580047348
ORD005777,2026-07-01 18:54:13.379438,C0028,P064,1.0,229.41620374917798
ORD005778,2026-06-08 18:54:13.379438,C0519,P069,2.0,237.92146916994804
ORD005779,2026-04-15 18:54:13.379438,C0744,P040,4.0,127.90509296370547
ORD005780,2026-09-18 18:54:13.379438,C0199,P075,7.0,477.89160198746765
ORD005781,2026-06-15 18:54:13.379438,C0606,P001,9.0,251.43034590439066
ORD005782,2026-06-18 18:54:13.379438,C0082,P065,5.0,267.19701318376474
ORD005783,2026-07-02 18:54:13.379438,C0088,P062,8.0,303.3036571463915
ORD005784,2026-04-13 18:54:13.379438,C0390,P054,7.0,444.6066951388311
ORD005785,2026-07-08 18:54:13.379438,C0698,P060,5.0,271.32174528551394
ORD005786,2026-09-26 18:54:13.379438,C0755,P046,3.0,275.0732246247585
ORD005787,2026-04-23 18:54:13.379438,C0580,P005,3.0,127.69473419550597
ORD005788,2026-05-12 18:54:13.379438,C0823,P022,6.0,305.38042375815377
ORD005789,2026-06-02 18:54:13.379438,C0451,P090,4.0,196.7632704778929
ORD005790,2026-06-08 18:54:13.379438,C0433,P053,3.0,326.92293296417904
ORD005791,2026-06-07 18:54:13.379438,C0374,P070,4.0,157.36571469928305
ORD005792,2026-09-29 18:54:13.379438,C0435,P032,3.0,360.7069011722862
ORD005793,2026-08-05 18:54:13.379438,C0187,P011,6.0,313.2623643835343
ORD005794,2026-09-14 18:54:13.379438,C0751,P010,7.0,242.49714653782158
ORD005795,2026-09-02 18:54:13.379438,C0390,P039,4.0,57.36949252820065
ORD005796,2026-09-05 18:54:13.379438,C0218,P098,3.0,317.21439901800755
ORD005797,2026-08-11 18:54:13.379438,C0108,P031,3.0,431.04668970584703
ORD005798,2026-09-09 18:54:13.379438,C0819,P012,3.0,93.82645403273371
ORD005799,2026-05-30 18:54:13.379438,C0550,P080,9.0,51.51253801053205
ORD005800,2026-06-20 18:54:13.379438,C0907,P038,3.0,29.388703925685014
ORD005801,2026-05-02 18:54:13.379438,C0948,P067,3.0,25.59118152638787
ORD005802,2026-04-18 18:54:13.379438,C0349,P066,8.0,422.61389495528454
ORD005803,2026-04-15 18:54:13.379438,C0788,P052,4.0,366.531320834689
ORD005804,2026-07-13 18:54:13.379438,C0522,P005,7.0,109.12618410439872
ORD005805,2026-09-06 18:54:13.379438,C0026,P011,3.0,459.38758960991146
ORD005806,2026-06-26 18:54:13.379438,C0048,P025,8.0,76.31650886411073
ORD005807,2026-08-06 18:54:13.379438,C0859,P035,3.0,193.3397410059783
ORD005808,2026-07-15 18:54:13.379438,C0370,P035,5.0,231.5330693372234
ORD005809,2026-04-27 18:54:13.379438,C0014,P022,1.0,47.188918344988366
ORD005810,2026-08-30 18:54:13.379438,C0612,P037,5.0,180.26235891240734
ORD005811,2026-08-19 18:54:13.379438,C0187,P086,6.0,59.92154145781961
ORD005812,2026-07-22 18:54:13.379438,C0524,P055,7.0,396.98945146912615
ORD005813,2026-06-20 18:54:13.379438,C0884,P075,2.0,32.945773268361854
ORD005814,2026-07-13 18:54:13.379438,C0891,P096,2.0,18.39691934322356
ORD005815,2026-08-27 18:54:13.379438,C0279,P099,9.0,368.92435481023017
ORD005816,2026-08-23 18:54:13.379438,C0341,P095,1.0,392.61567498784507
ORD005817,2026-09-12 18:54:13.379438,C0328,P072,2.0,252.85870618687264
ORD005818,2026-08-09 18:54:13.379438,C0679,P064,2.0,165.7575686411586
ORD005819,2026-05-31 18:54:13.379438,C0634,P020,7.0,125.8620333007287
ORD005820,2026-06-18 18:54:13.379438,C0905,P098,6.0,67.34367091519889
ORD005821,2026-08-31 18:54:13.379438,C0984,P004,9.0,247.2727830049748
ORD005822,2026-05-09 18:54:13.379438,C0607,P018,7.0,250.63367465868296
ORD005823,2026-09-23 18:54:13.379438,C0025,P051,3.0,233.4207680895957
ORD005824,2026-09-14 18:54:13.379438,C0529,P068,3.0,391.3486734356601
ORD005825,2026-04-25 18:54:13.379438,C0426,P020,1.0,58.89066151053641
ORD005826,2026-08-08 18:54:13.379438,C0029,P009,8.0,338.30491175994007
ORD005827,2026-06-22 18:54:13.379438,C0956,P080,1.0,206.76798822099477
ORD005828,2026-07-12 18:54:13.379438,C0323,P026,2.0,128.06544439698177
ORD005829,2026-07-08 18:54:13.379438,C0853,P025,7.0,343.9811148204523
ORD005830,2026-09-11 18:54:13.379438,C0313,P068,1.0,106.86217044238873
ORD005831,2026-09-23 18:54:13.379438,C0584,P041,4.0,123.14932685547193
ORD005832,2026-09-14 18:54:13.379438,C0270,P059,9.0,499.28737033612055
ORD005833,2026-08-29 18:54:13.379438,C0762,P045,8.0,445.4476757874132
ORD005834,2026-04-21 18:54:13.379438,C0295,P041,8.0,351.59816801921966
ORD005835,2026-05-11 18:54:13.379438,C0656,P038,3.0,164.72375135642952
ORD005836,2026-09-01 18:54:13.379438,C0786,P019,5.0,272.9919910648717
ORD005837,2026-07-21 18:54:13.379438,C0223,P014,4.0,72.0417396387619
ORD005838,2026-08-04 18:54:13.379438,C0075,P021,8.0,173.6362443832961
ORD005839,2026-08-25 18:54:13.379438,C0102,P015,7.0,43.305562732880894
ORD005840,2026-08-30 18:54:13.379438,C0532,P003,7.0,309.0559823987256
ORD005841,2026-07-16 18:54:13.379438,C0629,P037,7.0,430.172913434322
ORD005842,2026-08-21 18:54:13.379438,C0686,P046,1.0,406.6801375374977
ORD005843,2026-08-25 18:54:13.379438,C0885,P016,7.0,429.47982183327355
ORD005844,2026-06-23 18:54:13.379438,C0173,P014,4.0,95.55386210431904
ORD005845,2026-06-29 18:54:13.379438,C0004,P009,3.0,328.54145960959636
ORD005846,2026-08-23 18:54:13.379438,C0852,P007,5.0,478.8035987138062
ORD005847,2026-06-03 18:54:13.379438,C0479,P014,2.0,393.79307064011897
ORD005848,2026-05-19 18:54:13.379438,C0660,P006,8.0,11.66128561086886
ORD005849,2026-05-05 18:54:13.379438,C0395,P085,9.0,442.3302396617106
ORD005850,2026-04-18 18:54:13.379438,C0626,P015,5.0,355.83212649769416
ORD005851,2026-05-17 18:54:13.379438,C0833,P052,3.0,69.81040740086718
ORD005852,2026-08-26 18:54:13.379438,C0914,P072,7.0,163.7730655279211
ORD005853,2026-09-19 18:54:13.379438,C0167,P034,1.0,67.58225804263321
ORD005854,2026-05-27 18:54:13.379438,C0300,P001,3.0,367.60714392064165
ORD005855,2026-05-17 18:54:13.379438,C0993,P096,9.0,11.72670434095903
ORD005856,2026-07-10 18:54:13.379438,C0118,P069,2.0,237.61586888987998
ORD005857,2026-04-08 18:54:13.379438,C0512,P094,9.0,499.90639698820877
ORD005858,2026-07-21 18:54:13.379438,C0612,P086,1.0,427.0539613334658
ORD005859,2026-04-30 18:54:13.379438,C0786,P020,4.0,297.73864011376224
ORD005860,2026-07-28 18:54:13.379438,C0175,P080,6.0,350.02773057861674
ORD005861,2026-06-29 18:54:13.379438,C0159,P007,7.0,305.7830075470376
ORD005862,2026-07-16 18:54:13.379438,C0384,P007,3.0,407.3145139607612
ORD005863,2026-08-04 18:54:13.379438,C0227,P050,9.0,444.1325635919442
ORD005864,2026-06-21 18:54:13.379438,C0935,P002,4.0,385.63026765650596
ORD005865,2026-05-16 18:54:13.379438,C0038,P047,5.0,99.16163947734454
ORD005866,2026-07-09 18:54:13.379438,C0463,P014,8.0,192.53548547014378
ORD005867,2026-05-04 18:54:13.379438,C0431,P031,3.0,394.3600239548422
ORD005868,2026-07-11 18:54:13.379438,C0710,P050,8.0,413.35701422971897
ORD005869,2026-04-20 18:54:13.379438,C0648,P061,1.0,318.11333977474845
ORD005870,2026-06-25 18:54:13.379438,C0104,P041,8.0,359.9311583094339
ORD005871,2026-07-22 18:54:13.379438,C0982,P014,8.0,95.50429583595454
ORD005872,2026-05-05 18:54:13.379438,C0193,P005,6.0,192.60624551884626
ORD005873,2026-09-18 18:54:13.379438,C0250,P075,5.0,271.97177794030944
ORD005874,2026-08-22 18:54:13.379438,C0013,P005,9.0,492.01711894954803
ORD005875,2026-05-08 18:54:13.379438,C0567,P064,6.0,401.61563921546053
ORD005876,2026-08-14 18:54:13.379438,C0856,P029,1.0,104.3836872049743
ORD005877,2026-05-02 18:54:13.379438,C0597,P075,6.0,182.67920481772566
ORD005878,2026-06-12 18:54:13.379438,C0621,P005,1.0,116.28016348668355
ORD005879,2026-09-03 18:54:13.379438,C0555,P096,6.0,84.60695366735966
ORD005880,2026-07-07 18:54:13.379438,C0388,P036,3.0,68.79024457522588
ORD005881,2026-04-25 18:54:13.379438,C0071,P079,6.0,483.1944900374522
ORD005882,2026-09-23 18:54:13.379438,C0956,P019,6.0,454.25044734848456
ORD005883,2026-06-11 18:54:13.379438,C0780,P064,1.0,246.78969029830117
ORD005884,2026-07-01 18:54:13.379438,C0571,P022,9.0,278.786870652159
ORD005885,2026-06-14 18:54:13.379438,C0973,P034,8.0,420.9251474569839
ORD005886,2026-08-10 18:54:13.379438,C0438,P056,2.0,327.93079620118544
ORD005887,2026-09-22 18:54:13.379438,C0044,P017,2.0,369.00237928655224
ORD005888,2026-06-29 18:54:13.379438,C0272,P076,5.0,397.65951601651557
ORD005889,2026-07-08 18:54:13.379438,C0902,P089,2.0,246.6840910975051
ORD005890,2026-06-17 18:54:13.379438,C0014,P056,1.0,487.6485166549106
ORD005891,2026-09-17 18:54:13.379438,C0371,P017,2.0,317.8988359783757
ORD005892,2026-05-27 18:54:13.379438,C0112,P074,5.0,320.4077733203327
ORD005893,2026-06-30 18:54:13.379438,C0379,P092,7.0,79.11211684268677
ORD005894,2026-09-07 18:54:13.379438,C0314,P082,5.0,493.99123394643954
ORD005895,2026-05-27 18:54:13.379438,C0415,P018,1.0,44.68001205529353
ORD005896,2026-04-19 18:54:13.379438,C0740,P045,7.0,492.961811916122
ORD005897,2026-07-11 18:54:13.379438,C0485,P096,6.0,456.1771367616659
ORD005898,2026-04-23 18:54:13.379438,C0169,P078,7.0,429.64593312585407
ORD005899,2026-05-19 18:54:13.379438,C0888,P056,2.0,340.0633601855733
ORD005900,2026-08-08 18:54:13.379438,C0803,P080,5.0,308.3404637444244
ORD005901,2026-05-31 18:54:13.379438,C0246,P050,8.0,498.3438085814639
ORD005902,2026-07-23 18:54:13.379438,C0266,P058,7.0,487.25876824315407
ORD005903,2026-08-10 18:54:13.379438,C0849,P018,6.0,407.7982109810818
ORD005904,2026-06-23 18:54:13.379438,C0243,P080,6.0,52.56212323875348
ORD005905,2026-09-07 18:54:13.379438,C0670,P081,1.0,192.36164015158135
ORD005906,2026-06-26 18:54:13.379438,C0300,P007,1.0,434.30462682120145
ORD005907,2026-06-12 18:54:13.379438,C0951,P076,7.0,354.23495928762344
ORD005908,2026-04-11 18:54:13.379438,C0327,P098,3.0,69.78205973424599
ORD005909,2026-05-02 18:54:13.379438,C0530,P010,6.0,180.64178523227557
ORD005910,2026-07-24 18:54:13.379438,C0595,P069,5.0,19.51849704697048
ORD005911,2026-09-29 18:54:13.379438,C0847,P085,3.0,447.4736010958798
ORD005912,2026-09-11 18:54:13.379438,C0743,P003,6.0,376.03258995452734
ORD005913,2026-08-12 18:54:13.379438,C0342,P083,3.0,223.57182171176075
ORD005914,2026-09-13 18:54:13.379438,C0765,P044,8.0,382.59017023474905
ORD005915,2026-07-20 18:54:13.379438,C0679,P099,7.0,467.3768749185804
ORD005916,2026-07-21 18:54:13.379438,C0554,P070,9.0,147.14692939892564
ORD005917,2026-04-23 18:54:13.379438,C0249,P014,5.0,150.05025212176832
ORD005918,2026-06-15 18:54:13.379438,C0760,P004,1.0,246.4992259130466
ORD005919,2026-09-17 18:54:13.379438,C0950,P018,8.0,356.38081745468935
ORD005920,2026-04-07 18:54:13.379438,C0380,P093,2.0,496.58834331499656
ORD005921,2026-04-22 18:54:13.379438,C0798,P099,6.0,89.8364131477745
ORD005922,2026-07-14 18:54:13.379438,C0532,P052,1.0,177.6464268057958
ORD005923,2026-09-23 18:54:13.379438,C0894,P038,6.0,188.08558904895796
ORD005924,2026-09-21 18:54:13.379438,C0864,P080,4.0,365.6537466615222
ORD005925,2026-08-22 18:54:13.379438,C0381,P020,5.0,444.4329200150466
ORD005926,2026-08-22 18:54:13.379438,C0042,P088,7.0,100.0596178341311
ORD005927,2026-06-28 18:54:13.379438,C0345,P099,6.0,359.68867508799025
ORD005928,2026-05-25 18:54:13.379438,C0599,P044,1.0,455.71478772219876
ORD005929,2026-07-23 18:54:13.379438,C0261,P051,9.0,69.43487781033478
ORD005930,2026-07-21 18:54:13.379438,C0306,P019,6.0,321.17939023102224
ORD005931,2026-06-28 18:54:13.379438,C0809,P068,6.0,109.16819145838946
ORD005932,2026-05-16 18:54:13.379438,C0862,P097,9.0,226.15905019299376
ORD005933,2026-05-15 18:54:13.379438,C0240,P066,5.0,72.13628125570224
ORD005934,2026-07-02 18:54:13.379438,C0679,P013,6.0,344.9734044138379
ORD005935,2026-07-27 18:54:13.379438,C0313,P062,6.0,206.67393615588523
ORD005936,2026-04-29 18:54:13.379438,C0731,P061,7.0,287.95381999130365
ORD005937,2026-09-01 18:54:13.379438,C0441,P030,9.0,266.5357389614695
ORD005938,2026-05-16 18:54:13.379438,C0933,P098,5.0,350.0525533892125
ORD005939,2026-06-19 18:54:13.379438,C0903,P030,5.0,448.8333865218544
ORD005940,2026-09-06 18:54:13.379438,C0133,P051,4.0,147.07717580972275
ORD005941,2026-08-18 18:54:13.379438,C0719,P088,4.0,301.63173877844423
ORD005942,2026-04-23 18:54:13.379438,C0051,P048,8.0,291.1455255753423
ORD005943,2026-05-12 18:54:13.379438,C0618,P033,2.0,164.42120639375165
ORD005944,2026-09-29 18:54:13.379438,C0392,P074,8.0,254.7972158158744
ORD005945,2026-04-15 18:54:13.379438,C0696,P082,2.0,29.822055084823425
ORD005946,2026-04-14 18:54:13.379438,C0713,P019,1.0,219.1972051745262
ORD005947,2026-09-04 18:54:13.379438,C0523,P071,9.0,142.55817419908493
ORD005948,2026-05-15 18:54:13.379438,C0766,P057,8.0,433.3480685472574
ORD005949,2026-09-05 18:54:13.379438,C0508,P019,6.0,185.3179271882751
ORD005950,2026-04-14 18:54:13.379438,C0662,P088,4.0,104.18276608598859
ORD005951,2026-05-11 18:54:13.379438,C0354,P079,2.0,269.53890046391064
ORD005952,2026-07-10 18:54:13.379438,C0867,P041,8.0,407.3725793287123
ORD005953,2026-09-21 18:54:13.379438,C0973,P042,3.0,183.4824218451984
ORD005954,2026-04-22 18:54:13.379438,C0395,P087,4.0,424.9469013095094
ORD005955,2026-08-15 18:54:13.379438,C0956,P052,5.0,169.80348322202505
ORD005956,2026-09-24 18:54:13.379438,C0096,P004,4.0,370.4430362022251
ORD005957,2026-07-28 18:54:13.379438,C0106,P004,8.0,66.47307697502896
ORD005958,2026-07-25 18:54:13.379438,C0655,P005,9.0,40.47827030615627
ORD005959,2026-09-20 18:54:13.379438,C0678,P041,1.0,371.4121938042263
ORD005960,2026-06-07 18:54:13.379438,C0513,P087,2.0,190.5151248464701
ORD005961,2026-07-11 18:54:13.379438,C0558,P061,,202.56768433475514
ORD005962,2026-06-14 18:54:13.379438,C0242,P075,1.0,291.33479705981455
ORD005963,2026-05-25 18:54:13.379438,C0856,P055,6.0,493.56637834598985
ORD005964,2026-07-30 18:54:13.379438,C0939,P075,5.0,94.03980286952276
ORD005965,2026-09-25 18:54:13.379438,C0488,P013,7.0,156.92849849563024
ORD005966,2026-08-01 18:54:13.379438,C0790,P014,6.0,327.86478930687485
ORD005967,2026-04-10 18:54:13.379438,C0515,P060,3.0,353.4720197622992
ORD005968,2026-04-14 18:54:13.379438,C0654,P072,5.0,356.01117692582534
ORD005969,2026-07-15 18:54:13.379438,C0898,P025,3.0,301.74858138513315
ORD005970,2026-06-03 18:54:13.379438,C0061,P082,9.0,298.25909354935953
ORD005971,2026-06-10 18:54:13.379438,C0416,P044,2.0,82.57240528368568
ORD005972,2026-09-03 18:54:13.379438,C0294,P082,6.0,418.96643273608277
ORD005973,2026-08-21 18:54:13.379438,C0737,P010,9.0,14.35894749688462
ORD005974,2026-09-04 18:54:13.379438,C0302,P071,7.0,214.61285773475348
ORD005975,2026-07-14 18:54:13.379438,C0170,P050,5.0,115.55053337510584
ORD005976,2026-07-22 18:54:13.379438,C0646,P044,2.0,61.12655735307027
ORD005977,2026-08-21 18:54:13.379438,C0041,P014,2.0,166.55049440822066
ORD005978,2026-09-21 18:54:13.379438,C0231,P015,4.0,332.021773498362
ORD005979,2026-05-24 18:54:13.379438,C0409,P016,2.0,253.5706260541129
ORD005980,2026-07-29 18:54:13.379438,C0738,P002,8.0,438.02767231817046
ORD005981,2026-09-15 18:54:13.379438,C0651,P030,7.0,303.8458727436062
ORD005982,2026-05-19 18:54:13.379438,C0622,P030,7.0,134.03567764743795
ORD005983,2026-05-26 18:54:13.379438,C0997,P082,3.0,262.458263192555
ORD005984,2026-06-30 18:54:13.379438,C0297,P031,7.0,121.41904385973298
ORD005985,2026-08-02 18:54:13.379438,C0455,P077,8.0,97.54167280870792
ORD005986,2026-04-16 18:54:13.379438,C0057,P020,5.0,477.9600574564665
ORD005987,2026-07-01 18:54:13.379438,C0942,P049,1.0,239.3360878503224
ORD005988,2026-08-06 18:54:13.379438,C0635,P035,1.0,329.0919644606647
ORD005989,2026-07-30 18:54:13.379438,C0240,P023,4.0,437.981815822899
ORD005990,2026-05-27 18:54:13.379438,C0598,P097,2.0,167.86704949852637
ORD005991,2026-07-28 18:54:13.379438,C0176,P099,7.0,396.62236765478536
ORD005992,2026-07-30 18:54:13.379438,C0063,P061,3.0,396.5251978570756
ORD005993,2026-04-07 18:54:13.379438,C0551,P084,4.0,413.76583213256345
ORD005994,2026-06-17 18:54:13.379438,C0138,P055,9.0,102.83762669250773
ORD005995,2026-05-22 18:54:13.379438,C0981,P067,2.0,481.7917147805486
ORD005996,2026-04-10 18:54:13.379438,C0454,P008,8.0,144.64283434754321
ORD005997,2026-07-22 18:54:13.379438,C0753,P040,1.0,390.6392391157618
ORD005998,2026-08-03 18:54:13.379438,C0449,P059,3.0,89.52989081396265
ORD005999,2026-04-14 18:54:13.379438,C0226,P032,4.0,462.8712586961705
ORD006000,2026-07-04 18:54:13.379438,C0443,P093,6.0,219.64419587743683
ORD006001,2026-09-23 18:54:13.379438,C0206,P007,1.0,337.64019142602393
ORD006002,2026-04-26 18:54:13.379438,C0676,P002,8.0,426.5939924216735
ORD006003,2026-05-01 18:54:13.379438,C0027,P085,2.0,148.3693929006691
ORD006004,2026-07-23 18:54:13.379438,C0457,P006,5.0,200.60804613138703
ORD006005,2026-05-30 18:54:13.379438,C0695,P092,6.0,163.56071174324666
ORD006006,2026-04-29 18:54:13.379438,C0710,P036,8.0,148.60655187644048
ORD006007,2026-09-03 18:54:13.379438,C0991,P032,3.0,260.047710400287
ORD006008,2026-05-27 18:54:13.379438,C0849,P045,9.0,277.90504691707247
ORD006009,2026-05-02 18:54:13.379438,C0949,P042,5.0,47.643150043110516
ORD006010,2026-07-09 18:54:13.379438,C0107,P053,8.0,339.9135016157694
ORD006011,2026-09-14 18:54:13.379438,C0444,P009,4.0,215.80064288458186
ORD006012,2026-04-17 18:54:13.379438,C0701,P075,9.0,445.86937665571276
ORD006013,2026-06-20 18:54:13.379438,C0036,P087,8.0,443.90598427567716
ORD006014,2026-05-08 18:54:13.379438,C0597,P075,5.0,362.8454638534951
ORD006015,2026-05-03 18:54:13.379438,C0155,P049,3.0,428.35376212253135
ORD006016,2026-07-04 18:54:13.379438,C0169,P002,1.0,462.0319025653688
ORD006017,2026-04-20 18:54:13.379438,C0796,P067,5.0,292.8911464499065
ORD006018,2026-09-08 18:54:13.379438,C0272,P011,5.0,486.2341159928891
ORD006019,2026-07-05 18:54:13.379438,C0547,P050,4.0,478.1454420810599
ORD006020,2026-09-23 18:54:13.379438,C0420,P035,8.0,63.84250563024614
ORD006021,2026-06-21 18:54:13.379438,C0184,P015,3.0,266.1499678574542
ORD006022,2026-07-22 18:54:13.379438,C0611,P075,9.0,66.08905752207133
ORD006023,2026-09-29 18:54:13.379438,C0237,P031,3.0,345.2254468286953
ORD006024,2026-07-14 18:54:13.379438,C0915,P092,4.0,384.98513508092225
ORD006025,2026-07-18 18:54:13.379438,C0509,P062,6.0,443.4922034577412
ORD006026,2026-05-20 18:54:13.379438,C0441,P028,9.0,328.5046738634399
ORD006027,2026-06-06 18:54:13.379438,C0981,P096,2.0,232.45646001071597
ORD006028,2026-09-16 18:54:13.379438,C0122,P025,2.0,86.40912444282718
ORD006029,2026-06-06 18:54:13.379438,C0417,P084,2.0,71.30095103419161
ORD006030,2026-06-29 18:54:13.379438,C0535,P092,5.0,247.97697143708737
ORD006031,2026-04-10 18:54:13.379438,C0375,P025,6.0,417.9483738713825
ORD006032,2026-04-25 18:54:13.379438,C0575,P075,3.0,377.8521778882937
ORD006033,2026-06-23 18:54:13.379438,C0326,P083,3.0,441.59286303858494
ORD006034,2026-09-19 18:54:13.379438,C0480,P092,2.0,407.38520317499746
ORD006035,2026-06-16 18:54:13.379438,C0150,P001,6.0,110.67861231344389
ORD006036,2026-08-19 18:54:13.379438,C0707,P059,1.0,108.15896111816922
ORD006037,2026-08-16 18:54:13.379438,C0995,P069,9.0,234.42651735267341
ORD006038,2026-08-06 18:54:13.379438,C0592,P074,4.0,103.6663087954798
ORD006039,2026-05-23 18:54:13.379438,C0490,P042,2.0,101.86239204858646
ORD006040,2026-05-25 18:54:13.379438,C0827,P034,6.0,141.21167860806983
ORD006041,2026-09-11 18:54:13.379438,C0153,P066,5.0,21.057921506012637
ORD006042,2026-04-04 18:54:13.379438,C0017,P018,3.0,289.95790553849866
ORD006043,2026-09-12 18:54:13.379438,C0551,P077,3.0,204.33732091976142
ORD006044,2026-04-07 18:54:13.379438,C0845,P005,5.0,126.32394991882953
ORD006045,2026-08-26 18:54:13.379438,C0348,P020,4.0,75.76971273361062
ORD006046,2026-08-13 18:54:13.379438,C0459,P066,5.0,233.36663116793568
ORD006047,2026-09-21 18:54:13.379438,C0202,P075,2.0,304.9596110333797
ORD006048,2026-04-07 18:54:13.379438,C0423,P062,1.0,486.9058933495334
ORD006049,2026-04-04 18:54:13.379438,C0280,P094,5.0,134.37369442939752
ORD006050,2026-06-13 18:54:13.379438,C0422,P096,1.0,22.904105321252946
ORD006051,2026-09-28 18:54:13.379438,C0600,P032,3.0,370.6474023502225
ORD006052,2026-05-08 18:54:13.379438,C0993,P058,8.0,125.23309222605334
ORD006053,2026-04-11 18:54:13.379438,C0465,P050,8.0,247.28919480098546
ORD006054,2026-09-02 18:54:13.379438,C0953,P038,9.0,406.0303476720492
ORD006055,2026-05-09 18:54:13.379438,C0812,P055,1.0,28.118657923243426
ORD006056,2026-09-28 18:54:13.379438,C0804,P028,4.0,79.3444356608316
ORD006057,2026-08-04 18:54:13.379438,C0355,P074,6.0,58.106264096759084
ORD006058,2026-05-16 18:54:13.379438,C0582,P086,7.0,124.52592516192018
ORD006059,2026-04-30 18:54:13.379438,C0378,P081,5.0,94.78562302911524
ORD006060,2026-05-05 18:54:13.379438,C0124,P022,7.0,165.13489498948869
ORD006061,2026-06-20 18:54:13.379438,C0080,P043,8.0,375.6892528502908
ORD006062,2026-08-02 18:54:13.379438,C0557,P083,6.0,30.748435039838093
ORD006063,2026-08-27 18:54:13.379438,C0988,P081,4.0,46.144303274136306
ORD006064,2026-09-06 18:54:13.379438,C0233,P088,1.0,286.51867599249465
ORD006065,2026-09-07 18:54:13.379438,C0480,P036,5.0,264.92727935483015
ORD006066,2026-04-19 18:54:13.379438,C0154,P096,4.0,242.29678593717202
ORD006067,2026-07-11 18:54:13.379438,C0907,P052,5.0,262.7953780265028
ORD006068,2026-05-20 18:54:13.379438,C0692,P036,4.0,373.59905554585015
ORD006069,2026-05-04 18:54:13.379438,C0409,P028,9.0,292.2958788519897
ORD006070,2026-04-07 18:54:13.379438,C0031,P078,3.0,233.91683904543976
ORD006071,2026-09-15 18:54:13.379438,C0597,P058,3.0,50.05798737512046
ORD006072,2026-04-20 18:54:13.379438,C0557,P036,7.0,487.63784584689205
ORD006073,2026-05-12 18:54:13.379438,C0503,P070,2.0,127.27348770199848
ORD006074,2026-05-21 18:54:13.379438,C0371,P009,9.0,435.8873779669416
ORD006075,2026-09-24 18:54:13.379438,C0323,P021,8.0,195.69907670444664
ORD006076,2026-09-26 18:54:13.379438,C0332,P064,6.0,345.1288809817963
ORD006077,2026-05-12 18:54:13.379438,C0243,P076,9.0,232.5235594453824
ORD006078,2026-08-13 18:54:13.379438,C0552,P061,3.0,183.53974835887396
ORD006079,2026-05-03 18:54:13.379438,C0430,P094,4.0,311.0094749631999
ORD006080,2026-09-08 18:54:13.379438,C0182,P095,7.0,272.6921438952624
ORD006081,2026-04-25 18:54:13.379438,C0809,P040,1.0,123.89187941184755
ORD006082,2026-06-08 18:54:13.379438,C0473,P056,1.0,174.75848145693251
ORD006083,2026-07-20 18:54:13.379438,C0376,P004,1.0,26.84462643395586
ORD006084,2026-04-15 18:54:13.379438,C0081,P031,8.0,104.85597805534492
ORD006085,2026-05-09 18:54:13.379438,C0550,P027,6.0,174.5581746484452
ORD006086,2026-04-21 18:54:13.379438,C0868,P058,3.0,486.3394417076259
ORD006087,2026-07-02 18:54:13.379438,C0420,P025,7.0,268.27357803515724
ORD006088,2026-04-04 18:54:13.379438,C0467,P069,6.0,353.39014909046983
ORD006089,2026-08-08 18:54:13.379438,C0428,P070,5.0,340.0641794689682
ORD006090,2026-07-02 18:54:13.379438,C0057,P005,3.0,490.63508514105564
ORD006091,2026-06-29 18:54:13.379438,C0322,P091,4.0,282.27598687113976
ORD006092,2026-07-02 18:54:13.379438,C0977,P008,1.0,296.8922693761275
ORD006093,2026-08-15 18:54:13.379438,C0542,P009,9.0,157.03438658477157
ORD006094,2026-06-12 18:54:13.379438,C0495,P015,5.0,316.7977396230713
ORD006095,2026-05-17 18:54:13.379438,C0266,P007,2.0,381.2849667561204
ORD006096,2026-09-02 18:54:13.379438,C0227,P096,9.0,60.59415652751875
ORD006097,2026-06-28 18:54:13.379438,C0829,P072,7.0,245.2611174213834
ORD006098,2026-04-22 18:54:13.379438,C0959,P015,8.0,216.73109988449735
ORD006099,2026-07-13 18:54:13.379438,C0804,P037,3.0,65.65640487243923
ORD006100,2026-08-27 18:54:13.379438,C0054,P083,7.0,177.2310159692657
ORD006101,2026-07-07 18:54:13.379438,C0609,P039,-1.0,272.23753367820433
ORD006102,2026-07-13 18:54:13.379438,C0961,P006,6.0,328.4359943643899
ORD006103,2026-05-03 18:54:13.379438,C0978,P083,6.0,151.55824885551314
ORD006104,2026-09-20 18:54:13.379438,C0004,P057,6.0,243.386799818562
ORD006105,2026-05-06 18:54:13.379438,C0439,P092,3.0,369.69893976395485
ORD006106,2026-04-15 18:54:13.379438,C0310,P081,6.0,216.90139659139402
ORD006107,2026-07-30 18:54:13.379438,C0879,P019,3.0,470.97882714074115
ORD006108,2026-07-06 18:54:13.379438,C0603,P063,9.0,25.04601825120151
ORD006109,2026-09-05 18:54:13.379438,C0089,P031,7.0,137.51135665936866
ORD006110,2026-09-17 18:54:13.379438,C0320,P075,4.0,75.36170621614887
ORD006111,2026-08-18 18:54:13.379438,C0375,P079,3.0,275.2324293789814
ORD006112,2026-08-30 18:54:13.379438,C0604,P010,6.0,96.91301890500029
ORD006113,2026-06-18 18:54:13.379438,C0501,P087,9.0,373.50180893027607
ORD006114,2026-05-02 18:54:13.379438,C0662,P067,3.0,459.99150910954063
ORD006115,2026-09-11 18:54:13.379438,C0234,P062,8.0,111.52783124550037
ORD006116,2026-07-29 18:54:13.379438,C0921,P003,6.0,454.3139227456388
ORD006117,2026-04-18 18:54:13.379438,C0337,P018,4.0,319.56006124115964
ORD006118,2026-04-05 18:54:13.379438,C0571,P025,5.0,106.12361698334112
ORD006119,2026-09-30 18:54:13.379438,C0185,P020,3.0,370.90728444049074
ORD006120,2026-07-29 18:54:13.379438,C0438,P058,2.0,54.52810118213698
ORD006121,2026-09-22 18:54:13.379438,C0556,P093,9.0,349.1526303972658
ORD006122,2026-04-21 18:54:13.379438,C0180,P086,3.0,432.0180476693621
ORD006123,2026-04-06 18:54:13.379438,C0076,P050,6.0,475.6842498463446
ORD006124,2026-08-16 18:54:13.379438,C0656,P079,5.0,36.72024750992662
ORD006125,2026-09-21 18:54:13.379438,C0613,P010,8.0,40.34843822085817
ORD006126,2026-09-16 18:54:13.379438,C0893,P021,5.0,465.8983952833961
ORD006127,2026-09-15 18:54:13.379438,C0272,P029,8.0,396.90036038021015
ORD006128,2026-09-11 18:54:13.379438,C0977,P096,5.0,389.3909116840501
ORD006129,2026-07-20 18:54:13.379438,C0055,P010,6.0,373.8846473595437
ORD006130,2026-07-07 18:54:13.379438,C0701,P013,5.0,361.4915117999536
ORD006131,2026-08-03 18:54:13.379438,C0863,P047,2.0,310.47921036964965
ORD006132,2026-04-14 18:54:13.379438,C0847,P023,6.0,408.24262181832086
ORD006133,2026-06-10 18:54:13.379438,C0077,P050,7.0,26.7444763817448
ORD006134,2026-08-04 18:54:13.379438,C0296,P087,3.0,372.7480331886804
ORD006135,2026-07-25 18:54:13.379438,C0219,P095,3.0,295.62957496361287
ORD006136,2026-07-10 18:54:13.379438,C0277,P004,7.0,454.6549549601219
ORD006137,2026-07-05 18:54:13.379438,C0578,P067,4.0,468.82318197791216
ORD006138,2026-04-25 18:54:13.379438,C0648,P085,2.0,128.25194906485268
ORD006139,2026-09-22 18:54:13.379438,C0746,P053,9.0,396.835441767527
ORD006140,2026-08-08 18:54:13.379438,C0711,P002,9.0,478.9293763762845
ORD006141,2026-08-15 18:54:13.379438,C0266,P068,6.0,140.65826320005505
ORD006142,2026-09-20 18:54:13.379438,C0953,P065,2.0,427.03152410852726
ORD006143,2026-04-28 18:54:13.379438,C0900,P079,3.0,297.3995320510297
ORD006144,2026-06-27 18:54:13.379438,C0043,P057,5.0,203.54764104402668
ORD006145,2026-05-28 18:54:13.379438,C0361,P097,5.0,413.5686050377664
ORD006146,2026-08-25 18:54:13.379438,C0228,P070,9.0,436.44654012148595
ORD006147,2026-07-07 18:54:13.379438,C0227,P007,3.0,148.49693528066493
ORD006148,2026-08-23 18:54:13.379438,C0063,P019,2.0,399.2868514132415
ORD006149,2026-09-17 18:54:13.379438,C0171,P044,8.0,34.33412628954883
ORD006150,2026-09-06 18:54:13.379438,C0963,P063,7.0,214.65466554206628
ORD006151,2026-09-29 18:54:13.379438,C0762,P065,9.0,44.19477886150877
ORD006152,2026-07-31 18:54:13.379438,C0850,P039,3.0,153.97946299138425
ORD006153,2026-09-27 18:54:13.379438,C0762,P083,6.0,475.67882282883926
ORD006154,2026-04-12 18:54:13.379438,C0307,P026,5.0,370.021349630692
ORD006155,2026-09-23 18:54:13.379438,C0750,P044,5.0,380.24376439999156
ORD006156,2026-08-31 18:54:13.379438,C0568,P012,8.0,75.89832750390936
ORD006157,2026-09-10 18:54:13.379438,C0683,P022,1.0,293.55609297591695
ORD006158,2026-05-15 18:54:13.379438,C0920,P077,1.0,200.52935896352884
ORD006159,2026-05-26 18:54:13.379438,C0992,P092,3.0,369.7482757430949
ORD006160,2026-06-16 18:54:13.379438,C0034,P014,2.0,86.97199761460557
ORD006161,2026-05-12 18:54:13.379438,C0827,P086,2.0,148.14141272147603
ORD006162,2026-08-03 18:54:13.379438,C0642,P030,2.0,450.3006595042339
ORD006163,2026-04-18 18:54:13.379438,C0130,P044,4.0,93.19201212144473
ORD006164,2026-09-07 18:54:13.379438,C0394,P084,1.0,319.88188542032987
ORD006165,2026-08-04 18:54:13.379438,C0151,P091,9.0,164.4244208024559
ORD006166,2026-07-23 18:54:13.379438,C0655,P038,5.0,50.123790226045735
ORD006167,2026-08-12 18:54:13.379438,C0630,P059,5.0,119.60437167857623
ORD006168,2026-06-25 18:54:13.379438,C0716,P042,9.0,436.0105720911548
ORD006169,2026-04-13 18:54:13.379438,C0384,P052,5.0,456.16929303673186
ORD006170,2026-07-04 18:54:13.379438,C0747,P063,8.0,215.71846067619182
ORD006171,2026-05-02 18:54:13.379438,C0017,P061,1.0,314.2414586291443
ORD006172,2026-05-08 18:54:13.379438,C0594,P034,1.0,265.04406737962927
ORD006173,2026-04-09 18:54:13.379438,C0014,P039,4.0,147.0500858819513
ORD006174,2026-08-21 18:54:13.379438,C0081,P041,8.0,178.94970601421124
ORD006175,2026-07-23 18:54:13.379438,C0207,P037,3.0,268.1420396354686
ORD006176,2026-05-11 18:54:13.379438,C0204,P065,1.0,350.72740236975454
ORD006177,2026-06-19 18:54:13.379438,C0379,P079,9.0,181.42952447804302
ORD006178,2026-07-05 18:54:13.379438,C0784,P032,9.0,352.4682888311238
ORD006179,2026-08-28 18:54:13.379438,C0544,P008,9.0,480.88060028083373
ORD006180,2026-06-09 18:54:13.379438,C0023,P097,9.0,22.03300726626462
ORD006181,2026-08-17 18:54:13.379438,C0614,P018,2.0,90.28014433300059
ORD006182,2026-04-11 18:54:13.379438,C0162,P045,4.0,458.9728919341144
ORD006183,2026-08-03 18:54:13.379438,C0610,P093,2.0,45.06915792709732
ORD006184,2026-06-26 18:54:13.379438,C0144,P096,7.0,384.87290851194854
ORD006185,2026-09-25 18:54:13.379438,C0930,P033,3.0,315.74934371289595
ORD006186,2026-08-13 18:54:13.379438,C0104,P005,9.0,33.37344301463438
ORD006187,2026-09-29 18:54:13.379438,C0382,P082,7.0,10.356457885166874
ORD006188,2026-06-27 18:54:13.379438,C0455,P074,8.0,255.97957984658046
ORD006189,2026-05-18 18:54:13.379438,C0417,P036,9.0,67.49925864193034
ORD006190,2026-08-17 18:54:13.379438,C0324,P097,8.0,437.38562402646403
ORD006191,2026-06-29 18:54:13.379438,C0171,P023,7.0,245.57958272798703
ORD006192,2026-04-19 18:54:13.379438,C0576,P040,9.0,124.8775410280621
ORD006193,2026-06-19 18:54:13.379438,C0756,P005,1.0,92.42039235346893
ORD006194,2026-04-12 18:54:13.379438,C0583,P034,4.0,419.52858280182784
ORD006195,2026-06-02 18:54:13.379438,C0274,P024,4.0,362.181992065808
ORD006196,2026-06-20 18:54:13.379438,C0452,P017,5.0,361.80175866804467
ORD006197,2026-06-19 18:54:13.379438,C0881,P095,8.0,51.80030636811176
ORD006198,2026-06-13 18:54:13.379438,C0125,P071,1.0,316.0137221018745
ORD006199,2026-04-18 18:54:13.379438,C0383,P081,6.0,436.0464657341235
ORD006200,2026-06-13 18:54:13.379438,C0317,P092,9.0,385.29130820311275
ORD006201,2026-07-14 18:54:13.379438,C0843,P022,8.0,67.89677610690518
ORD006202,2026-09-19 18:54:13.379438,C0107,P015,2.0,475.1468910824361
ORD006203,2026-04-25 18:54:13.379438,C0660,P015,7.0,44.16984263158209
ORD006204,2026-09-02 18:54:13.379438,C0907,P025,5.0,282.88311458304725
ORD006205,2026-07-25 18:54:13.379438,C0463,P053,2.0,473.0560427990303
ORD006206,2026-09-22 18:54:13.379438,C0430,P021,1.0,412.9057970093559
ORD006207,2026-04-04 18:54:13.379438,C0704,P066,2.0,343.6062073986895
ORD006208,2026-04-13 18:54:13.379438,C0337,P091,6.0,429.6083957712608
ORD006209,2026-07-22 18:54:13.379438,C0738,P032,8.0,339.9078444996196
ORD006210,2026-07-25 18:54:13.379438,C0754,P021,3.0,36.924919232471495
ORD006211,2026-05-23 18:54:13.379438,C0496,P068,5.0,-50.0
ORD006212,2026-04-15 18:54:13.379438,C0972,P044,2.0,219.290038959954
ORD006213,2026-07-01 18:54:13.379438,C0362,P083,8.0,277.72485788032657
ORD006214,2026-09-04 18:54:13.379438,C0796,P066,4.0,122.52381509683148
ORD006215,2026-07-24 18:54:13.379438,C0432,P090,6.0,441.7744857310063
ORD006216,2026-06-20 18:54:13.379438,C0675,P098,3.0,122.06332468453027
ORD006217,2026-09-19 18:54:13.379438,C0520,P014,8.0,332.2208955711143
ORD006218,2026-09-14 18:54:13.379438,C0859,P015,8.0,439.5376427769379
ORD006219,2026-08-02 18:54:13.379438,C0406,P020,3.0,369.07839848285715
ORD006220,2026-04-26 18:54:13.379438,C0377,P034,9.0,76.64618952418307
ORD006221,2026-09-21 18:54:13.379438,C0152,P036,5.0,476.18315067358634
ORD006222,2026-08-15 18:54:13.379438,C0322,P083,9.0,55.039124553179434
ORD006223,2026-09-21 18:54:13.379438,C0607,P009,7.0,108.03294746510348
ORD006224,2026-04-28 18:54:13.379438,C0214,P071,3.0,78.2291160713272
ORD006225,2026-04-21 18:54:13.379438,C0576,P030,6.0,336.7893567755054
ORD006226,2026-08-22 18:54:13.379438,C0065,P077,2.0,405.63093663927225
ORD006227,2026-05-16 18:54:13.379438,C0893,P091,6.0,126.62777251567353
ORD006228,2026-06-20 18:54:13.379438,C0270,P063,5.0,489.8317598873514
ORD006229,2026-05-01 18:54:13.379438,C0537,P035,3.0,78.22945826923142
ORD006230,2026-08-27 18:54:13.379438,C0996,P013,7.0,164.7755721979429
ORD006231,2026-06-01 18:54:13.379438,C0100,P079,4.0,250.25152431669198
ORD006232,2026-06-05 18:54:13.379438,C0105,P046,6.0,406.3353188249947
ORD006233,2026-07-04 18:54:13.379438,C0131,P056,9.0,194.5058402120313
ORD006234,2026-09-29 18:54:13.379438,C0389,P009,6.0,98.14921121177574
ORD006235,2026-05-29 18:54:13.379438,C0321,P087,4.0,237.81876615727288
ORD006236,2026-09-05 18:54:13.379438,C0438,P036,2.0,243.48269174320222
ORD006237,2026-09-10 18:54:13.379438,C0019,P003,9.0,17.94054855190026
ORD006238,2026-07-23 18:54:13.379438,C0225,P098,4.0,20.235312979333205
ORD006239,2026-08-18 18:54:13.379438,C0618,P019,4.0,146.043012105053
ORD006240,2026-06-10 18:54:13.379438,C0566,P028,2.0,373.1982021939981
ORD006241,2026-05-19 18:54:13.379438,C0990,P023,5.0,189.33524628055235
ORD006242,2026-06-09 18:54:13.379438,C0460,P007,6.0,113.49014912764376
ORD006243,2026-09-04 18:54:13.379438,C0394,P076,6.0,65.35757201076055
ORD006244,2026-08-17 18:54:13.379438,C0226,P014,3.0,147.45589171090936
ORD006245,2026-04-09 18:54:13.379438,C0912,P046,9.0,245.9052180441431
ORD006246,2026-04-27 18:54:13.379438,C0360,P015,7.0,55.75594082266215
ORD006247,2026-09-26 18:54:13.379438,C0430,P067,3.0,17.317628047917452
ORD006248,2026-07-06 18:54:13.379438,C0925,P015,4.0,72.38045054211709
ORD006249,2026-09-23 18:54:13.379438,C0015,P051,7.0,371.60996861998365
ORD006250,2026-04-16 18:54:13.379438,C0560,P088,8.0,238.4917713170192
ORD006251,2026-04-28 18:54:13.379438,C0651,P008,6.0,228.13195008319167
ORD006252,2026-08-29 18:54:13.379438,C0546,P069,4.0,19.678786256007477
ORD006253,2026-07-30 18:54:13.379438,C0932,P062,2.0,358.362795506311
ORD006254,2026-06-24 18:54:13.379438,C0414,P051,8.0,108.93535578638888
ORD006255,2026-07-23 18:54:13.379438,C0355,P063,1.0,54.5240995528878
ORD006256,2026-06-24 18:54:13.379438,C0457,P068,9.0,422.5961231833291
ORD006257,2026-06-08 18:54:13.379438,C0722,P078,8.0,247.94789829962963
ORD006258,2026-05-18 18:54:13.379438,C0531,P016,3.0,376.97720984598
ORD006259,2026-07-26 18:54:13.379438,C0999,P084,4.0,412.72359909035737
ORD006260,2026-09-25 18:54:13.379438,C0196,P024,4.0,482.6623176908696
ORD006261,2026-06-05 18:54:13.379438,C0838,P006,2.0,315.61275404976425
ORD006262,2026-06-18 18:54:13.379438,C0115,P057,5.0,43.45623691285834
ORD006263,2026-07-26 18:54:13.379438,C0417,P031,3.0,283.26722065232894
ORD006264,2026-07-23 18:54:13.379438,C0352,P006,1.0,259.6660927250042
ORD006265,2026-08-28 18:54:13.379438,C0976,P099,2.0,38.206261096291755
ORD006266,2026-05-08 18:54:13.379438,C0075,P079,7.0,160.08800957678943
ORD006267,2026-05-26 18:54:13.379438,C0662,P029,1.0,211.9672200914772
ORD006268,2026-04-29 18:54:13.379438,C0036,P067,2.0,88.87791202565988
ORD006269,2026-04-17 18:54:13.379438,C0242,P075,7.0,14.293205164054166
ORD006270,2026-07-30 18:54:13.379438,C0663,P003,1.0,380.91933636687867
ORD006271,2026-05-18 18:54:13.379438,C0063,P028,7.0,427.300861639134
ORD006272,2026-09-22 18:54:13.379438,C0666,P074,8.0,122.25980929373367
ORD006273,2026-05-24 18:54:13.379438,C0509,P097,2.0,11.862165655728251
ORD006274,2026-09-21 18:54:13.379438,C0188,P048,4.0,446.0691042437591
ORD006275,2026-07-31 18:54:13.379438,C0735,P080,7.0,75.64039100428192
ORD006276,2026-09-01 18:54:13.379438,C0093,P010,1.0,207.58241042735352
ORD006277,2026-04-22 18:54:13.379438,C0005,P033,6.0,189.32346129902
ORD006278,2026-06-24 18:54:13.379438,C0438,P067,5.0,90.48808628627836
ORD006279,2026-06-18 18:54:13.379438,C0166,P069,6.0,303.41717528373795
ORD006280,2026-07-04 18:54:13.379438,C0446,P012,8.0,460.08562415218177
ORD006281,2026-05-06 18:54:13.379438,C0025,P057,1.0,261.7244335389918
ORD006282,2026-08-28 18:54:13.379438,C0508,P044,3.0,486.72706951464187
ORD006283,2026-05-01 18:54:13.379438,C0098,P013,9.0,103.47816209067521
ORD006284,2026-08-04 18:54:13.379438,C0268,P024,8.0,425.7661534115583
ORD006285,2026-09-30 18:54:13.379438,C0662,P044,4.0,135.88495862516257
ORD006286,2026-08-07 18:54:13.379438,C0393,P057,9.0,132.76533868592298
ORD006287,2026-09-27 18:54:13.379438,C0764,P096,7.0,67.66881342779715
ORD006288,2026-05-10 18:54:13.379438,C0596,P016,2.0,433.1801732755979
ORD006289,2026-09-04 18:54:13.379438,C0285,P096,1.0,365.2787783241835
ORD006290,2026-07-11 18:54:13.379438,C0684,P021,1.0,177.41184846404101
ORD006291,2026-07-10 18:54:13.379438,C0733,P076,3.0,181.21423668725592
ORD006292,2026-08-08 18:54:13.379438,C0109,P051,2.0,423.94935977859234
ORD006293,2026-09-18 18:54:13.379438,C0027,P021,4.0,464.51505157396394
ORD006294,2026-06-22 18:54:13.379438,C0758,P060,8.0,305.18869633380444
ORD006295,2026-05-11 18:54:13.379438,C0055,P051,5.0,209.35128373321578
ORD006296,2026-06-19 18:54:13.379438,C0977,P021,5.0,36.040374130844384
ORD006297,2026-08-07 18:54:13.379438,C0133,P006,6.0,72.01685724883797
ORD006298,2026-06-29 18:54:13.379438,C0052,P073,5.0,79.47603307263361
ORD006299,2026-05-27 18:54:13.379438,C0493,P065,5.0,145.63363882199957
ORD006300,2026-08-31 18:54:13.379438,C0765,P076,7.0,135.94559320862578
ORD006301,2026-04-19 18:54:13.379438,C0781,P058,6.0,276.0120074421359
ORD006302,2026-05-01 18:54:13.379438,C0298,P078,2.0,472.6089414410606
ORD006303,2026-09-13 18:54:13.379438,C0399,P006,1.0,432.2139007145819
ORD006304,2026-09-23 18:54:13.379438,C0591,P065,1.0,259.48987183235647
ORD006305,2026-05-19 18:54:13.379438,C0018,P086,4.0,18.476147295942724
ORD006306,2026-06-14 18:54:13.379438,C0818,P034,2.0,43.515462589570284
ORD006307,2026-06-27 18:54:13.379438,C0770,P056,6.0,431.5719444865326
ORD006308,2026-04-29 18:54:13.379438,C0855,P075,9.0,148.97871302981565
ORD006309,2026-06-27 18:54:13.379438,C0619,P003,8.0,165.86430467486812
ORD006310,2026-09-03 18:54:13.379438,C0909,P042,4.0,78.49095352942861
ORD006311,2026-06-07 18:54:13.379438,C0964,P062,2.0,119.3255735390026
ORD006312,2026-08-15 18:54:13.379438,C0559,P006,1.0,131.12220257214807
ORD006313,2026-09-01 18:54:13.379438,C0246,P006,7.0,211.92579798378526
ORD006314,2026-07-27 18:54:13.379438,C0503,P063,3.0,315.34130062516107
ORD006315,2026-06-06 18:54:13.379438,C0089,P020,6.0,183.04648101494203
ORD006316,2026-06-29 18:54:13.379438,C0203,P021,5.0,230.43300080613466
ORD006317,2026-09-21 18:54:13.379438,C0946,P002,5.0,99.13104749920019
ORD006318,2026-07-19 18:54:13.379438,C0240,P090,2.0,37.63095643336742
ORD006319,2026-09-01 18:54:13.379438,C0490,P095,9.0,180.63778459743162
ORD006320,2026-07-08 18:54:13.379438,C0780,P090,4.0,40.62081724551953
ORD006321,2026-09-08 18:54:13.379438,C0013,P056,1.0,156.86286752824918
ORD006322,2026-06-19 18:54:13.379438,C0649,P096,2.0,420.4234063263945
ORD006323,2026-08-27 18:54:13.379438,C0315,P010,9.0,189.79611316899425
ORD006324,2026-06-29 18:54:13.379438,C0685,P087,7.0,104.69826512438046
ORD006325,2026-08-30 18:54:13.379438,C0742,P070,2.0,452.01309627624283
ORD006326,2026-05-30 18:54:13.379438,C0198,P023,7.0,323.2811777478534
ORD006327,2026-07-15 18:54:13.379438,C0243,P092,4.0,494.24338275619886
ORD006328,2026-09-01 18:54:13.379438,C0507,P030,2.0,157.12319553122074
ORD006329,2026-07-03 18:54:13.379438,C0043,P078,4.0,108.18084614194011
ORD006330,2026-05-18 18:54:13.379438,C0330,P037,,155.99073873257993
ORD006331,2026-09-22 18:54:13.379438,C0791,P055,4.0,408.12125602295174
ORD006332,2026-06-30 18:54:13.379438,C0591,P096,3.0,84.24897920622138
ORD006333,2026-07-27 18:54:13.379438,C0429,P049,6.0,128.12836975400296
ORD006334,2026-05-20 18:54:13.379438,C0791,P034,1.0,353.8001498919832
ORD006335,2026-09-18 18:54:13.379438,C0744,P044,8.0,371.62021137507304
ORD006336,2026-09-29 18:54:13.379438,C0613,P022,5.0,479.8322561812807
ORD006337,2026-09-20 18:54:13.379438,C0162,P031,8.0,490.27432164878945
ORD006338,2026-08-16 18:54:13.379438,C0656,P007,4.0,335.13024831864357
ORD006339,2026-05-23 18:54:13.379438,C0959,P021,4.0,187.76936425254584
ORD006340,2026-09-26 18:54:13.379438,C0621,P016,5.0,231.97694156331988
ORD006341,2026-06-26 18:54:13.379438,C0435,P020,5.0,225.24117830411194
ORD006342,2026-07-03 18:54:13.379438,C0233,P043,6.0,199.81520864761316
ORD006343,2026-08-15 18:54:13.379438,C0111,P044,5.0,175.7401605510204
ORD006344,2026-07-03 18:54:13.379438,C0928,P047,5.0,92.27116042315762
ORD006345,2026-08-18 18:54:13.379438,C0934,P019,8.0,189.41792835693437
ORD006346,2026-07-21 18:54:13.379438,C0232,P048,6.0,484.9225698216076
ORD006347,2026-05-30 18:54:13.379438,C0952,P096,2.0,442.25660810654335
ORD006348,2026-05-04 18:54:13.379438,C0750,P079,4.0,312.490051980412
ORD006349,2026-04-24 18:54:13.379438,C0709,P069,4.0,104.47493051857855
ORD006350,2026-07-02 18:54:13.379438,C0273,P011,5.0,440.54572378149635
ORD006351,2026-05-13 18:54:13.379438,C0598,P079,6.0,162.8143398202672
ORD006352,2026-07-24 18:54:13.379438,C0807,P029,5.0,277.400286531771
ORD006353,2026-05-18 18:54:13.379438,C0041,P045,6.0,456.7794460123575
ORD006354,2026-06-19 18:54:13.379438,C0560,P068,8.0,173.99815172969735
ORD006355,2026-09-27 18:54:13.379438,C0466,P036,4.0,457.5379395446913
ORD006356,2026-06-29 18:54:13.379438,C0924,P048,3.0,125.21289537507684
ORD006357,2026-08-29 18:54:13.379438,C0077,P087,9.0,465.06452087683545
ORD006358,2026-07-13 18:54:13.379438,C0690,P015,3.0,185.74608140098832
ORD006359,2026-07-29 18:54:13.379438,C0490,P044,8.0,193.55459232054704
ORD006360,2026-07-04 18:54:13.379438,C0769,P067,5.0,280.97388160639923
ORD006361,2026-08-26 18:54:13.379438,C0117,P096,9.0,180.04297176693174
ORD006362,2026-05-01 18:54:13.379438,C0434,P074,3.0,230.49138184170377
ORD006363,2026-09-19 18:54:13.379438,C0019,P040,8.0,255.6487478203938
ORD006364,2026-04-28 18:54:13.379438,C0994,P086,7.0,250.59957880417556
ORD006365,2026-05-31 18:54:13.379438,C0571,P014,7.0,480.9436331526729
ORD006366,2026-05-14 18:54:13.379438,C0196,P063,9.0,148.07634187211656
ORD006367,2026-08-15 18:54:13.379438,C0619,P081,8.0,149.4439941195762
ORD006368,2026-06-17 18:54:13.379438,C0451,P085,3.0,420.5816280634194
ORD006369,2026-05-11 18:54:13.379438,C0425,P051,6.0,202.08433250620953
ORD006370,2026-08-15 18:54:13.379438,C0394,P079,6.0,45.86660051614942
ORD006371,2026-09-23 18:54:13.379438,C0284,P058,5.0,245.81444975709596
ORD006372,2026-06-17 18:54:13.379438,C0034,P015,3.0,279.6121680787809
ORD006373,2026-08-23 18:54:13.379438,C0295,P065,9.0,312.66943997973044
ORD006374,2026-06-08 18:54:13.379438,C0251,P088,7.0,125.19569678130595
ORD006375,2026-09-18 18:54:13.379438,C0638,P055,4.0,486.89712502251837
ORD006376,2026-04-06 18:54:13.379438,C0339,P076,6.0,371.13895313126835
ORD006377,2026-07-29 18:54:13.379438,C0618,P010,5.0,362.86894264251936
ORD006378,2026-07-11 18:54:13.379438,C0440,P042,1.0,437.7075072745092
ORD006379,2026-09-02 18:54:13.379438,C0180,P095,2.0,22.802506636897867
ORD006380,2026-04-22 18:54:13.379438,C0622,P011,1.0,310.43969209730045
ORD006381,2026-08-27 18:54:13.379438,C0228,P016,9.0,410.7400853582209
ORD006382,2026-07-28 18:54:13.379438,C0633,P073,9.0,26.84313506821806
ORD006383,2026-08-06 18:54:13.379438,C0619,P078,5.0,380.511399936679
ORD006384,2026-06-30 18:54:13.379438,C0643,P019,8.0,494.95165256802045
ORD006385,2026-05-08 18:54:13.379438,C0023,P031,4.0,300.7710713243342
ORD006386,2026-04-04 18:54:13.379438,C0657,P073,1.0,218.09927104538843
ORD006387,2026-09-03 18:54:13.379438,C0327,P053,4.0,232.26809888641512
ORD006388,2026-09-23 18:54:13.379438,C0154,P090,7.0,342.9455805012799
ORD006389,2026-09-27 18:54:13.379438,C0619,P008,2.0,289.2783231233384
ORD006390,2026-08-07 18:54:13.379438,C0146,P024,2.0,395.90941589745455
ORD006391,2026-07-01 18:54:13.379438,C0252,P008,6.0,216.602405405977
ORD006392,2026-08-25 18:54:13.379438,C0302,P083,9.0,214.48907910505162
ORD006393,2026-08-28 18:54:13.379438,C0070,P048,3.0,375.5230344968031
ORD006394,2026-09-01 18:54:13.379438,C0543,P030,7.0,326.30414890792474
ORD006395,2026-04-28 18:54:13.379438,C0093,P058,9.0,391.26803619626503
ORD006396,2026-04-19 18:54:13.379438,C0649,P086,9.0,444.7102249617727
ORD006397,2026-06-15 18:54:13.379438,C0886,P055,4.0,139.06886380886624
ORD006398,2026-08-10 18:54:13.379438,C0163,P073,2.0,164.3675769193025
ORD006399,2026-05-15 18:54:13.379438,C0081,P062,1.0,268.20586340285087
ORD006400,2026-08-28 18:54:13.379438,C0828,P048,6.0,465.92186749591394
ORD006401,2026-09-12 18:54:13.379438,C0588,P004,5.0,418.99707090874506
ORD006402,2026-06-22 18:54:13.379438,C0063,P037,6.0,239.53840243610014
ORD006403,2026-07-16 18:54:13.379438,C0612,P008,7.0,290.8282550052195
ORD006404,2026-08-27 18:54:13.379438,C0436,P001,9.0,359.03196057927477
ORD006405,2026-05-07 18:54:13.379438,C0048,P092,6.0,266.11324174532984
ORD006406,2026-07-01 18:54:13.379438,C0445,P070,6.0,58.239873255220516
ORD006407,2026-08-06 18:54:13.379438,C0920,P047,3.0,182.84102584314957
ORD006408,2026-05-18 18:54:13.379438,C0074,P075,8.0,33.330014190756
ORD006409,2026-08-15 18:54:13.379438,C0826,P005,9.0,338.2340246018293
ORD006410,2026-04-24 18:54:13.379438,C0704,P050,1.0,175.1906543104955
ORD006411,2026-08-03 18:54:13.379438,C0542,P024,6.0,371.79771995426495
ORD006412,2026-06-12 18:54:13.379438,C0157,P047,7.0,220.5579804177137
ORD006413,2026-07-08 18:54:13.379438,C0487,P018,8.0,32.33828037987561
ORD006414,2026-07-17 18:54:13.379438,C0266,P084,8.0,196.01185776248147
ORD006415,2026-05-21 18:54:13.379438,C0256,P028,7.0,117.16033395943957
ORD006416,2026-05-12 18:54:13.379438,C0039,P077,8.0,115.00246788966992
ORD006417,2026-05-04 18:54:13.379438,C0055,P005,9.0,195.02881958295126
ORD006418,2026-04-13 18:54:13.379438,C0028,P030,7.0,489.37989206244225
ORD006419,2026-05-03 18:54:13.379438,C0914,P001,3.0,480.4339351600888
ORD006420,2026-04-21 18:54:13.379438,C0937,P086,9.0,403.69257207895265
ORD006421,2026-06-30 18:54:13.379438,C0118,P082,1.0,130.2789526429911
ORD006422,2026-08-06 18:54:13.379438,C0370,P046,8.0,384.32526071419227
ORD006423,2026-06-15 18:54:13.379438,C0209,P069,6.0,17.52808978218473
ORD006424,2026-04-18 18:54:13.379438,C0587,P031,3.0,37.61103773630834
ORD006425,2026-04-07 18:54:13.379438,C0577,P070,9.0,419.5090553349091
ORD006426,2026-09-18 18:54:13.379438,C0849,P091,6.0,286.4759347640665
ORD006427,2026-04-12 18:54:13.379438,C0868,P056,7.0,192.92076076472452
ORD006428,2026-07-21 18:54:13.379438,C0612,P089,2.0,372.8245963346512
ORD006429,2026-08-18 18:54:13.379438,C0558,P093,1.0,66.03786202992919
ORD006430,2026-09-04 18:54:13.379438,C0316,P028,1.0,150.47636600887913
ORD006431,2026-08-13 18:54:13.379438,C0393,P016,3.0,366.52819549170283
ORD006432,2026-04-19 18:54:13.379438,C0941,P054,3.0,111.51272323755319
ORD006433,2026-08-24 18:54:13.379438,C0444,P053,8.0,304.3148891307033
ORD006434,2026-07-11 18:54:13.379438,C0668,P012,7.0,229.3549927343729
ORD006435,2026-08-02 18:54:13.379438,C0752,P020,8.0,109.15827381997276
ORD006436,2026-05-25 18:54:13.379438,C0865,P082,1.0,445.30752780545066
ORD006437,2026-06-11 18:54:13.379438,C0259,P034,4.0,223.40850404100144
ORD006438,2026-04-08 18:54:13.379438,C0947,P053,8.0,303.43158804764397
ORD006439,2026-04-23 18:54:13.379438,C0648,P064,2.0,133.98844133878296
ORD006440,2026-06-21 18:54:13.379438,C0882,P023,7.0,179.93442796193153
ORD006441,2026-08-27 18:54:13.379438,C0198,P027,8.0,34.00208088779844
ORD006442,2026-07-23 18:54:13.379438,C0699,P017,9.0,246.77502298137225
ORD006443,2026-04-05 18:54:13.379438,C0628,P048,7.0,178.97457617254636
ORD006444,2026-07-05 18:54:13.379438,C0445,P021,9.0,171.40784782469356
ORD006445,2026-04-16 18:54:13.379438,C0570,P050,2.0,446.072212520981
ORD006446,2026-04-07 18:54:13.379438,C0582,P040,1.0,354.89625012551795
ORD006447,2026-09-20 18:54:13.379438,C0605,P095,1.0,234.0718679840329
ORD006448,2026-07-21 18:54:13.379438,C0741,P003,4.0,105.72209156019713
ORD006449,2026-06-16 18:54:13.379438,C0908,P017,1.0,486.8931881835327
ORD006450,2026-07-07 18:54:13.379438,C0649,P061,7.0,46.63499240585093
ORD006451,2026-07-17 18:54:13.379438,C0617,P050,8.0,76.69195724054538
ORD006452,2026-04-11 18:54:13.379438,C0305,P090,3.0,142.45755423758655
ORD006453,2026-06-09 18:54:13.379438,C0339,P087,1.0,477.7188941095406
ORD006454,2026-07-22 18:54:13.379438,C0529,P006,3.0,146.65223159565707
ORD006455,2026-04-12 18:54:13.379438,C0054,P028,2.0,250.79889777193648
ORD006456,2026-07-29 18:54:13.379438,C0112,P072,6.0,382.9707172495015
ORD006457,2026-04-14 18:54:13.379438,C0684,P055,7.0,465.3009605209191
ORD006458,2026-07-11 18:54:13.379438,C0928,P058,9.0,306.4941045419117
ORD006459,2026-05-15 18:54:13.379438,C0419,P045,5.0,198.29592734894723
ORD006460,2026-08-22 18:54:13.379438,C0974,P072,4.0,492.89923852957486
ORD006461,2026-09-14 18:54:13.379438,C0305,P019,1.0,22.81968632061251
ORD006462,2026-08-01 18:54:13.379438,C0438,P029,6.0,417.76485155879743
ORD006463,2026-08-22 18:54:13.379438,C0656,P023,8.0,145.94061148378032
ORD006464,2026-04-15 18:54:13.379438,C0085,P032,4.0,410.5513882101793
ORD006465,2026-05-10 18:54:13.379438,C0524,P010,1.0,89.46177035064963
ORD006466,2026-06-16 18:54:13.379438,C0252,P091,5.0,179.94102336822473
ORD006467,2026-06-15 18:54:13.379438,C0728,P049,5.0,37.425950162301945
ORD006468,2026-05-25 18:54:13.379438,C0126,P065,2.0,107.81490548133891
ORD006469,2026-08-11 18:54:13.379438,C0610,P029,6.0,305.3682448302148
ORD006470,2026-05-29 18:54:13.379438,C0904,P059,9.0,383.1360076125167
ORD006471,2026-06-02 18:54:13.379438,C0405,P045,6.0,456.50112919550156
ORD006472,2026-04-26 18:54:13.379438,C0304,P067,8.0,68.64591301181706
ORD006473,2026-07-15 18:54:13.379438,C0904,P051,3.0,78.88069762341173
ORD006474,2026-05-13 18:54:13.379438,C0028,P095,2.0,470.00002013019764
ORD006475,2026-06-06 18:54:13.379438,C0848,P011,4.0,385.32758306825815
ORD006476,2026-06-27 18:54:13.379438,C0266,P086,9.0,274.4782134472539
ORD006477,2026-09-01 18:54:13.379438,C0052,P082,9.0,243.59552694418116
ORD006478,2026-09-07 18:54:13.379438,C0655,P099,3.0,87.28080094112238
ORD006479,2026-09-29 18:54:13.379438,C0644,P006,1.0,195.85765580750297
ORD006480,2026-07-01 18:54:13.379438,C0858,P067,1.0,192.5763377810704
ORD006481,2026-05-04 18:54:13.379438,C0511,P062,4.0,327.68978247795616
ORD006482,2026-09-28 18:54:13.379438,C0207,P005,4.0,303.4634295475277
ORD006483,2026-04-23 18:54:13.379438,C0996,P009,6.0,39.258404636452696
ORD006484,2026-08-11 18:54:13.379438,C0992,P028,5.0,425.7552683630401
ORD006485,2026-09-03 18:54:13.379438,C0574,P083,6.0,469.3983877298196
ORD006486,2026-04-16 18:54:13.379438,C0875,P092,7.0,392.3021069952983
ORD006487,2026-08-03 18:54:13.379438,C0511,P091,7.0,97.40834608965832
ORD006488,2026-07-15 18:54:13.379438,C0998,P077,9.0,94.36248141157438
ORD006489,2026-07-18 18:54:13.379438,C0644,P038,6.0,365.79496092690124
ORD006490,2026-07-31 18:54:13.379438,C0553,P043,8.0,226.0251318083447
ORD006491,2026-06-12 18:54:13.379438,C0201,P021,2.0,391.61388916081347
ORD006492,2026-07-11 18:54:13.379438,C0611,P091,8.0,46.98471550589644
ORD006493,2026-06-24 18:54:13.379438,C0823,P062,9.0,361.0538802521852
ORD006494,2026-06-17 18:54:13.379438,C0284,P046,4.0,217.8070189033986
ORD006495,2026-07-30 18:54:13.379438,C0357,P070,5.0,25.182596875746704
ORD006496,2026-06-26 18:54:13.379438,C0047,P038,5.0,277.1273985103316
ORD006497,2026-06-11 18:54:13.379438,C0137,P049,2.0,352.5275667343125
ORD006498,2026-06-01 18:54:13.379438,C0130,P075,5.0,268.83737679100636
ORD006499,2026-08-07 18:54:13.379438,C0195,P081,9.0,70.21117155010961
ORD006500,2026-07-23 18:54:13.379438,C0629,P039,4.0,409.79546914659363
ORD006501,2026-06-04 18:54:13.379438,C0364,P071,3.0,165.37156693765436
ORD006502,2026-08-25 18:54:13.379438,C0432,P030,7.0,461.51533554728445
ORD006503,2026-08-09 18:54:13.379438,C0069,P021,8.0,454.36897360804153
ORD006504,2026-07-17 18:54:13.379438,C0458,P001,6.0,108.17759831295798
ORD006505,2026-06-10 18:54:13.379438,C0540,P089,6.0,243.41903783203864
ORD006506,2026-04-18 18:54:13.379438,C0335,P032,5.0,77.30910671440544
ORD006507,2026-05-08 18:54:13.379438,C0526,P008,6.0,342.09602484075816
ORD006508,2026-04-17 18:54:13.379438,C0558,P069,9.0,427.439303062307
ORD006509,2026-09-27 18:54:13.379438,C0983,P030,2.0,327.70291408006744
ORD006510,2026-07-14 18:54:13.379438,C0909,P008,3.0,137.63267593429646
ORD006511,2026-07-12 18:54:13.379438,C0016,P019,1.0,47.39422494792581
ORD006512,2026-04-10 18:54:13.379438,C0990,P059,4.0,43.937633401823916
ORD006513,2026-05-03 18:54:13.379438,C0936,P055,2.0,309.3547596269155
ORD006514,2026-05-22 18:54:13.379438,C0456,P030,6.0,477.1310156213093
ORD006515,2026-08-25 18:54:13.379438,C0510,P079,1.0,350.6863070973924
ORD006516,2026-07-23 18:54:13.379438,C0209,P036,8.0,368.0068218890284
ORD006517,2026-09-29 18:54:13.379438,C0158,P055,6.0,171.35716446950258
ORD006518,2026-06-14 18:54:13.379438,C0337,P044,9.0,297.1588925925023
ORD006519,2026-06-22 18:54:13.379438,C0739,P027,6.0,165.13399331044886
ORD006520,2026-06-25 18:54:13.379438,C0961,P077,7.0,451.8162160572439
ORD006521,2026-05-15 18:54:13.379438,C0241,P078,5.0,74.93185102642529
ORD006522,2026-04-20 18:54:13.379438,C0058,P054,8.0,319.6920038602828
ORD006523,2026-09-23 18:54:13.379438,C0984,P048,8.0,368.1139694677381
ORD006524,2026-04-10 18:54:13.379438,C0816,P030,9.0,352.260151861107
ORD006525,2026-09-05 18:54:13.379438,C0305,P039,6.0,136.0851683926393
ORD006526,2026-04-13 18:54:13.379438,C0345,P013,1.0,248.1555494574055
ORD006527,2026-05-07 18:54:13.379438,C0642,P016,9.0,335.03994740672886
ORD006528,2026-05-09 18:54:13.379438,C0729,P044,3.0,466.16213479642056
ORD006529,2026-09-03 18:54:13.379438,C0014,P071,9.0,254.83339282649266
ORD006530,2026-04-09 18:54:13.379438,C0359,P027,7.0,157.24932250018205
ORD006531,2026-09-02 18:54:13.379438,C0377,P045,3.0,199.39525753563322
ORD006532,2026-08-27 18:54:13.379438,C0243,P035,9.0,275.24632377023306
ORD006533,2026-08-15 18:54:13.379438,C0993,P079,7.0,488.4158147967984
ORD006534,2026-05-02 18:54:13.379438,C0145,P028,7.0,317.8824872469618
ORD006535,2026-08-07 18:54:13.379438,C0891,P099,7.0,85.8207188930516
ORD006536,2026-09-03 18:54:13.379438,C0415,P007,2.0,423.140603235164
ORD006537,2026-06-23 18:54:13.379438,C0394,P062,4.0,98.90912665223807
ORD006538,2026-09-24 18:54:13.379438,C0838,P051,8.0,28.985637491559654
ORD006539,2026-09-02 18:54:13.379438,C0615,P046,2.0,59.10287751394602
ORD006540,2026-06-17 18:54:13.379438,C0729,P020,4.0,395.1996661499067
ORD006541,2026-04-29 18:54:13.379438,C0358,P096,8.0,451.9288807931806
ORD006542,2026-08-08 18:54:13.379438,C0933,P038,3.0,141.41959425174042
ORD006543,2026-07-27 18:54:13.379438,C0576,P061,6.0,254.07378767835607
ORD006544,2026-08-07 18:54:13.379438,C0158,P032,2.0,302.63927776641077
ORD006545,2026-05-01 18:54:13.379438,C0674,P026,8.0,215.15830387525713
ORD006546,2026-08-12 18:54:13.379438,C0018,P058,8.0,42.00876913900725
ORD006547,2026-06-17 18:54:13.379438,C0728,P039,1.0,37.75984195245562
ORD006548,2026-09-16 18:54:13.379438,C0831,P020,3.0,225.77118838949642
ORD006549,2026-06-20 18:54:13.379438,C0561,P082,2.0,400.9551490614052
ORD006550,2026-09-29 18:54:13.379438,C0568,P050,7.0,51.46857064259199
ORD006551,2026-07-02 18:54:13.379438,C0347,P079,7.0,110.78109977766249
ORD006552,2026-09-26 18:54:13.379438,C0058,P052,4.0,142.1862575743707
ORD006553,2026-04-24 18:54:13.379438,C0155,P086,8.0,283.9717491750509
ORD006554,2026-05-27 18:54:13.379438,C0567,P022,3.0,31.166052555632508
ORD006555,2026-07-15 18:54:13.379438,C0487,P053,9.0,431.42097584890115
ORD006556,2026-06-01 18:54:13.379438,C0853,P085,5.0,240.6560822995205
ORD006557,2026-06-14 18:54:13.379438,C0531,P066,2.0,247.76393176559137
ORD006558,2026-09-29 18:54:13.379438,C0487,P043,9.0,169.99431280404596
ORD006559,2026-04-23 18:54:13.379438,C0151,P082,1.0,113.88127236279914
ORD006560,2026-07-24 18:54:13.379438,C0359,P023,8.0,188.1978582272998
ORD006561,2026-06-01 18:54:13.379438,C0368,P077,6.0,457.5661040549212
ORD006562,2026-06-13 18:54:13.379438,C0620,P064,1.0,56.17310656623932
ORD006563,2026-08-18 18:54:13.379438,C0047,P009,4.0,39.75700866769485
ORD006564,2026-07-21 18:54:13.379438,C0207,P007,3.0,66.08119282940106
ORD006565,2026-08-10 18:54:13.379438,C0875,P041,7.0,390.7189921242006
ORD006566,2026-09-07 18:54:13.379438,C0450,P054,7.0,33.72405992654695
ORD006567,2026-05-29 18:54:13.379438,C0483,P065,6.0,173.25096639880985
ORD006568,2026-05-08 18:54:13.379438,C0947,P002,8.0,218.1809272288315
ORD006569,2026-08-04 18:54:13.379438,C0852,P004,7.0,258.4844376586307
ORD006570,2026-08-12 18:54:13.379438,C0924,P078,4.0,11.567633167144471
ORD006571,2026-07-16 18:54:13.379438,C0640,P032,7.0,248.51501043193514
ORD006572,2026-04-10 18:54:13.379438,C0697,P002,1.0,105.51293856103848
ORD006573,2026-04-30 18:54:13.379438,C0570,P064,3.0,57.95973143082345
ORD006574,2026-04-04 18:54:13.379438,C0143,P014,2.0,271.31517895521864
ORD006575,2026-09-22 18:54:13.379438,C0400,P020,7.0,374.6331063390193
ORD006576,2026-06-29 18:54:13.379438,C0097,P089,9.0,468.02727458347454
ORD006577,2026-05-14 18:54:13.379438,C0047,P049,5.0,457.2031567104472
ORD006578,2026-08-04 18:54:13.379438,C0191,P008,9.0,205.50834685756757
ORD006579,2026-06-17 18:54:13.379438,C0140,P092,8.0,354.98829792967774
ORD006580,2026-05-15 18:54:13.379438,C0615,P063,1.0,350.8539071952901
ORD006581,2026-07-29 18:54:13.379438,C0231,P046,2.0,211.9317737300208
ORD006582,2026-09-11 18:54:13.379438,C0939,P021,6.0,58.12309757018119
ORD006583,2026-09-28 18:54:13.379438,C0340,P087,5.0,197.18436848925668
ORD006584,2026-06-05 18:54:13.379438,C0925,P032,7.0,496.2553623974496
ORD006585,2026-09-15 18:54:13.379438,C0491,P008,9.0,281.96699333683625
ORD006586,2026-08-08 18:54:13.379438,C0049,P095,4.0,177.28159304297745
ORD006587,2026-09-26 18:54:13.379438,C0899,P016,8.0,374.4692406633234
ORD006588,2026-08-14 18:54:13.379438,C0624,P040,4.0,346.29963808417557
ORD006589,2026-05-21 18:54:13.379438,C0453,P027,3.0,293.6119569212006
ORD006590,2026-04-06 18:54:13.379438,C0316,P018,2.0,322.34197671785677
ORD006591,2026-07-28 18:54:13.379438,C0322,P035,8.0,296.6195759576795
ORD006592,2026-09-25 18:54:13.379438,C0087,P052,8.0,478.5757455751087
ORD006593,2026-07-11 18:54:13.379438,C0894,P015,3.0,259.4756268695942
ORD006594,2026-07-28 18:54:13.379438,C0474,P063,1.0,299.19354735600166
ORD006595,2026-04-17 18:54:13.379438,C0282,P053,6.0,241.11092444610617
ORD006596,2026-07-24 18:54:13.379438,C0839,P091,5.0,304.1088983130794
ORD006597,2026-06-03 18:54:13.379438,C0764,P081,8.0,446.5051844778381
ORD006598,2026-09-09 18:54:13.379438,C0074,P066,6.0,176.4797379393949
ORD006599,2026-07-07 18:54:13.379438,C0453,P031,4.0,252.99240587987381
ORD006600,2026-04-20 18:54:13.379438,C0047,P061,2.0,229.81936819942587
ORD006601,2026-08-05 18:54:13.379438,C0588,P064,8.0,205.0088679904537
ORD006602,2026-04-27 18:54:13.379438,C0096,P098,5.0,412.30824687672674
ORD006603,2026-07-28 18:54:13.379438,C0938,P034,8.0,123.65312907061193
ORD006604,2026-09-01 18:54:13.379438,C0031,P055,5.0,254.95982027569937
ORD006605,2026-06-24 18:54:13.379438,C0534,P059,6.0,463.0708626046842
ORD006606,2026-05-23 18:54:13.379438,C0017,P003,5.0,89.01486350692123
ORD006607,2026-06-21 18:54:13.379438,C0212,P017,3.0,12.275798387278822
ORD006608,2026-06-21 18:54:13.379438,C0660,P078,8.0,139.95954731182863
ORD006609,2026-06-12 18:54:13.379438,C0235,P078,3.0,461.93256635854993
ORD006610,2026-04-30 18:54:13.379438,C0392,P046,4.0,52.93599206571761
ORD006611,2026-04-18 18:54:13.379438,C0354,P038,6.0,77.16646641029776
ORD006612,2026-05-23 18:54:13.379438,C0305,P035,2.0,166.9664637595913
ORD006613,2026-05-09 18:54:13.379438,C0599,P001,7.0,387.1547793867771
ORD006614,2026-04-11 18:54:13.379438,C0550,P029,5.0,378.12757206203656
ORD006615,2026-06-21 18:54:13.379438,C0565,P004,5.0,52.66443993860793
ORD006616,2026-08-12 18:54:13.379438,C0540,P061,5.0,467.58272407789644
ORD006617,2026-05-20 18:54:13.379438,C0589,P097,2.0,127.02121684952287
ORD006618,2026-07-17 18:54:13.379438,C0925,P017,9.0,147.51202481872525
ORD006619,2026-07-10 18:54:13.379438,C0509,P028,3.0,199.34467884322774
ORD006620,2026-07-08 18:54:13.379438,C0712,P050,7.0,320.9014535203276
ORD006621,2026-09-10 18:54:13.379438,C0395,P090,5.0,265.44163142176143
ORD006622,2026-07-28 18:54:13.379438,C0431,P008,5.0,465.02130143251514
ORD006623,2026-04-16 18:54:13.379438,C0685,P034,4.0,286.6641212867848
ORD006624,2026-04-04 18:54:13.379438,C0786,P059,6.0,429.94814579873076
ORD006625,2026-05-07 18:54:13.379438,C0562,P018,7.0,48.31986193985909
ORD006626,2026-06-21 18:54:13.379438,C0857,P095,7.0,429.3919620759928
ORD006627,2026-06-20 18:54:13.379438,C0177,P059,8.0,106.87944436713235
ORD006628,2026-08-02 18:54:13.379438,C0406,P027,5.0,187.65180088815924
ORD006629,2026-07-05 18:54:13.379438,C0301,P016,7.0,166.74445103183925
ORD006630,2026-07-10 18:54:13.379438,C0445,P010,4.0,175.26794857931185
ORD006631,2026-06-24 18:54:13.379438,C0739,P076,9.0,460.1537399100238
ORD006632,2026-09-09 18:54:13.379438,C0127,P022,5.0,226.3809240317087
ORD006633,2026-09-03 18:54:13.379438,C0349,P016,3.0,141.30443280112752
ORD006634,2026-05-11 18:54:13.379438,C0021,P012,5.0,154.25698156633075
ORD006635,2026-04-17 18:54:13.379438,C0711,P075,9.0,403.63486240490784
ORD006636,2026-08-17 18:54:13.379438,C0701,P084,8.0,274.16600809120087
ORD006637,2026-07-03 18:54:13.379438,C0844,P051,1.0,230.25358834751788
ORD006638,2026-05-27 18:54:13.379438,C0420,P001,5.0,464.13880398325864
ORD006639,2026-08-11 18:54:13.379438,C0152,P027,6.0,465.70377330587394
ORD006640,2026-07-13 18:54:13.379438,C0160,P067,2.0,380.49793924895954
ORD006641,2026-07-01 18:54:13.379438,C0859,P012,6.0,263.82319184753646
ORD006642,2026-05-29 18:54:13.379438,C0480,P030,9.0,67.13970363140103
ORD006643,2026-07-06 18:54:13.379438,C0443,P009,4.0,356.89541912373124
ORD006644,2026-07-05 18:54:13.379438,C0096,P053,3.0,409.40504226722095
ORD006645,2026-06-26 18:54:13.379438,C0352,P061,9.0,427.5004170046569
ORD006646,2026-06-27 18:54:13.379438,C0986,P054,2.0,295.113984759483
ORD006647,2026-04-25 18:54:13.379438,C0075,P037,9.0,312.2511545491303
ORD006648,2026-05-08 18:54:13.379438,C0878,P065,2.0,357.5525613793527
ORD006649,2026-04-19 18:54:13.379438,C0594,P042,3.0,438.22514861860355
ORD006650,2026-05-23 18:54:13.379438,C0640,P049,7.0,32.25771505732848
ORD006651,2026-08-03 18:54:13.379438,C0359,P004,2.0,285.97875334737023
ORD006652,2026-08-09 18:54:13.379438,C0133,P064,1.0,190.85713681051516
ORD006653,2026-07-25 18:54:13.379438,C0400,P079,9.0,418.2480215273474
ORD006654,2026-09-21 18:54:13.379438,C0139,P051,6.0,75.5674593906469
ORD006655,2026-04-20 18:54:13.379438,C0246,P091,9.0,455.7536641392638
ORD006656,2026-06-22 18:54:13.379438,C0291,P072,3.0,70.76323974350973
ORD006657,2026-08-11 18:54:13.379438,C0112,P060,3.0,53.77008624401781
ORD006658,2026-08-13 18:54:13.379438,C0715,P087,3.0,179.7846053160992
ORD006659,2026-06-27 18:54:13.379438,C0170,P079,2.0,497.4148642168397
ORD006660,2026-09-17 18:54:13.379438,C0599,P091,6.0,320.56333356045405
ORD006661,2026-07-06 18:54:13.379438,C0631,P031,3.0,22.95489886226769
ORD006662,2026-08-15 18:54:13.379438,C0610,P072,5.0,132.13957536388688
ORD006663,2026-06-23 18:54:13.379438,C0240,P094,5.0,83.0910390073011
ORD006664,2026-06-11 18:54:13.379438,C0337,P058,3.0,10.492078132649983
ORD006665,2026-06-11 18:54:13.379438,C0138,P082,3.0,262.3209777965449
ORD006666,2026-08-29 18:54:13.379438,C0594,P004,1.0,196.74275874880723
ORD006667,2026-04-19 18:54:13.379438,C0236,P022,6.0,310.507318746074
ORD006668,2026-05-24 18:54:13.379438,C0648,P003,3.0,116.01847318541368
ORD006669,2026-07-17 18:54:13.379438,C0794,P079,1.0,417.21601242625326
ORD006670,2026-09-15 18:54:13.379438,C0003,P099,9.0,197.74994652774063
ORD006671,2026-09-20 18:54:13.379438,C0571,P047,1.0,246.6233013926521
ORD006672,2026-06-08 18:54:13.379438,C0116,P038,5.0,368.9181100885178
ORD006673,2026-04-12 18:54:13.379438,C0472,P033,5.0,91.4209101946782
ORD006674,2026-07-19 18:54:13.379438,C0131,P078,2.0,138.54825666485377
ORD006675,2026-07-12 18:54:13.379438,C0934,P048,1.0,85.82847797290462
ORD006676,2026-06-28 18:54:13.379438,C0898,P065,6.0,386.3599903172238
ORD006677,2026-06-06 18:54:13.379438,C0483,P026,7.0,57.78568907078947
ORD006678,2026-04-25 18:54:13.379438,C0401,P008,9.0,249.61145160613145
ORD006679,2026-09-12 18:54:13.379438,C0201,P050,8.0,377.4557224594907
ORD006680,2026-09-07 18:54:13.379438,C0292,P080,3.0,258.8032997690035
ORD006681,2026-09-16 18:54:13.379438,C0342,P038,9.0,259.25167900751063
ORD006682,2026-07-22 18:54:13.379438,C0991,P010,1.0,41.20062643942562
ORD006683,2026-07-09 18:54:13.379438,C0610,P042,6.0,393.60199405468654
ORD006684,2026-04-21 18:54:13.379438,C0216,P037,2.0,305.9637678476188
ORD006685,2026-06-13 18:54:13.379438,C0636,P026,9.0,337.0814000784834
ORD006686,2026-08-08 18:54:13.379438,C0585,P092,9.0,385.24179562825896
ORD006687,2026-07-09 18:54:13.379438,C0366,P012,8.0,284.7027229164992
ORD006688,2026-04-04 18:54:13.379438,C0890,P084,7.0,259.2252681665645
ORD006689,2026-08-13 18:54:13.379438,C0642,P049,6.0,334.9509679119752
ORD006690,2026-04-07 18:54:13.379438,C0469,P014,2.0,451.00400304975705
ORD006691,2026-08-06 18:54:13.379438,C0418,P046,4.0,322.8636425804544
ORD006692,2026-06-24 18:54:13.379438,C0027,P035,7.0,396.27765787000334
ORD006693,2026-04-30 18:54:13.379438,C0677,P029,6.0,245.3331584104422
ORD006694,2026-09-21 18:54:13.379438,C0455,P012,9.0,298.8902508440711
ORD006695,2026-06-01 18:54:13.379438,C0918,P082,5.0,98.27332557603843
ORD006696,2026-05-05 18:54:13.379438,C0580,P044,6.0,249.37384250419666
ORD006697,2026-09-11 18:54:13.379438,C0014,P066,6.0,82.95605931605861
ORD006698,2026-05-01 18:54:13.379438,C0098,P002,8.0,238.8405086223929
ORD006699,2026-07-18 18:54:13.379438,C0279,P059,8.0,41.82632498712454
ORD006700,2026-07-17 18:54:13.379438,C0940,P017,6.0,292.3416147534336
ORD006701,2026-06-12 18:54:13.379438,C0490,P010,8.0,150.50036916715686
ORD006702,2026-06-04 18:54:13.379438,C0985,P018,7.0,422.40548345669055
ORD006703,2026-05-07 18:54:13.379438,C0961,P022,1.0,194.36922693730682
ORD006704,2026-06-29 18:54:13.379438,C0883,P083,5.0,459.7088929939438
ORD006705,2026-07-26 18:54:13.379438,C0759,P058,5.0,241.71494266824703
ORD006706,2026-07-18 18:54:13.379438,C0624,P053,9.0,425.9477781945394
ORD006707,2026-05-29 18:54:13.379438,C0207,P001,7.0,155.66301797544708
ORD006708,2026-07-25 18:54:13.379438,C0864,P088,7.0,231.28503785642303
ORD006709,2026-04-16 18:54:13.379438,C0846,P061,2.0,320.49610369540255
ORD006710,2026-04-21 18:54:13.379438,C0233,P089,8.0,136.7389361080521
ORD006711,2026-07-25 18:54:13.379438,C0573,P031,3.0,332.0908799737197
ORD006712,2026-09-21 18:54:13.379438,C0597,P031,9.0,151.415156844982
ORD006713,2026-05-12 18:54:13.379438,C0695,P066,6.0,247.3034097881229
ORD006714,2026-09-20 18:54:13.379438,C0239,P019,9.0,21.45120311936737
ORD006715,2026-06-21 18:54:13.379438,C0250,P053,9.0,48.309337870057405
ORD006716,2026-08-27 18:54:13.379438,C0583,P076,7.0,121.27958382019112
ORD006717,2026-09-01 18:54:13.379438,C0740,P074,8.0,405.1815713034885
ORD006718,2026-05-03 18:54:13.379438,C0597,P095,2.0,333.5882547912854
ORD006719,2026-07-10 18:54:13.379438,C0306,P022,5.0,447.7895822614968
ORD006720,2026-05-31 18:54:13.379438,C0908,P023,3.0,453.308351076441
ORD006721,2026-06-09 18:54:13.379438,C0463,P087,1.0,193.58898698306626
ORD006722,2026-06-13 18:54:13.379438,C0783,P015,6.0,190.09014402596384
ORD006723,2026-08-27 18:54:13.379438,C0913,P026,9.0,419.51409430338697
ORD006724,2026-07-18 18:54:13.379438,C0802,P003,2.0,218.95720233355038
ORD006725,2026-04-10 18:54:13.379438,C0236,P087,9.0,430.0286393805557
ORD006726,2026-05-13 18:54:13.379438,C0291,P020,8.0,257.90561961744226
ORD006727,2026-06-12 18:54:13.379438,C0039,P040,9.0,218.10943087515085
ORD006728,2026-06-10 18:54:13.379438,C0998,P039,5.0,146.7442499134395
ORD006729,2026-05-22 18:54:13.379438,C0718,P072,2.0,71.9785537836224
ORD006730,2026-05-25 18:54:13.379438,C0183,P018,6.0,267.69213066418666
ORD006731,2026-07-26 18:54:13.379438,C0699,P041,7.0,169.36030649251344
ORD006732,2026-07-19 18:54:13.379438,C0645,P070,3.0,132.22570877285347
ORD006733,2026-05-02 18:54:13.379438,C0030,P027,6.0,93.13348147968586
ORD006734,2026-08-30 18:54:13.379438,C0388,P015,6.0,200.42483937382528
ORD006735,2026-06-20 18:54:13.379438,C0767,P037,8.0,282.37765315666417
ORD006736,2026-04-12 18:54:13.379438,C0143,P058,1.0,420.1427224206302
ORD006737,2026-09-25 18:54:13.379438,C0615,P005,4.0,411.89310173391084
ORD006738,2026-06-18 18:54:13.379438,C0419,P073,1.0,428.9810763761287
ORD006739,2026-05-15 18:54:13.379438,C0074,P007,8.0,292.35447165825656
ORD006740,2026-09-29 18:54:13.379438,C0055,P041,2.0,284.17946429433323
ORD006741,2026-09-29 18:54:13.379438,C0962,P084,8.0,453.51941803102943
ORD006742,2026-08-09 18:54:13.379438,C0748,P010,3.0,151.38798707433673
ORD006743,2026-04-23 18:54:13.379438,C0572,P062,8.0,81.27077053104745
ORD006744,2026-09-05 18:54:13.379438,C0024,P026,6.0,50.55963840601178
ORD006745,2026-09-16 18:54:13.379438,C0988,P068,1.0,441.71187041973684
ORD006746,2026-06-14 18:54:13.379438,C0022,P024,7.0,192.16887577107127
ORD006747,2026-06-07 18:54:13.379438,C0428,P078,7.0,254.37587218623287
ORD006748,2026-07-25 18:54:13.379438,C0032,P041,6.0,403.49942264051424
ORD006749,2026-04-27 18:54:13.379438,C0863,P065,1.0,192.85234198551282
ORD006750,2026-08-09 18:54:13.379438,C0339,P017,5.0,435.297827790933
ORD006751,2026-09-25 18:54:13.379438,C0947,P024,1.0,167.63195615141575
ORD006752,2026-06-25 18:54:13.379438,C0981,P027,1.0,368.8672909054838
ORD006753,2026-06-05 18:54:13.379438,C0515,P007,6.0,337.0112698587834
ORD006754,2026-06-02 18:54:13.379438,C0512,P073,8.0,108.65959157674673
ORD006755,2026-07-11 18:54:13.379438,C0070,P099,1.0,71.00392460425446
ORD006756,2026-06-04 18:54:13.379438,C0672,P012,2.0,64.6617899557016
ORD006757,2026-05-03 18:54:13.379438,C0898,P085,5.0,328.9477794981411
ORD006758,2026-04-25 18:54:13.379438,C0088,P003,8.0,16.342442896295246
ORD006759,2026-08-07 18:54:13.379438,C0877,P079,4.0,333.7303511973004
ORD006760,2026-09-07 18:54:13.379438,C0571,P085,5.0,393.16322639768305
ORD006761,2026-09-19 18:54:13.379438,C0764,P010,5.0,158.23001315126635
ORD006762,2026-05-15 18:54:13.379438,C0219,P033,3.0,375.39324384771135
ORD006763,2026-07-10 18:54:13.379438,C0713,P046,6.0,91.03928163205155
ORD006764,2026-05-04 18:54:13.379438,C0589,P059,5.0,480.6405642385395
ORD006765,2026-09-08 18:54:13.379438,C0767,P052,2.0,123.71243235621655
ORD006766,2026-07-24 18:54:13.379438,C0759,P006,4.0,249.29887145518776
ORD006767,2026-08-27 18:54:13.379438,C0270,P002,4.0,490.4431912025193
ORD006768,2026-08-03 18:54:13.379438,C0819,P029,7.0,454.4976081266145
ORD006769,2026-04-20 18:54:13.379438,C0651,P040,7.0,333.1379272962254
ORD006770,2026-05-11 18:54:13.379438,C0078,P097,9.0,190.90445176127952
ORD006771,2026-08-23 18:54:13.379438,C0592,P061,2.0,353.0432847771061
ORD006772,2026-07-22 18:54:13.379438,C0010,P068,6.0,235.53404244052643
ORD006773,2026-04-25 18:54:13.379438,C0468,P068,2.0,63.331581164326984
ORD006774,2026-05-29 18:54:13.379438,C0336,P029,9.0,400.0290674916657
ORD006775,2026-07-31 18:54:13.379438,C0636,P062,2.0,437.08966536786716
ORD006776,2026-08-28 18:54:13.379438,C0186,P060,6.0,209.72739720273117
ORD006777,2026-05-30 18:54:13.379438,C0546,P084,8.0,336.20589202683186
ORD006778,2026-09-22 18:54:13.379438,C0121,P041,6.0,24.87769721136155
ORD006779,2026-05-08 18:54:13.379438,C0592,P087,3.0,106.65257157904149
ORD006780,2026-07-26 18:54:13.379438,C0718,P082,5.0,289.42932194338823
ORD006781,2026-08-06 18:54:13.379438,C0565,P089,4.0,144.30048552393802
ORD006782,2026-08-10 18:54:13.379438,C0668,P065,1.0,472.73815972745257
ORD006783,2026-05-25 18:54:13.379438,C0274,P064,5.0,420.1516226379148
ORD006784,2026-06-27 18:54:13.379438,C0410,P079,5.0,330.9530443780362
ORD006785,2026-09-15 18:54:13.379438,C0358,P063,7.0,499.43150576164805
ORD006786,2026-06-07 18:54:13.379438,C0647,P098,7.0,129.19146727239686
ORD006787,2026-09-29 18:54:13.379438,C0941,P048,2.0,460.37224835011205
ORD006788,2026-08-10 18:54:13.379438,C0098,P020,4.0,159.24098511490936
ORD006789,2026-04-24 18:54:13.379438,C0241,P037,1.0,302.3314288311811
ORD006790,2026-04-19 18:54:13.379438,C0557,P064,5.0,222.83993112264045
ORD006791,2026-08-04 18:54:13.379438,C0711,P091,5.0,227.17515113204263
ORD006792,2026-06-03 18:54:13.379438,C0993,P086,4.0,383.6299118270628
ORD006793,2026-05-27 18:54:13.379438,C0803,P005,7.0,180.2962757626107
ORD006794,2026-09-18 18:54:13.379438,C0948,P034,6.0,258.68890788607104
ORD006795,2026-04-29 18:54:13.379438,C0114,P039,3.0,113.7396646335762
ORD006796,2026-06-22 18:54:13.379438,C0487,P067,2.0,384.101064073319
ORD006797,2026-06-07 18:54:13.379438,C0789,P081,4.0,280.44645130366433
ORD006798,2026-07-12 18:54:13.379438,C0241,P062,9.0,134.98116265754794
ORD006799,2026-06-16 18:54:13.379438,C0156,P088,5.0,140.30818989320164
ORD006800,2026-09-21 18:54:13.379438,C0352,P024,1.0,153.83302221664906
ORD006801,2026-04-20 18:54:13.379438,C0044,P003,3.0,352.65305562293753
ORD006802,2026-08-02 18:54:13.379438,C0592,P071,9.0,301.59508098310374
ORD006803,2026-04-26 18:54:13.379438,C0312,P089,7.0,412.900373701552
ORD006804,2026-08-16 18:54:13.379438,C0138,P067,3.0,290.04965845963505
ORD006805,2026-09-22 18:54:13.379438,C0663,P079,1.0,160.26016207112485
ORD006806,2026-06-13 18:54:13.379438,C0944,P093,4.0,481.8063989767084
ORD006807,2026-07-20 18:54:13.379438,C0436,P050,9.0,444.1910579484821
ORD006808,2026-06-21 18:54:13.379438,C0754,P029,7.0,146.62248508200392
ORD006809,2026-09-12 18:54:13.379438,C0143,P074,5.0,457.21955286796793
ORD006810,2026-05-19 18:54:13.379438,C0823,P032,6.0,362.86092675953097
ORD006811,2026-06-20 18:54:13.379438,C0299,P087,1.0,213.19995751174645
ORD006812,2026-04-19 18:54:13.379438,C0562,P039,7.0,238.76964064196503
ORD006813,2026-06-13 18:54:13.379438,C0262,P009,5.0,228.72695573006976
ORD006814,2026-07-08 18:54:13.379438,C0512,P014,7.0,400.46310589087
ORD006815,2026-08-28 18:54:13.379438,C0673,P068,5.0,95.9970595404582
ORD006816,2026-04-05 18:54:13.379438,C0062,P064,5.0,38.74726699498348
ORD006817,2026-04-13 18:54:13.379438,C0567,P020,3.0,254.24437668413958
ORD006818,2026-09-28 18:54:13.379438,C0423,P028,5.0,152.30068800940012
ORD006819,2026-08-06 18:54:13.379438,C0396,P014,8.0,286.32291390931766
ORD006820,2026-06-23 18:54:13.379438,C0884,P044,8.0,489.3154867786789
ORD006821,2026-08-21 18:54:13.379438,C0996,P098,2.0,339.01175682988014
ORD006822,2026-06-12 18:54:13.379438,C0031,P077,1.0,480.01698113889654
ORD006823,2026-08-31 18:54:13.379438,C0330,P095,2.0,368.7068090576587
ORD006824,2026-05-05 18:54:13.379438,C0949,P097,7.0,47.19836706402307
ORD006825,2026-07-17 18:54:13.379438,C0802,P039,3.0,445.7574269726482
ORD006826,2026-06-26 18:54:13.379438,C0169,P028,8.0,107.4706024979897
ORD006827,2026-08-10 18:54:13.379438,C0266,P064,4.0,433.7467761042879
ORD006828,2026-05-31 18:54:13.379438,C0308,P089,8.0,377.05086656775734
ORD006829,2026-08-27 18:54:13.379438,C0459,P032,2.0,420.92261282889086
ORD006830,2026-08-15 18:54:13.379438,C0185,P009,5.0,134.25441673638758
ORD006831,2026-05-18 18:54:13.379438,C0334,P028,6.0,405.62444049431315
ORD006832,2026-07-09 18:54:13.379438,C0515,P095,1.0,309.0725019081579
ORD006833,2026-04-26 18:54:13.379438,C0441,P017,1.0,50.11778260903592
ORD006834,2026-04-26 18:54:13.379438,C0673,P087,9.0,445.6746440517738
ORD006835,2026-09-04 18:54:13.379438,C0391,P077,5.0,439.6375196648489
ORD006836,2026-08-16 18:54:13.379438,C0772,P055,4.0,290.2756548482407
ORD006837,2026-06-21 18:54:13.379438,C0935,P010,1.0,231.7859125609739
ORD006838,2026-05-17 18:54:13.379438,C0560,P080,3.0,206.2680417926982
ORD006839,2026-04-30 18:54:13.379438,C0254,P006,4.0,305.34126861665084
ORD006840,2026-04-29 18:54:13.379438,C0586,P048,5.0,422.42848694987214
ORD006841,2026-07-09 18:54:13.379438,C0335,P075,5.0,287.30455327223956
ORD006842,2026-05-09 18:54:13.379438,C0400,P067,8.0,73.52938932238631
ORD006843,2026-07-21 18:54:13.379438,C0166,P092,3.0,160.02289935959828
ORD006844,2026-05-28 18:54:13.379438,C0260,P041,7.0,337.4409270972503
ORD006845,2026-06-11 18:54:13.379438,C0004,P079,6.0,326.94412892572626
ORD006846,2026-06-03 18:54:13.379438,C0888,P060,6.0,264.2600828107378
ORD006847,2026-08-11 18:54:13.379438,C0119,P077,9.0,127.8341932127389
ORD006848,2026-05-28 18:54:13.379438,C0996,P042,7.0,142.58405622263965
ORD006849,2026-08-03 18:54:13.379438,C0923,P081,7.0,247.28231289730948
ORD006850,2026-07-09 18:54:13.379438,C0470,P071,1.0,203.30316200401188
ORD006851,2026-06-22 18:54:13.379438,C0470,P028,1.0,164.80908400875495
ORD006852,2026-06-29 18:54:13.379438,C0785,P013,9.0,416.434480595832
ORD006853,2026-05-11 18:54:13.379438,C0493,P081,9.0,256.9691744039938
ORD006854,2026-07-31 18:54:13.379438,C0738,P015,3.0,256.50369065513155
ORD006855,2026-06-20 18:54:13.379438,C0864,P036,8.0,219.74740216987198
ORD006856,2026-09-07 18:54:13.379438,C0500,P092,9.0,343.6423793968356
ORD006857,2026-09-04 18:54:13.379438,C0070,P015,1.0,96.0683460444676
ORD006858,2026-05-08 18:54:13.379438,C0694,P075,3.0,472.35815409544017
ORD006859,2026-06-21 18:54:13.379438,C0865,P056,6.0,61.26020745417636
ORD006860,2026-06-09 18:54:13.379438,C0776,P095,4.0,358.0468893261516
ORD006861,2026-06-29 18:54:13.379438,C0370,P004,8.0,355.1083079250933
ORD006862,2026-09-07 18:54:13.379438,C0181,P099,9.0,65.82950750727332
ORD006863,2026-05-07 18:54:13.379438,C0996,P098,7.0,496.59094887606494
ORD006864,2026-07-09 18:54:13.379438,C0005,P052,1.0,26.813800237810195
ORD006865,2026-09-19 18:54:13.379438,C0197,P091,2.0,188.6980832214467
ORD006866,2026-09-19 18:54:13.379438,C0047,P010,1.0,218.1374230074591
ORD006867,2026-09-01 18:54:13.379438,C0970,P094,9.0,403.3750248971424
ORD006868,2026-06-13 18:54:13.379438,C0552,P045,4.0,24.610516739466043
ORD006869,2026-04-06 18:54:13.379438,C0634,P084,8.0,282.93987773196096
ORD006870,2026-05-31 18:54:13.379438,C0647,P029,5.0,109.9604988375818
ORD006871,2026-05-05 18:54:13.379438,C0140,P053,5.0,290.5684925397751
ORD006872,2026-05-04 18:54:13.379438,C0862,P029,5.0,326.7099762454996
ORD006873,2026-06-24 18:54:13.379438,C0665,P023,5.0,26.729147222424395
ORD006874,2026-05-16 18:54:13.379438,C0540,P057,3.0,43.05767562629513
ORD006875,2026-08-16 18:54:13.379438,C0427,P050,6.0,51.75995841935669
ORD006876,2026-07-17 18:54:13.379438,C0589,P021,1.0,427.61594798517956
ORD006877,2026-04-04 18:54:13.379438,C0687,P043,8.0,464.06691493853776
ORD006878,2026-06-03 18:54:13.379438,C0561,P010,4.0,224.48410954154707
ORD006879,2026-04-17 18:54:13.379438,C0854,P076,6.0,438.6501837899646
ORD006880,2026-09-30 18:54:13.379438,C0310,P030,2.0,243.3429871396626
ORD006881,2026-04-09 18:54:13.379438,C0274,P051,2.0,206.5518842200186
ORD006882,2026-07-15 18:54:13.379438,C0539,P033,8.0,270.31002984704804
ORD006883,2026-04-13 18:54:13.379438,C0840,P018,1.0,397.19095296895335
ORD006884,2026-06-13 18:54:13.379438,C0390,P078,8.0,119.64526050476232
ORD006885,2026-07-02 18:54:13.379438,C0459,P022,1.0,157.84859099329185
ORD006886,2026-09-08 18:54:13.379438,C0733,P064,9.0,425.9484857653638
ORD006887,2026-08-30 18:54:13.379438,C0634,P021,1.0,458.82845599811674
ORD006888,2026-08-07 18:54:13.379438,C0361,P001,4.0,70.27483119787183
ORD006889,2026-07-09 18:54:13.379438,C0069,P015,9.0,355.41814954430635
ORD006890,2026-06-16 18:54:13.379438,C0583,P036,1.0,14.713892152855646
ORD006891,2026-07-27 18:54:13.379438,C0662,P047,9.0,130.63173521544735
ORD006892,2026-09-20 18:54:13.379438,C0699,P054,8.0,43.627640633222065
ORD006893,2026-05-24 18:54:13.379438,C0431,P086,5.0,262.5418084017906
ORD006894,2026-05-29 18:54:13.379438,C0885,P032,6.0,178.25802283258489
ORD006895,2026-05-14 18:54:13.379438,C0758,P058,5.0,77.41787686211248
ORD006896,2026-05-05 18:54:13.379438,C0708,P046,4.0,10.157205272091478
ORD006897,2026-04-18 18:54:13.379438,C0032,P054,4.0,200.30973480052432
ORD006898,2026-06-04 18:54:13.379438,C0979,P033,8.0,154.2911332245308
ORD006899,2026-09-05 18:54:13.379438,C0621,P039,8.0,32.87754938150201
ORD006900,2026-05-01 18:54:13.379438,C0865,P023,9.0,427.36676141440546
ORD006901,2026-06-06 18:54:13.379438,C0513,P043,3.0,211.28116548042667
ORD006902,2026-08-11 18:54:13.379438,C0182,P055,8.0,389.64436333269725
ORD006903,2026-08-08 18:54:13.379438,C0686,P002,3.0,216.80061201126583
ORD006904,2026-05-09 18:54:13.379438,C0681,P066,2.0,43.08250371895308
ORD006905,2026-07-26 18:54:13.379438,C0248,P038,2.0,203.18891851873386
ORD006906,2026-04-16 18:54:13.379438,C0620,P029,9.0,444.20488122114307
ORD006907,2026-04-18 18:54:13.379438,C0882,P067,4.0,13.808477318001758
ORD006908,2026-07-01 18:54:13.379438,C0297,P071,5.0,448.69867867816953
ORD006909,2026-04-25 18:54:13.379438,C0776,P036,2.0,331.79661924569103
ORD006910,2026-06-16 18:54:13.379438,C0928,P029,9.0,497.8604750750817
ORD006911,2026-04-28 18:54:13.379438,C0030,P037,7.0,458.89765069513516
ORD006912,2026-07-13 18:54:13.379438,C0302,P087,3.0,435.78666640188254
ORD006913,2026-09-26 18:54:13.379438,C0476,P045,6.0,28.379802397169065
ORD006914,2026-09-21 18:54:13.379438,C0873,P016,7.0,147.32147878965918
ORD006915,2026-07-29 18:54:13.379438,C0948,P031,6.0,193.62443597552166
ORD006916,2026-09-16 18:54:13.379438,C0352,P034,6.0,352.9130682926175
ORD006917,2026-05-14 18:54:13.379438,C0985,P050,8.0,327.83398792094863
ORD006918,2026-09-23 18:54:13.379438,C0482,P065,8.0,94.13095834714962
ORD006919,2026-06-30 18:54:13.379438,C0317,P082,5.0,371.0495199618185
ORD006920,2026-09-18 18:54:13.379438,C0737,P062,4.0,86.25771647239193
ORD006921,2026-07-22 18:54:13.379438,C0397,P043,5.0,233.6522649128379
ORD006922,2026-08-01 18:54:13.379438,C0089,P056,9.0,293.5823624351901
ORD006923,2026-07-09 18:54:13.379438,C0234,P015,6.0,436.6343777339595
ORD006924,2026-08-26 18:54:13.379438,C0168,P048,3.0,319.3477974511922
ORD006925,2026-05-30 18:54:13.379438,C0743,P049,3.0,477.87342533372595
ORD006926,2026-08-11 18:54:13.379438,C0126,P081,1.0,497.3018628808084
ORD006927,2026-07-08 18:54:13.379438,C0573,P044,5.0,259.32300199545074
ORD006928,2026-08-02 18:54:13.379438,C0120,P010,6.0,35.2251047895871
ORD006929,2026-06-04 18:54:13.379438,C0428,P020,8.0,23.876260959977742
ORD006930,2026-08-18 18:54:13.379438,C0190,P070,9.0,429.2675994652951
ORD006931,2026-06-10 18:54:13.379438,C0633,P008,7.0,254.92655875246635
ORD006932,2026-06-23 18:54:13.379438,C0428,P045,1.0,189.72890654719697
ORD006933,2026-04-20 18:54:13.379438,C0560,P034,7.0,149.38348448586962
ORD006934,2026-07-29 18:54:13.379438,C0202,P096,9.0,148.07692395241827
ORD006935,2026-05-23 18:54:13.379438,C0059,P051,4.0,45.68174395817839
ORD006936,2026-07-24 18:54:13.379438,C0697,P004,7.0,158.46648818039532
ORD006937,2026-07-06 18:54:13.379438,C0223,P039,9.0,325.95502753332335
ORD006938,2026-09-18 18:54:13.379438,C0492,P084,1.0,198.7528742419558
ORD006939,2026-06-27 18:54:13.379438,C0011,P024,9.0,474.4307277974488
ORD006940,2026-08-30 18:54:13.379438,C0793,P088,4.0,337.4035095344836
ORD006941,2026-08-27 18:54:13.379438,C0701,P055,8.0,433.3485624188574
ORD006942,2026-09-07 18:54:13.379438,C0512,P026,3.0,65.93854178319742
ORD006943,2026-09-02 18:54:13.379438,C0814,P025,2.0,230.75277615617875
ORD006944,2026-06-16 18:54:13.379438,C0310,P036,8.0,30.304931617251313
ORD006945,2026-07-21 18:54:13.379438,C0749,P071,8.0,448.5566138490707
ORD006946,2026-08-26 18:54:13.379438,C0034,P074,3.0,81.96561993991094
ORD006947,2026-04-21 18:54:13.379438,C0340,P058,8.0,404.6565238794397
ORD006948,2026-05-15 18:54:13.379438,C0647,P012,6.0,462.66742010318904
ORD006949,2026-07-13 18:54:13.379438,C0481,P001,9.0,226.52526912392986
ORD006950,2026-05-18 18:54:13.379438,C0574,P050,6.0,200.78684823791414
ORD006951,2026-06-24 18:54:13.379438,C0825,P025,8.0,304.05767218670724
ORD006952,2026-04-20 18:54:13.379438,C0739,P080,2.0,372.76170554817816
ORD006953,2026-06-15 18:54:13.379438,C0093,P005,1.0,326.3488479859968
ORD006954,2026-04-17 18:54:13.379438,C0628,P083,2.0,10.565788700350696
ORD006955,2026-09-27 18:54:13.379438,C0844,P068,4.0,395.1082876467525
ORD006956,2026-09-07 18:54:13.379438,C0133,P006,9.0,82.2201383115542
ORD006957,2026-08-13 18:54:13.379438,C0844,P026,7.0,230.34139237089443
ORD006958,2026-06-24 18:54:13.379438,C0989,P055,9.0,148.35477203059042
ORD006959,2026-08-29 18:54:13.379438,C0419,P039,9.0,464.67467187119814
ORD006960,2026-08-01 18:54:13.379438,C0468,P009,9.0,256.0330205033086
ORD006961,2026-08-01 18:54:13.379438,C0805,P045,8.0,265.85866314431445
ORD006962,2026-05-20 18:54:13.379438,C0444,P014,6.0,47.31199435101749
ORD006963,2026-07-19 18:54:13.379438,C0705,P055,7.0,449.70690046685746
ORD006964,2026-07-20 18:54:13.379438,C0912,P009,2.0,127.12347094617185
ORD006965,2026-04-12 18:54:13.379438,C0030,P015,1.0,212.83918570730808
ORD006966,2026-06-21 18:54:13.379438,C0969,P037,5.0,492.79433951864314
ORD006967,2026-09-05 18:54:13.379438,C0298,P050,8.0,65.80862660246603
ORD006968,2026-04-18 18:54:13.379438,C0061,P084,3.0,362.0786548533484
ORD006969,2026-04-22 18:54:13.379438,C0458,P072,7.0,137.46585837309382
ORD006970,2026-07-02 18:54:13.379438,C0973,P096,5.0,215.69714916321647
ORD006971,2026-09-30 18:54:13.379438,C0304,P021,8.0,214.9145347171398
ORD006972,2026-04-29 18:54:13.379438,C0958,P057,6.0,466.7941573901819
ORD006973,2026-09-04 18:54:13.379438,C0340,P019,6.0,15.077549344441975
ORD006974,2026-09-04 18:54:13.379438,C0861,P093,7.0,189.9299976521684
ORD006975,2026-09-24 18:54:13.379438,C0448,P058,7.0,427.6874528389029
ORD006976,2026-07-04 18:54:13.379438,C0953,P095,4.0,456.1509710333573
ORD006977,2026-09-27 18:54:13.379438,C0836,P006,8.0,162.54906531829076
ORD006978,2026-06-24 18:54:13.379438,C0302,P004,6.0,128.55778223916292
ORD006979,2026-08-12 18:54:13.379438,C0881,P043,8.0,236.02203936880667
ORD006980,2026-05-15 18:54:13.379438,C0540,P093,7.0,375.4613811136961
ORD006981,2026-04-22 18:54:13.379438,C0485,P042,1.0,85.47889922023958
ORD006982,2026-04-20 18:54:13.379438,C0077,P003,4.0,394.3887277697717
ORD006983,2026-09-11 18:54:13.379438,C0633,P001,7.0,261.2094894537298
ORD006984,2026-06-18 18:54:13.379438,C0515,P055,9.0,78.99471394577047
ORD006985,2026-09-27 18:54:13.379438,C0549,P015,2.0,339.1620872191263
ORD006986,2026-06-05 18:54:13.379438,C0944,P047,5.0,317.8183861140916
ORD006987,2026-08-12 18:54:13.379438,C0659,P085,9.0,314.95775143894497
ORD006988,2026-07-19 18:54:13.379438,C0092,P046,9.0,379.8454133095357
ORD006989,2026-05-22 18:54:13.379438,C0851,P058,6.0,98.79916501301315
ORD006990,2026-05-28 18:54:13.379438,C0785,P095,7.0,351.7737023438064
ORD006991,2026-09-04 18:54:13.379438,C0466,P071,9.0,444.7742350143813
ORD006992,2026-07-11 18:54:13.379438,C0466,P081,8.0,269.85253478717397
ORD006993,2026-05-25 18:54:13.379438,C0889,P083,6.0,248.15455224481335
ORD006994,2026-07-12 18:54:13.379438,C0599,P039,6.0,400.91618681522226
ORD006995,2026-07-29 18:54:13.379438,C0040,P003,7.0,81.6556428360384
ORD006996,2026-07-30 18:54:13.379438,C0690,P030,7.0,177.0282505988043
ORD006997,2026-04-10 18:54:13.379438,C0329,P035,2.0,428.3542762950223
ORD006998,2026-05-19 18:54:13.379438,C0285,P057,9.0,254.88940057921627
ORD006999,2026-05-19 18:54:13.379438,C0947,P029,4.0,421.81369575995853
ORD007000,2026-07-12 18:54:13.379438,C0554,P050,9.0,133.41534636236844
ORD007001,2026-08-25 18:54:13.379438,C0797,P062,3.0,200.89154673706057
ORD007002,2026-09-02 18:54:13.379438,C0066,P052,5.0,413.5731071539378
ORD007003,2026-05-27 18:54:13.379438,C0636,P014,5.0,90.11270026888161
ORD007004,2026-06-04 18:54:13.379438,C0657,P035,7.0,448.4410654409064
ORD007005,2026-08-10 18:54:13.379438,C0632,P028,4.0,161.83299200470677
ORD007006,2026-05-22 18:54:13.379438,C0109,P058,4.0,486.6214670085932
ORD007007,2026-04-28 18:54:13.379438,C0415,P030,1.0,415.58647017236314
ORD007008,2026-04-13 18:54:13.379438,C0092,P090,6.0,233.23675544916074
ORD007009,2026-07-30 18:54:13.379438,C0368,P007,4.0,373.6998755391446
ORD007010,2026-08-25 18:54:13.379438,C0820,P039,5.0,282.07849526447274
ORD007011,2026-09-07 18:54:13.379438,C0423,P095,9.0,428.09125887159894
ORD007012,2026-07-04 18:54:13.379438,C0572,P069,4.0,263.8733621489706
ORD007013,2026-08-15 18:54:13.379438,C0862,P035,1.0,494.1176831025278
ORD007014,2026-08-25 18:54:13.379438,C0739,P052,9.0,75.41840961451133
ORD007015,2026-08-29 18:54:13.379438,C0240,P014,5.0,341.4698317584726
ORD007016,2026-06-22 18:54:13.379438,C0435,P063,7.0,130.37022838865133
ORD007017,2026-06-13 18:54:13.379438,C0212,P036,3.0,103.70158365940986
ORD007018,2026-06-20 18:54:13.379438,C0400,P091,4.0,210.04286636422177
ORD007019,2026-05-16 18:54:13.379438,C0610,P024,9.0,190.05619384202464
ORD007020,2026-09-04 18:54:13.379438,C0526,P040,1.0,32.70429904617106
ORD007021,2026-07-02 18:54:13.379438,C0730,P029,5.0,219.5845758693264
ORD007022,2026-06-20 18:54:13.379438,C0468,P053,8.0,476.43995349268664
ORD007023,2026-09-11 18:54:13.379438,C0170,P022,7.0,238.7692123713674
ORD007024,2026-04-29 18:54:13.379438,C0819,P072,4.0,157.8894509203996
ORD007025,2026-08-02 18:54:13.379438,C0792,P015,7.0,475.0472388963272
ORD007026,2026-05-18 18:54:13.379438,C0875,P069,1.0,257.8040252348719
ORD007027,2026-06-05 18:54:13.379438,C0210,P064,6.0,150.68021103432412
ORD007028,2026-09-30 18:54:13.379438,C0256,P004,9.0,393.6648571974357
ORD007029,2026-06-10 18:54:13.379438,C0683,P075,3.0,119.57058497719741
ORD007030,2026-09-04 18:54:13.379438,C0073,P018,4.0,131.3970614117835
ORD007031,2026-04-05 18:54:13.379438,C0147,P042,8.0,168.92268017920463
ORD007032,2026-08-23 18:54:13.379438,C0340,P030,5.0,203.43652881002208
ORD007033,2026-07-20 18:54:13.379438,C0317,P015,5.0,295.61068538783684
ORD007034,2026-05-03 18:54:13.379438,C0618,P070,1.0,262.48948751620526
ORD007035,2026-05-22 18:54:13.379438,C0606,P055,6.0,374.4280864437845
ORD007036,2026-08-21 18:54:13.379438,C0575,P053,2.0,361.4137211627919
ORD007037,2026-05-17 18:54:13.379438,C0154,P016,1.0,32.32448183788557
ORD007038,2026-09-11 18:54:13.379438,C0255,P073,6.0,75.61313187977223
ORD007039,2026-04-16 18:54:13.379438,C0351,P034,5.0,115.44404156039968
ORD007040,2026-06-20 18:54:13.379438,C0547,P027,5.0,302.8552579980182
ORD007041,2026-08-07 18:54:13.379438,C0835,P013,9.0,448.6795319394064
ORD007042,2026-07-10 18:54:13.379438,C0312,P027,3.0,169.20424080358825
ORD007043,2026-04-29 18:54:13.379438,C0808,P073,1.0,482.23460072334115
ORD007044,2026-08-30 18:54:13.379438,C0765,P069,8.0,94.70167348787244
ORD007045,2026-09-06 18:54:13.379438,C0669,P086,5.0,463.11885789712517
ORD007046,2026-05-21 18:54:13.379438,C0134,P031,5.0,402.4910663635094
ORD007047,2026-09-18 18:54:13.379438,C0948,P003,8.0,200.626368709408
ORD007048,2026-06-08 18:54:13.379438,C0129,P030,8.0,111.09294854305527
ORD007049,2026-06-29 18:54:13.379438,C0436,P021,2.0,201.7335107748633
ORD007050,2026-06-21 18:54:13.379438,C0280,P099,3.0,114.73193681194074
ORD007051,2026-04-26 18:54:13.379438,C0358,P006,1.0,284.9643489785095
ORD007052,2026-06-23 18:54:13.379438,C0930,P092,3.0,291.66119320791404
ORD007053,2026-05-21 18:54:13.379438,C0883,P032,4.0,386.4127629326669
ORD007054,2026-08-05 18:54:13.379438,C0252,P042,7.0,268.65388117933486
ORD007055,2026-08-11 18:54:13.379438,C0135,P062,9.0,179.12165224538867
ORD007056,2026-06-26 18:54:13.379438,C0843,P089,5.0,456.6834911546389
ORD007057,2026-04-23 18:54:13.379438,C0523,P032,1.0,48.21929644286058
ORD007058,2026-05-19 18:54:13.379438,C0804,P099,2.0,406.3030282657908
ORD007059,2026-08-12 18:54:13.379438,C0660,P086,2.0,210.69156289497812
ORD007060,2026-04-15 18:54:13.379438,C0319,P088,9.0,98.73872648467257
ORD007061,2026-05-13 18:54:13.379438,C0080,P039,7.0,68.97430774105513
ORD007062,2026-06-08 18:54:13.379438,C0191,P064,2.0,118.1745604076739
ORD007063,2026-07-12 18:54:13.379438,C0453,P030,1.0,69.75835511353793
ORD007064,2026-06-20 18:54:13.379438,C0344,P063,5.0,234.87598191956292
ORD007065,2026-04-19 18:54:13.379438,C0030,P096,1.0,181.3479336513525
ORD007066,2026-06-25 18:54:13.379438,C0414,P031,9.0,184.72863194517208
ORD007067,2026-09-12 18:54:13.379438,C0871,P087,3.0,86.86546356780124
ORD007068,2026-05-17 18:54:13.379438,C0368,P040,2.0,333.2738516588362
ORD007069,2026-08-15 18:54:13.379438,C0741,P033,6.0,307.82059621441056
ORD007070,2026-07-12 18:54:13.379438,C0993,P063,3.0,491.32035091124385
ORD007071,2026-04-25 18:54:13.379438,C0596,P025,5.0,92.14567726177904
ORD007072,2026-04-21 18:54:13.379438,C0502,P036,8.0,418.66756406160937
ORD007073,2026-04-15 18:54:13.379438,C0662,P024,2.0,26.597091290117373
ORD007074,2026-09-30 18:54:13.379438,C0873,P095,5.0,45.926365042200864
ORD007075,2026-08-04 18:54:13.379438,C0701,P058,8.0,327.54530788735536
ORD007076,2026-07-29 18:54:13.379438,C0021,P039,1.0,209.17013034866525
ORD007077,2026-05-24 18:54:13.379438,C0549,P046,4.0,122.9455320445416
ORD007078,2026-06-13 18:54:13.379438,C0246,P077,5.0,11.350690388796142
ORD007079,2026-05-21 18:54:13.379438,C0283,P010,3.0,334.9415062024938
ORD007080,2026-04-22 18:54:13.379438,C0614,P087,2.0,226.01579964636005
ORD007081,2026-04-09 18:54:13.379438,C0931,P082,3.0,93.68574051927621
ORD007082,2026-06-26 18:54:13.379438,C0806,P032,5.0,486.3897350686285
ORD007083,2026-09-05 18:54:13.379438,C0232,P097,7.0,181.91247341702726
ORD007084,2026-05-26 18:54:13.379438,C0316,P036,2.0,158.4992533776334
ORD007085,2026-07-19 18:54:13.379438,C0838,P028,-1.0,260.053967289024
ORD007086,2026-07-13 18:54:13.379438,C0800,P016,6.0,145.8313162971274
ORD007087,2026-05-21 18:54:13.379438,C0336,P016,7.0,143.65343987655123
ORD007088,2026-08-16 18:54:13.379438,C0988,P018,7.0,483.4804476148344
ORD007089,2026-06-11 18:54:13.379438,C0976,P008,9.0,137.96233467955102
ORD007090,2026-04-14 18:54:13.379438,C0411,P080,7.0,306.6787483041857
ORD007091,2026-08-24 18:54:13.379438,C0245,P075,6.0,28.348871732669203
ORD007092,2026-08-12 18:54:13.379438,C0387,P070,8.0,85.631131436782
ORD007093,2026-08-03 18:54:13.379438,C0689,P001,7.0,20.81930059787014
ORD007094,2026-06-11 18:54:13.379438,C0725,P062,6.0,271.8935859457277
ORD007095,2026-04-26 18:54:13.379438,C0358,P076,4.0,250.88721473162263
ORD007096,2026-05-10 18:54:13.379438,C0614,P038,7.0,172.15203208503218
ORD007097,2026-04-12 18:54:13.379438,C0798,P092,8.0,353.1378704637122
ORD007098,2026-04-18 18:54:13.379438,C0022,P045,8.0,316.6393803846203
ORD007099,2026-08-12 18:54:13.379438,C0019,P058,4.0,304.16744412954114
ORD007100,2026-07-05 18:54:13.379438,C0287,P081,9.0,174.76647592988363
ORD007101,2026-04-20 18:54:13.379438,C0276,P001,3.0,170.30140655186167
ORD007102,2026-09-04 18:54:13.379438,C0659,P032,9.0,437.98970797704305
ORD007103,2026-08-30 18:54:13.379438,C0898,P008,3.0,276.54273538165876
ORD007104,2026-06-14 18:54:13.379438,C0552,P040,7.0,143.3947531607269
ORD007105,2026-08-30 18:54:13.379438,C0679,P056,4.0,276.17816296677614
ORD007106,2026-08-02 18:54:13.379438,C0603,P063,5.0,140.7177019658399
ORD007107,2026-04-14 18:54:13.379438,C0072,P088,3.0,100.79652930158005
ORD007108,2026-09-16 18:54:13.379438,C0365,P074,2.0,148.26643712318364
ORD007109,2026-06-14 18:54:13.379438,C0950,P074,8.0,318.15731806203235
ORD007110,2026-07-18 18:54:13.379438,C0795,P036,7.0,262.76063507766094
ORD007111,2026-08-06 18:54:13.379438,C0335,P089,7.0,90.60517683357953
ORD007112,2026-05-08 18:54:13.379438,C0652,P057,8.0,454.87728284167383
ORD007113,2026-07-31 18:54:13.379438,C0751,P074,1.0,254.1650899684799
ORD007114,2026-04-17 18:54:13.379438,C0590,P083,8.0,398.9253704928817
ORD007115,2026-04-17 18:54:13.379438,C0199,P045,5.0,172.03732939377335
ORD007116,2026-04-13 18:54:13.379438,C0017,P079,8.0,479.20410590699055
ORD007117,2026-08-21 18:54:13.379438,C0218,P080,9.0,378.5256178779333
ORD007118,2026-05-11 18:54:13.379438,C0741,P002,2.0,232.7083666155813
ORD007119,2026-07-20 18:54:13.379438,C0852,P093,3.0,452.12348793308513
ORD007120,2026-07-31 18:54:13.379438,C0650,P068,6.0,361.5585754941406
ORD007121,2026-05-07 18:54:13.379438,C0147,P050,9.0,220.9588149137419
ORD007122,2026-09-19 18:54:13.379438,C0210,P029,8.0,487.3274337472053
ORD007123,2026-04-13 18:54:13.379438,C0670,P095,6.0,156.2862358780532
ORD007124,2026-08-03 18:54:13.379438,C0414,P081,5.0,135.71966849052797
ORD007125,2026-08-26 18:54:13.379438,C0665,P010,3.0,448.3815417513672
ORD007126,2026-08-26 18:54:13.379438,C0856,P027,4.0,356.6122019387484
ORD007127,2026-07-27 18:54:13.379438,C0330,P015,7.0,179.29980817104675
ORD007128,2026-04-04 18:54:13.379438,C0895,P060,7.0,123.58317320643089
ORD007129,2026-04-15 18:54:13.379438,C0962,P031,3.0,97.23876642622322
ORD007130,2026-07-15 18:54:13.379438,C0870,P021,4.0,163.61322135379234
ORD007131,2026-04-07 18:54:13.379438,C0352,P060,3.0,71.51459180931877
ORD007132,2026-09-20 18:54:13.379438,C0163,P058,2.0,81.22059158799304
ORD007133,2026-08-22 18:54:13.379438,C0819,P041,6.0,390.5459081283703
ORD007134,2026-07-10 18:54:13.379438,C0101,P046,7.0,41.24250432937818
ORD007135,2026-07-18 18:54:13.379438,C0327,P045,4.0,225.251257116262
ORD007136,2026-06-27 18:54:13.379438,C0327,P026,5.0,208.4494293411701
ORD007137,2026-08-02 18:54:13.379438,C0155,P051,8.0,480.49360902359786
ORD007138,2026-08-13 18:54:13.379438,C0010,P036,9.0,238.11541999247333
ORD007139,2026-06-24 18:54:13.379438,C0353,P052,7.0,88.81912890177172
ORD007140,2026-04-22 18:54:13.379438,C0939,P081,1.0,53.31830001449191
ORD007141,2026-08-11 18:54:13.379438,C0183,P051,3.0,368.8949172903623
ORD007142,2026-04-15 18:54:13.379438,C0455,P003,5.0,82.39085809571188
ORD007143,2026-06-23 18:54:13.379438,C0646,P014,3.0,469.6117231094691
ORD007144,2026-06-16 18:54:13.379438,C0006,P049,1.0,284.0145314624138
ORD007145,2026-07-10 18:54:13.379438,C0333,P077,2.0,206.83132765652687
ORD007146,2026-04-09 18:54:13.379438,C0944,P091,8.0,345.32301063719785
ORD007147,2026-08-17 18:54:13.379438,C0333,P001,7.0,107.47475727339595
ORD007148,2026-08-06 18:54:13.379438,C0258,P057,3.0,197.3061834874065
ORD007149,2026-05-24 18:54:13.379438,C0211,P017,4.0,26.372786488834954
ORD007150,2026-04-14 18:54:13.379438,C0051,P050,3.0,440.0623015064496
ORD007151,2026-08-08 18:54:13.379438,C0445,P098,4.0,218.37596581882062
ORD007152,2026-08-21 18:54:13.379438,C0659,P014,8.0,381.8243442871438
ORD007153,2026-06-15 18:54:13.379438,C0377,P059,9.0,459.2588523294654
ORD007154,2026-04-05 18:54:13.379438,C0640,P081,7.0,329.86863838546117
ORD007155,2026-04-11 18:54:13.379438,C0486,P003,9.0,194.11588330300393
ORD007156,2026-08-20 18:54:13.379438,C0770,P098,9.0,313.56895704619797
ORD007157,2026-08-05 18:54:13.379438,C0051,P040,7.0,186.56221344933425
ORD007158,2026-05-26 18:54:13.379438,C0154,P089,7.0,287.98384656375407
ORD007159,2026-04-13 18:54:13.379438,C0582,P066,8.0,221.7610086207701
ORD007160,2026-07-24 18:54:13.379438,C0788,P034,3.0,83.43552655326626
ORD007161,2026-04-11 18:54:13.379438,C0791,P090,8.0,392.249562224494
ORD007162,2026-05-09 18:54:13.379438,C0310,P095,1.0,253.24533756378682
ORD007163,2026-07-18 18:54:13.379438,C0399,P009,6.0,103.16990055225574
ORD007164,2026-04-17 18:54:13.379438,C0134,P094,2.0,446.996539854932
ORD007165,2026-06-28 18:54:13.379438,C0220,P084,7.0,428.0771746383855
ORD007166,2026-08-30 18:54:13.379438,C0163,P021,3.0,283.8248134668455
ORD007167,2026-05-23 18:54:13.379438,C0971,P093,5.0,485.45615169201085
ORD007168,2026-09-17 18:54:13.379438,C0648,P025,2.0,464.3134311209674
ORD007169,2026-04-23 18:54:13.379438,C0569,P044,1.0,449.53286057729207
ORD007170,2026-06-29 18:54:13.379438,C0502,P025,5.0,75.31297016688852
ORD007171,2026-08-16 18:54:13.379438,C0946,P009,9.0,154.36848666317803
ORD007172,2026-08-18 18:54:13.379438,C0689,P062,9.0,210.99320550181437
ORD007173,2026-08-10 18:54:13.379438,C0115,P026,7.0,417.63554311727637
ORD007174,2026-09-04 18:54:13.379438,C0499,P057,9.0,436.9055232363741
ORD007175,2026-09-16 18:54:13.379438,C0472,P037,4.0,378.2277461559644
ORD007176,2026-05-11 18:54:13.379438,C0149,P016,3.0,241.47565184676733
ORD007177,2026-05-17 18:54:13.379438,C0241,P037,4.0,89.33156392138162
ORD007178,2026-06-28 18:54:13.379438,C0123,P076,7.0,27.24613527228029
ORD007179,2026-05-17 18:54:13.379438,C0804,P024,8.0,352.6581540188953
ORD007180,2026-06-16 18:54:13.379438,C0839,P026,2.0,497.1354970502078
ORD007181,2026-07-31 18:54:13.379438,C0069,P020,5.0,179.28133844336
ORD007182,2026-08-03 18:54:13.379438,C0826,P009,5.0,288.6786323673974
ORD007183,2026-08-15 18:54:13.379438,C0063,P087,9.0,407.18511489727587
ORD007184,2026-08-26 18:54:13.379438,C0733,P029,3.0,101.37598362786606
ORD007185,2026-05-24 18:54:13.379438,C0016,P031,6.0,416.48293463522043
ORD007186,2026-05-11 18:54:13.379438,C0390,P019,5.0,316.41812464787773
ORD007187,2026-09-02 18:54:13.379438,C0590,P020,2.0,289.2256713716591
ORD007188,2026-05-24 18:54:13.379438,C0634,P087,2.0,383.51802475770324
ORD007189,2026-04-13 18:54:13.379438,C0948,P027,4.0,128.06478546347122
ORD007190,2026-08-01 18:54:13.379438,C0258,P094,4.0,311.2423979661924
ORD007191,2026-08-30 18:54:13.379438,C0217,P085,7.0,127.78436420456407
ORD007192,2026-06-12 18:54:13.379438,C0479,P044,1.0,97.9723499451451
ORD007193,2026-06-27 18:54:13.379438,C0114,P035,6.0,315.4437724598915
ORD007194,2026-05-30 18:54:13.379438,C0882,P071,9.0,141.9477397706519
ORD007195,2026-08-07 18:54:13.379438,C0973,P022,2.0,360.0457948585545
ORD007196,2026-05-12 18:54:13.379438,C0380,P074,5.0,262.0978653131936
ORD007197,2026-05-06 18:54:13.379438,C0658,P087,4.0,350.5273437813155
ORD007198,2026-04-21 18:54:13.379438,C0977,P015,4.0,446.8932370645374
ORD007199,2026-05-30 18:54:13.379438,C0237,P094,8.0,77.74056180556963
ORD007200,2026-07-08 18:54:13.379438,C0476,P098,6.0,42.701937464979366
ORD007201,2026-05-21 18:54:13.379438,C0972,P013,7.0,205.95928821940814
ORD007202,2026-05-15 18:54:13.379438,C0931,P004,9.0,361.18675906775024
ORD007203,2026-04-30 18:54:13.379438,C0598,P082,3.0,444.21422806386033
ORD007204,2026-06-16 18:54:13.379438,C0679,P056,2.0,27.0492583159524
ORD007205,2026-07-22 18:54:13.379438,C0129,P023,3.0,398.549496469505
ORD007206,2026-09-30 18:54:13.379438,C0510,P097,8.0,46.95439060349827
ORD007207,2026-09-20 18:54:13.379438,C0165,P098,9.0,294.4820810976079
ORD007208,2026-05-05 18:54:13.379438,C0277,P034,5.0,178.61040177751036
ORD007209,2026-04-29 18:54:13.379438,C0257,P099,8.0,18.650553234665153
ORD007210,2026-04-28 18:54:13.379438,C0132,P017,7.0,57.575787760793
ORD007211,2026-06-17 18:54:13.379438,C0992,P028,9.0,183.32584490848186
ORD007212,2026-04-26 18:54:13.379438,C0570,P014,4.0,477.33917166139236
ORD007213,2026-05-30 18:54:13.379438,C0257,P034,3.0,85.86771321165703
ORD007214,2026-09-30 18:54:13.379438,C0141,P075,9.0,143.26875925065883
ORD007215,2026-08-07 18:54:13.379438,C0686,P057,8.0,497.12520660588865
ORD007216,2026-06-29 18:54:13.379438,C0687,P077,7.0,245.5040346703457
ORD007217,2026-05-04 18:54:13.379438,C0209,P097,1.0,138.5001022722398
ORD007218,2026-06-06 18:54:13.379438,C0716,P055,2.0,311.810340061063
ORD007219,2026-05-06 18:54:13.379438,C0519,P066,9.0,223.65581117531386
ORD007220,2026-04-05 18:54:13.379438,C0051,P098,5.0,430.57098195956536
ORD007221,2026-04-21 18:54:13.379438,C0503,P093,1.0,13.909780250114194
ORD007222,2026-09-25 18:54:13.379438,C0259,P037,9.0,498.42053826360234
ORD007223,2026-09-11 18:54:13.379438,C0178,P068,1.0,42.49309626894755
ORD007224,2026-06-26 18:54:13.379438,C0922,P076,8.0,273.1906063301336
ORD007225,2026-05-08 18:54:13.379438,C0543,P026,5.0,351.7259950666398
ORD007226,2026-09-29 18:54:13.379438,C0356,P061,6.0,279.4167983655524
ORD007227,2026-07-26 18:54:13.379438,C0318,P092,1.0,157.37914196917217
ORD007228,2026-08-27 18:54:13.379438,C0666,P067,2.0,429.1620569010299
ORD007229,2026-07-22 18:54:13.379438,C0963,P084,7.0,220.90728506765456
ORD007230,2026-06-30 18:54:13.379438,C0364,P074,2.0,157.34365764691432
ORD007231,2026-06-14 18:54:13.379438,C0055,P052,5.0,386.4835135340283
ORD007232,2026-08-06 18:54:13.379438,C0156,P018,9.0,81.46937531725142
ORD007233,2026-05-03 18:54:13.379438,C0044,P053,5.0,110.45443382579914
ORD007234,2026-09-22 18:54:13.379438,C0593,P063,3.0,133.85718532803287
ORD007235,2026-05-26 18:54:13.379438,C0678,P053,6.0,223.09167898308633
ORD007236,2026-08-19 18:54:13.379438,C0542,P027,7.0,19.96479040966591
ORD007237,2026-06-29 18:54:13.379438,C0322,P031,8.0,495.97006953315
ORD007238,2026-09-30 18:54:13.379438,C0648,P091,3.0,304.0739669087234
ORD007239,2026-09-27 18:54:13.379438,C0014,P001,4.0,485.65252570326294
ORD007240,2026-08-20 18:54:13.379438,C0357,P006,4.0,405.6520998550375
ORD007241,2026-09-14 18:54:13.379438,C0483,P011,2.0,75.8118982716426
ORD007242,2026-09-11 18:54:13.379438,C0618,P034,7.0,112.4433470024028
ORD007243,2026-09-25 18:54:13.379438,C0359,P084,4.0,26.880146572843863
ORD007244,2026-04-16 18:54:13.379438,C0318,P063,4.0,418.55733395553995
ORD007245,2026-05-13 18:54:13.379438,C0075,P053,8.0,300.79423090644667
ORD007246,2026-07-01 18:54:13.379438,C0959,P085,6.0,115.38187461739709
ORD007247,2026-06-10 18:54:13.379438,C0591,P085,6.0,485.3415518447719
ORD007248,2026-05-15 18:54:13.379438,C0194,P018,9.0,371.0020977043312
ORD007249,2026-08-28 18:54:13.379438,C0997,P021,4.0,355.7042244613979
ORD007250,2026-07-06 18:54:13.379438,C0363,P019,9.0,140.82700902887655
ORD007251,2026-04-22 18:54:13.379438,C0096,P004,1.0,163.5530789747188
ORD007252,2026-04-26 18:54:13.379438,C0040,P077,9.0,337.30963240319676
ORD007253,2026-05-27 18:54:13.379438,C0768,P082,1.0,300.84030771545497
ORD007254,2026-06-07 18:54:13.379438,C0397,P029,7.0,327.16893613624467
ORD007255,2026-08-21 18:54:13.379438,C0107,P025,6.0,440.62316325165403
ORD007256,2026-04-27 18:54:13.379438,C0017,P056,7.0,88.59645235334226
ORD007257,2026-05-07 18:54:13.379438,C0527,P077,9.0,67.00337449188449
ORD007258,2026-05-26 18:54:13.379438,C0929,P063,4.0,286.67024791145246
ORD007259,2026-08-17 18:54:13.379438,C0784,P027,9.0,255.0763134441729
ORD007260,2026-04-21 18:54:13.379438,C0499,P060,3.0,207.4062447444791
ORD007261,2026-05-30 18:54:13.379438,C0525,P083,9.0,453.3092510825669
ORD007262,2026-07-24 18:54:13.379438,C0759,P049,1.0,283.6063256008855
ORD007263,2026-04-08 18:54:13.379438,C0726,P065,5.0,287.9531731885019
ORD007264,2026-09-04 18:54:13.379438,C0663,P038,5.0,189.55036542621212
ORD007265,2026-09-08 18:54:13.379438,C0804,P083,1.0,178.59519963993347
ORD007266,2026-04-16 18:54:13.379438,C0043,P052,1.0,493.9261781793416
ORD007267,2026-06-25 18:54:13.379438,C0946,P001,3.0,315.3056559236964
ORD007268,2026-05-02 18:54:13.379438,C0626,P040,9.0,414.3066815617588
ORD007269,2026-04-06 18:54:13.379438,C0842,P081,7.0,229.25449508646636
ORD007270,2026-07-02 18:54:13.379438,C0593,P021,6.0,104.00860947955178
ORD007271,2026-07-16 18:54:13.379438,C0350,P086,9.0,169.17208664667442
ORD007272,2026-08-04 18:54:13.379438,C0653,P015,4.0,179.60236089441509
ORD007273,2026-06-18 18:54:13.379438,C0030,P050,4.0,286.807137214969
ORD007274,2026-08-11 18:54:13.379438,C0441,P048,3.0,85.76168501273959
ORD007275,2026-07-20 18:54:13.379438,C0542,P032,5.0,199.6388793830296
ORD007276,2026-09-06 18:54:13.379438,C0455,P049,5.0,59.28281605425241
ORD007277,2026-06-24 18:54:13.379438,C0778,P068,7.0,253.29989036622683
ORD007278,2026-06-19 18:54:13.379438,C0611,P045,7.0,474.2379690959982
ORD007279,2026-04-05 18:54:13.379438,C0962,P032,6.0,176.0775006991259
ORD007280,2026-08-08 18:54:13.379438,C0094,P004,4.0,34.35910070938341
ORD007281,2026-08-16 18:54:13.379438,C0723,P065,7.0,308.29265481504876
ORD007282,2026-04-29 18:54:13.379438,C0295,P097,2.0,321.01753813036436
ORD007283,2026-06-30 18:54:13.379438,C0549,P071,9.0,244.98915742726024
ORD007284,2026-04-19 18:54:13.379438,C0899,P073,7.0,204.46119831322818
ORD007285,2026-09-01 18:54:13.379438,C0089,P065,2.0,447.40565428923367
ORD007286,2026-09-18 18:54:13.379438,C0930,P080,2.0,469.83421979943495
ORD007287,2026-06-15 18:54:13.379438,C0503,P018,6.0,339.84917552257116
ORD007288,2026-05-05 18:54:13.379438,C0767,P054,7.0,255.60023752124212
ORD007289,2026-04-18 18:54:13.379438,C0214,P047,9.0,43.09837402909109
ORD007290,2026-08-22 18:54:13.379438,C0422,P006,4.0,157.50869521939464
ORD007291,2026-04-08 18:54:13.379438,C0526,P066,8.0,149.6949548821102
ORD007292,2026-06-16 18:54:13.379438,C0192,P009,2.0,38.53882314891478
ORD007293,2026-05-25 18:54:13.379438,C0807,P068,6.0,423.2479173664946
ORD007294,2026-06-19 18:54:13.379438,C0694,P023,4.0,434.8533271166996
ORD007295,2026-09-19 18:54:13.379438,C0642,P043,8.0,457.06173288960247
ORD007296,2026-07-22 18:54:13.379438,C0224,P051,9.0,373.4865621736818
ORD007297,2026-09-28 18:54:13.379438,C0555,P072,2.0,358.1518453166615
ORD007298,2026-08-24 18:54:13.379438,C0693,P025,7.0,244.13498964626893
ORD007299,2026-07-18 18:54:13.379438,C0387,P080,7.0,430.12498944455103
ORD007300,2026-08-08 18:54:13.379438,C0681,P035,8.0,259.96593722838804
ORD007301,2026-04-10 18:54:13.379438,C0776,P017,5.0,24.52414328095874
ORD007302,2026-05-13 18:54:13.379438,C0474,P018,3.0,296.60608168557445
ORD007303,2026-09-06 18:54:13.379438,C0608,P027,1.0,201.32421966029182
ORD007304,2026-09-10 18:54:13.379438,C0203,P015,4.0,265.43599488533954
ORD007305,2026-07-11 18:54:13.379438,C0447,P081,3.0,225.94598712857325
ORD007306,2026-08-24 18:54:13.379438,C0833,P069,2.0,253.4311151145493
ORD007307,2026-06-27 18:54:13.379438,C0847,P080,6.0,63.20063614082311
ORD007308,2026-06-07 18:54:13.379438,C0900,P015,7.0,17.121268883726337
ORD007309,2026-08-13 18:54:13.379438,C0068,P042,7.0,176.69182730587227
ORD007310,2026-04-14 18:54:13.379438,C0092,P034,8.0,134.72404869558682
ORD007311,2026-07-20 18:54:13.379438,C0778,P048,2.0,132.5282802712561
ORD007312,2026-04-29 18:54:13.379438,C0843,P083,6.0,469.17665981924216
ORD007313,2026-09-15 18:54:13.379438,C0178,P008,6.0,411.30266882861116
ORD007314,2026-09-01 18:54:13.379438,C0663,P010,1.0,16.5517223998093
ORD007315,2026-06-27 18:54:13.379438,C0829,P005,2.0,14.272413099850883
ORD007316,2026-09-18 18:54:13.379438,C0559,P048,9.0,390.68096321141405
ORD007317,2026-09-01 18:54:13.379438,C0003,P026,8.0,492.5816845582335
ORD007318,2026-08-04 18:54:13.379438,C0999,P086,4.0,237.95111617799793
ORD007319,2026-08-25 18:54:13.379438,C0103,P023,6.0,222.2335847597041
ORD007320,2026-06-10 18:54:13.379438,C0273,P062,2.0,145.15401732222108
ORD007321,2026-07-16 18:54:13.379438,C0534,P013,5.0,336.6505330159081
ORD007322,2026-06-22 18:54:13.379438,C0116,P009,2.0,241.1082115237993
ORD007323,2026-09-09 18:54:13.379438,C0859,P020,5.0,92.08416723936098
ORD007324,2026-05-26 18:54:13.379438,C0912,P092,7.0,245.8735798145629
ORD007325,2026-07-18 18:54:13.379438,C0464,P057,7.0,194.4217957594038
ORD007326,2026-09-03 18:54:13.379438,C0104,P024,9.0,446.00489743699404
ORD007327,2026-05-17 18:54:13.379438,C0259,P033,3.0,388.077438955383
ORD007328,2026-08-21 18:54:13.379438,C0308,P020,4.0,353.6112467771628
ORD007329,2026-07-02 18:54:13.379438,C0367,P060,9.0,170.3085093443668
ORD007330,2026-07-13 18:54:13.379438,C0929,P048,8.0,78.41153716154574
ORD007331,2026-07-09 18:54:13.379438,C0810,P064,7.0,433.6927022389218
ORD007332,2026-04-12 18:54:13.379438,C0642,P030,8.0,177.94621936511288
ORD007333,2026-04-15 18:54:13.379438,C0807,P073,9.0,300.5487301939301
ORD007334,2026-06-11 18:54:13.379438,C0302,P017,4.0,299.50452827957605
ORD007335,2026-05-01 18:54:13.379438,C0560,P014,5.0,464.7460100037842
ORD007336,2026-05-29 18:54:13.379438,C0027,P019,9.0,94.14458047012276
ORD007337,2026-07-11 18:54:13.379438,C0508,P071,7.0,388.10627676311157
ORD007338,2026-07-22 18:54:13.379438,C0527,P059,4.0,236.66938299556796
ORD007339,2026-06-19 18:54:13.379438,C0775,P067,6.0,95.62848567787134
ORD007340,2026-07-15 18:54:13.379438,C0365,P097,1.0,419.4629175755343
ORD007341,2026-07-18 18:54:13.379438,C0953,P044,1.0,411.8681619097673
ORD007342,2026-07-21 18:54:13.379438,C0298,P032,9.0,29.689380824688605
ORD007343,2026-07-24 18:54:13.379438,C0777,P011,8.0,357.6256086037463
ORD007344,2026-05-31 18:54:13.379438,C0361,P002,1.0,85.22474422312456
ORD007345,2026-06-20 18:54:13.379438,C0646,P090,2.0,309.0765713970382
ORD007346,2026-06-17 18:54:13.379438,C0504,P068,4.0,325.46328939132974
ORD007347,2026-05-15 18:54:13.379438,C0953,P017,1.0,335.96982971259916
ORD007348,2026-09-16 18:54:13.379438,C0588,P081,2.0,68.84746259876275
ORD007349,2026-06-10 18:54:13.379438,C0030,P092,5.0,303.17479536225665
ORD007350,2026-05-06 18:54:13.379438,C0439,P094,8.0,58.93297361629027
ORD007351,2026-06-13 18:54:13.379438,C0340,P040,6.0,375.3215517090813
ORD007352,2026-05-29 18:54:13.379438,C0126,P087,6.0,41.234869971826555
ORD007353,2026-07-17 18:54:13.379438,C0596,P046,4.0,381.3274068726579
ORD007354,2026-07-13 18:54:13.379438,C0566,P088,2.0,442.91127800207875
ORD007355,2026-05-24 18:54:13.379438,C0366,P093,3.0,156.28540479898007
ORD007356,2026-06-16 18:54:13.379438,C0795,P004,6.0,391.3630725522787
ORD007357,2026-09-21 18:54:13.379438,C0852,P038,6.0,214.58539256316027
ORD007358,2026-08-02 18:54:13.379438,C0443,P063,5.0,400.879667331649
ORD007359,2026-08-24 18:54:13.379438,C0263,P029,6.0,346.26366113517497
ORD007360,2026-09-16 18:54:13.379438,C0936,P019,6.0,151.67885102960113
ORD007361,2026-08-24 18:54:13.379438,C0872,P091,1.0,104.92949284293962
ORD007362,2026-04-08 18:54:13.379438,C0222,P029,6.0,458.2236467044418
ORD007363,2026-06-25 18:54:13.379438,C0840,P035,5.0,421.09979360906993
ORD007364,2026-05-24 18:54:13.379438,C0002,P070,8.0,333.3519889944854
ORD007365,2026-04-13 18:54:13.379438,C0910,P023,9.0,181.19209291606433
ORD007366,2026-08-21 18:54:13.379438,C0394,P046,6.0,260.12509791132425
ORD007367,2026-04-07 18:54:13.379438,C0306,P044,4.0,283.35342413628257
ORD007368,2026-07-07 18:54:13.379438,C0146,P048,3.0,52.17427605471857
ORD007369,2026-08-27 18:54:13.379438,C0530,P052,1.0,486.39459422040443
ORD007370,2026-06-22 18:54:13.379438,C0528,P008,7.0,54.991412432836945
ORD007371,2026-05-09 18:54:13.379438,C0308,P055,5.0,363.6249930069132
ORD007372,2026-04-28 18:54:13.379438,C0965,P066,4.0,251.47281140748632
ORD007373,2026-07-10 18:54:13.379438,C0948,P077,9.0,382.34057784673945
ORD007374,2026-09-14 18:54:13.379438,C0671,P040,7.0,137.85585484553386
ORD007375,2026-07-13 18:54:13.379438,C0997,P085,8.0,203.60407427435493
ORD007376,2026-04-12 18:54:13.379438,C0340,P031,4.0,267.4957126145015
ORD007377,2026-06-03 18:54:13.379438,C0919,P048,8.0,69.15973581751452
ORD007378,2026-05-26 18:54:13.379438,C0352,P061,4.0,427.40031122742516
ORD007379,2026-08-27 18:54:13.379438,C0810,P052,1.0,495.85338614866146
ORD007380,2026-09-21 18:54:13.379438,C0209,P038,8.0,214.61790870811066
ORD007381,2026-09-13 18:54:13.379438,C0958,P091,1.0,194.6400480122531
ORD007382,2026-06-05 18:54:13.379438,C0205,P036,3.0,301.0995039472149
ORD007383,2026-08-02 18:54:13.379438,C0625,P087,7.0,347.44765349192704
ORD007384,2026-07-17 18:54:13.379438,C0690,P055,3.0,435.60244207802305
ORD007385,2026-04-07 18:54:13.379438,C0973,P085,8.0,192.71659163883643
ORD007386,2026-07-05 18:54:13.379438,C0721,P013,5.0,384.7653642837864
ORD007387,2026-09-19 18:54:13.379438,C0636,P037,3.0,127.6395450981188
ORD007388,2026-09-23 18:54:13.379438,C0015,P047,5.0,343.41951314120377
ORD007389,2026-09-28 18:54:13.379438,C0858,P090,5.0,238.70515795627082
ORD007390,2026-05-01 18:54:13.379438,C0428,P071,8.0,334.2234717284128
ORD007391,2026-09-20 18:54:13.379438,C0476,P022,9.0,196.10574148651207
ORD007392,2026-06-22 18:54:13.379438,C0298,P039,6.0,154.2262718648075
ORD007393,2026-06-18 18:54:13.379438,C0557,P087,3.0,248.13517261630767
ORD007394,2026-07-28 18:54:13.379438,C0094,P058,2.0,448.60033021435487
ORD007395,2026-06-11 18:54:13.379438,C0107,P030,3.0,340.6775021012046
ORD007396,2026-07-10 18:54:13.379438,C0419,P018,9.0,309.7120720018369
ORD007397,2026-04-04 18:54:13.379438,C0278,P018,7.0,362.73395989360904
ORD007398,2026-09-17 18:54:13.379438,C0128,P074,9.0,367.2647219831494
ORD007399,2026-07-08 18:54:13.379438,C0970,P039,6.0,154.4245937232708
ORD007400,2026-04-20 18:54:13.379438,C0459,P094,8.0,124.04143828202821
ORD007401,2026-07-24 18:54:13.379438,C0038,P026,9.0,259.47461472852666
ORD007402,2026-07-03 18:54:13.379438,C0609,P071,3.0,82.4399657589724
ORD007403,2026-06-30 18:54:13.379438,C0198,P007,7.0,242.62291388441633
ORD007404,2026-09-13 18:54:13.379438,C0704,P069,9.0,349.5921799942919
ORD007405,2026-09-24 18:54:13.379438,C0357,P065,2.0,13.630980545131823
ORD007406,2026-09-20 18:54:13.379438,C0007,P046,7.0,64.46225288665502
ORD007407,2026-09-17 18:54:13.379438,C0556,P018,5.0,481.45532234144986
ORD007408,2026-07-02 18:54:13.379438,C0332,P013,8.0,464.6915647076577
ORD007409,2026-05-22 18:54:13.379438,C0519,P025,4.0,214.77908860077363
ORD007410,2026-05-11 18:54:13.379438,C0194,P008,1.0,299.1160798714073
ORD007411,2026-09-01 18:54:13.379438,C0316,P074,8.0,86.09329385738191
ORD007412,2026-08-31 18:54:13.379438,C0001,P032,6.0,172.19587449754243
ORD007413,2026-08-13 18:54:13.379438,C0062,P017,8.0,398.53676748391104
ORD007414,2026-09-27 18:54:13.379438,C0343,P079,3.0,429.4236215234461
ORD007415,2026-06-01 18:54:13.379438,C0601,P079,8.0,208.59316178780776
ORD007416,2026-06-10 18:54:13.379438,C0018,P048,8.0,162.4158185785718
ORD007417,2026-08-11 18:54:13.379438,C0620,P063,1.0,344.02413017538015
ORD007418,2026-05-22 18:54:13.379438,C0647,P040,4.0,361.7725468319357
ORD007419,2026-08-07 18:54:13.379438,C0371,P084,7.0,492.06544379751557
ORD007420,2026-09-09 18:54:13.379438,C0822,P015,1.0,351.6911159426198
ORD007421,2026-07-23 18:54:13.379438,C0579,P099,3.0,127.68084874363056
ORD007422,2026-09-18 18:54:13.379438,C0605,P006,3.0,39.39244542481593
ORD007423,2026-05-21 18:54:13.379438,C0650,P094,6.0,136.22655022307924
ORD007424,2026-05-24 18:54:13.379438,C0701,P063,5.0,121.05978580738787
ORD007425,2026-05-16 18:54:13.379438,C0571,P008,7.0,55.48879797641111
ORD007426,2026-07-10 18:54:13.379438,C0699,P095,3.0,227.7499143467917
ORD007427,2026-09-27 18:54:13.379438,C0235,P032,1.0,151.1881704534574
ORD007428,2026-08-05 18:54:13.379438,C0069,P045,3.0,463.29437810951725
ORD007429,2026-06-22 18:54:13.379438,C0447,P052,8.0,207.9157768658173
ORD007430,2026-07-23 18:54:13.379438,C0610,P079,5.0,439.5421394089398
ORD007431,2026-08-24 18:54:13.379438,C0008,P082,3.0,160.29870958328834
ORD007432,2026-04-30 18:54:13.379438,C0462,P013,8.0,417.4303901226621
ORD007433,2026-09-08 18:54:13.379438,C0311,P024,6.0,232.71213124642424
ORD007434,2026-09-14 18:54:13.379438,C0134,P040,3.0,25.855517408848616
ORD007435,2026-07-25 18:54:13.379438,C0385,P014,5.0,248.60718076842045
ORD007436,2026-06-28 18:54:13.379438,C0056,P092,1.0,121.11641226018689
ORD007437,2026-07-26 18:54:13.379438,C0993,P075,6.0,160.64666196613368
ORD007438,2026-08-05 18:54:13.379438,C0360,P070,9.0,345.33512715658776
ORD007439,2026-05-22 18:54:13.379438,C0971,P062,7.0,269.45728169934966
ORD007440,2026-06-18 18:54:13.379438,C0114,P089,8.0,445.420124737074
ORD007441,2026-05-28 18:54:13.379438,C0088,P061,6.0,468.6177819280771
ORD007442,2026-05-29 18:54:13.379438,C0138,P001,5.0,348.5691162442356
ORD007443,2026-07-07 18:54:13.379438,C0108,P089,6.0,433.1323525536222
ORD007444,2026-05-17 18:54:13.379438,C0500,P066,7.0,105.58645209215919
ORD007445,2026-09-09 18:54:13.379438,C0535,P032,9.0,48.844494205027985
ORD007446,2026-06-29 18:54:13.379438,C0144,P013,8.0,173.15486311157673
ORD007447,2026-06-26 18:54:13.379438,C0869,P033,5.0,169.6009850942525
ORD007448,2026-09-01 18:54:13.379438,C0656,P032,7.0,335.8953337908983
ORD007449,2026-09-06 18:54:13.379438,C0056,P056,8.0,421.7762826825723
ORD007450,2026-04-19 18:54:13.379438,C0620,P024,1.0,155.4723481467592
ORD007451,2026-09-15 18:54:13.379438,C0863,P091,8.0,218.13877032167522
ORD007452,2026-08-30 18:54:13.379438,C0006,P004,7.0,61.42812668252417
ORD007453,2026-08-26 18:54:13.379438,C0542,P088,2.0,212.24306059190445
ORD007454,2026-05-10 18:54:13.379438,C0447,P023,2.0,115.06026558853435
ORD007455,2026-06-19 18:54:13.379438,C0997,P029,6.0,197.40313707561603
ORD007456,2026-08-28 18:54:13.379438,C0385,P098,3.0,140.5101573262643
ORD007457,2026-09-08 18:54:13.379438,C0307,P021,1.0,406.2774720439896
ORD007458,2026-05-18 18:54:13.379438,C0874,P030,8.0,11.990716968730812
ORD007459,2026-08-27 18:54:13.379438,C0857,P090,7.0,175.9670482566358
ORD007460,2026-06-04 18:54:13.379438,C0639,P020,4.0,484.925463839406
ORD007461,2026-09-14 18:54:13.379438,C0302,P016,1.0,342.7064214605749
ORD007462,2026-07-12 18:54:13.379438,C0633,P067,2.0,388.3619433153952
ORD007463,2026-05-25 18:54:13.379438,C0405,P049,9.0,431.3381439462805
ORD007464,2026-04-22 18:54:13.379438,C0611,P058,4.0,187.30360413867984
ORD007465,2026-07-21 18:54:13.379438,C0678,P044,3.0,42.31286392310593
ORD007466,2026-05-17 18:54:13.379438,C0837,P025,8.0,211.23807858909092
ORD007467,2026-04-10 18:54:13.379438,C0831,P023,4.0,329.82615652338524
ORD007468,2026-09-22 18:54:13.379438,C0753,P059,7.0,191.68787428734885
ORD007469,2026-07-29 18:54:13.379438,C0562,P001,5.0,229.67313050571536
ORD007470,2026-06-10 18:54:13.379438,C0780,P097,5.0,414.49695210666897
ORD007471,2026-05-07 18:54:13.379438,C0837,P015,6.0,27.75619111760233
ORD007472,2026-06-11 18:54:13.379438,C0510,P081,4.0,174.01330271947555
ORD007473,2026-05-28 18:54:13.379438,C0073,P098,2.0,249.32238366153064
ORD007474,2026-04-13 18:54:13.379438,C0812,P081,6.0,156.60164708477953
ORD007475,2026-05-15 18:54:13.379438,C0564,P052,5.0,228.45638128849512
ORD007476,2026-05-14 18:54:13.379438,C0265,P058,3.0,206.86452671169639
ORD007477,2026-08-03 18:54:13.379438,C0227,P041,4.0,462.7153821024173
ORD007478,2026-08-19 18:54:13.379438,C0193,P044,3.0,251.63004777184247
ORD007479,2026-04-13 18:54:13.379438,C0374,P004,3.0,243.3977594285213
ORD007480,2026-07-14 18:54:13.379438,C0751,P077,4.0,134.69916695865385
ORD007481,2026-08-09 18:54:13.379438,C0010,P068,2.0,32.6981842557729
ORD007482,2026-09-29 18:54:13.379438,C0302,P007,4.0,156.7442711931975
ORD007483,2026-08-30 18:54:13.379438,C0359,P046,2.0,23.332008205579918
ORD007484,2026-08-17 18:54:13.379438,C0740,P009,8.0,415.11938242314966
ORD007485,2026-07-04 18:54:13.379438,C0954,P087,5.0,110.10095540001541
ORD007486,2026-07-25 18:54:13.379438,C0805,P033,7.0,456.4848291841212
ORD007487,2026-06-20 18:54:13.379438,C0052,P033,4.0,444.0596626435753
ORD007488,2026-06-27 18:54:13.379438,C0752,P084,6.0,335.70097935481357
ORD007489,2026-05-03 18:54:13.379438,C0099,P004,4.0,432.64640386281303
ORD007490,2026-05-22 18:54:13.379438,C0593,P065,6.0,440.1783672184759
ORD007491,2026-04-12 18:54:13.379438,C0013,P034,1.0,390.40972779331304
ORD007492,2026-08-26 18:54:13.379438,C0390,P091,6.0,258.88468704011194
ORD007493,2026-06-11 18:54:13.379438,C0954,P085,6.0,475.5227731540894
ORD007494,2026-05-31 18:54:13.379438,C0357,P088,2.0,410.69311979869497
ORD007495,2026-06-04 18:54:13.379438,C0640,P079,9.0,72.22265433910655
ORD007496,2026-05-25 18:54:13.379438,C0816,P099,6.0,215.75506271840655
ORD007497,2026-05-13 18:54:13.379438,C0928,P064,7.0,274.4486815897203
ORD007498,2026-09-16 18:54:13.379438,C0011,P025,2.0,269.41310822262744
ORD007499,2026-09-21 18:54:13.379438,C0081,P055,2.0,195.97204863045937
ORD007500,2026-06-05 18:54:13.379438,C0261,P009,2.0,270.50372326055066
ORD007501,2026-08-28 18:54:13.379438,C0006,P017,9.0,55.56610146774454
ORD007502,2026-05-23 18:54:13.379438,C0458,P021,3.0,331.0638937393636
ORD007503,2026-09-11 18:54:13.379438,C0373,P060,4.0,253.89367527750116
ORD007504,2026-08-22 18:54:13.379438,C0481,P013,1.0,395.9499585737442
ORD007505,2026-06-20 18:54:13.379438,C0222,P003,1.0,349.7599702753588
ORD007506,2026-07-09 18:54:13.379438,C0917,P068,4.0,65.25719894594926
ORD007507,2026-05-16 18:54:13.379438,C0810,P004,2.0,181.84767786857287
ORD007508,2026-09-27 18:54:13.379438,C0081,P092,8.0,370.7608842640923
ORD007509,2026-05-09 18:54:13.379438,C0923,P007,4.0,175.07423440493574
ORD007510,2026-08-03 18:54:13.379438,C0515,P026,3.0,287.78150621355707
ORD007511,2026-07-20 18:54:13.379438,C0060,P075,3.0,481.02207773923755
ORD007512,2026-04-13 18:54:13.379438,C0221,P024,6.0,49.16109649363171
ORD007513,2026-07-07 18:54:13.379438,C0962,P010,6.0,103.24171079573912
ORD007514,2026-04-09 18:54:13.379438,C0349,P013,6.0,245.4986067922297
ORD007515,2026-05-30 18:54:13.379438,C0561,P044,6.0,371.8323908213693
ORD007516,2026-08-10 18:54:13.379438,C0228,P039,8.0,171.75455567790783
ORD007517,2026-06-13 18:54:13.379438,C0290,P019,8.0,67.55612670666346
ORD007518,2026-04-24 18:54:13.379438,C0293,P051,9.0,164.73015715896767
ORD007519,2026-07-04 18:54:13.379438,C0810,P019,1.0,325.7719523832017
ORD007520,2026-08-08 18:54:13.379438,C0193,P076,8.0,398.348416538106
ORD007521,2026-06-22 18:54:13.379438,C0956,P052,5.0,488.73631673038966
ORD007522,2026-05-29 18:54:13.379438,C0474,P086,3.0,383.0593921851659
ORD007523,2026-07-28 18:54:13.379438,C0257,P047,3.0,251.2067461380234
ORD007524,2026-08-29 18:54:13.379438,C0955,P030,6.0,153.38235737526605
ORD007525,2026-04-28 18:54:13.379438,C0506,P046,8.0,464.48302796034966
ORD007526,2026-09-06 18:54:13.379438,C0388,P076,2.0,271.7630587732302
ORD007527,2026-04-08 18:54:13.379438,C0615,P093,9.0,347.50886775069716
ORD007528,2026-08-01 18:54:13.379438,C0398,P021,5.0,241.49577513459388
ORD007529,2026-04-24 18:54:13.379438,C0366,P075,5.0,128.63246065767464
ORD007530,2026-04-21 18:54:13.379438,C0658,P048,1.0,277.9998391280845
ORD007531,2026-09-25 18:54:13.379438,C0290,P062,6.0,421.55305607702695
ORD007532,2026-05-30 18:54:13.379438,C0769,P058,5.0,197.827254679105
ORD007533,2026-07-05 18:54:13.379438,C0309,P018,7.0,337.6759863850478
ORD007534,2026-04-22 18:54:13.379438,C0278,P059,7.0,30.754515588144884
ORD007535,2026-08-09 18:54:13.379438,C0464,P091,4.0,468.90341288871406
ORD007536,2026-07-09 18:54:13.379438,C0189,P048,5.0,485.2664545376505
ORD007537,2026-08-12 18:54:13.379438,C0918,P063,8.0,199.28435582994928
ORD007538,2026-09-20 18:54:13.379438,C0178,P012,2.0,254.20811760554957
ORD007539,2026-04-24 18:54:13.379438,C0528,P087,1.0,88.68552394060829
ORD007540,2026-05-13 18:54:13.379438,C0924,P034,6.0,106.13639107533139
ORD007541,2026-06-09 18:54:13.379438,C0988,P061,4.0,305.013625493236
ORD007542,2026-09-03 18:54:13.379438,C0375,P087,3.0,317.2321873308771
ORD007543,2026-08-08 18:54:13.379438,C0598,P053,7.0,177.38739671823245
ORD007544,2026-05-28 18:54:13.379438,C0760,P025,8.0,193.27381211339377
ORD007545,2026-09-30 18:54:13.379438,C0454,P062,4.0,258.0519794727701
ORD007546,2026-09-22 18:54:13.379438,C0217,P004,6.0,470.4982806938092
ORD007547,2026-07-21 18:54:13.379438,C0042,P094,2.0,83.33175068161434
ORD007548,2026-07-10 18:54:13.379438,C0194,P094,8.0,280.2486275212565
ORD007549,2026-07-24 18:54:13.379438,C0327,P013,6.0,38.51120973446047
ORD007550,2026-07-27 18:54:13.379438,C0373,P042,9.0,234.5910579668079
ORD007551,2026-07-29 18:54:13.379438,C0465,P049,6.0,204.6339811036242
ORD007552,2026-06-29 18:54:13.379438,C0163,P078,6.0,90.45751148237491
ORD007553,2026-06-23 18:54:13.379438,C0276,P056,2.0,90.35781526872414
ORD007554,2026-06-08 18:54:13.379438,C0364,P047,5.0,230.5472350244415
ORD007555,2026-04-22 18:54:13.379438,C0642,P008,9.0,72.031503719287
ORD007556,2026-08-16 18:54:13.379438,C0775,P055,1.0,154.44140485505642
ORD007557,2026-07-30 18:54:13.379438,C0480,P088,4.0,44.89699268757851
ORD007558,2026-05-15 18:54:13.379438,C0689,P018,3.0,155.673924742965
ORD007559,2026-05-15 18:54:13.379438,C0979,P035,1.0,271.5093061173586
ORD007560,2026-06-01 18:54:13.379438,C0460,P089,,374.4967923543076
ORD007561,2026-04-23 18:54:13.379438,C0265,P081,1.0,416.89936292231715
ORD007562,2026-06-15 18:54:13.379438,C0539,P032,1.0,175.54282293287807
ORD007563,2026-04-20 18:54:13.379438,C0974,P024,2.0,470.0104744665631
ORD007564,2026-04-30 18:54:13.379438,C0386,P007,5.0,127.90614576252213
ORD007565,2026-09-25 18:54:13.379438,C0085,P013,2.0,49.482416617171886
ORD007566,2026-04-05 18:54:13.379438,C0708,P091,4.0,463.2547362215542
ORD007567,2026-06-05 18:54:13.379438,C0316,P069,9.0,274.5071758351916
ORD007568,2026-06-04 18:54:13.379438,C0243,P090,3.0,182.17585840875614
ORD007569,2026-07-12 18:54:13.379438,C0469,P042,2.0,450.07431969198825
ORD007570,2026-04-22 18:54:13.379438,C0880,P031,4.0,390.1154247849822
ORD007571,2026-04-20 18:54:13.379438,C0342,P074,9.0,417.89742106867607
ORD007572,2026-06-11 18:54:13.379438,C0177,P026,4.0,153.24829017938418
ORD007573,2026-09-17 18:54:13.379438,C0130,P086,5.0,438.0077623577161
ORD007574,2026-07-29 18:54:13.379438,C0657,P076,4.0,328.3885167289276
ORD007575,2026-06-23 18:54:13.379438,C0083,P032,8.0,371.62776974847804
ORD007576,2026-05-12 18:54:13.379438,C0360,P091,4.0,163.08686664385954
ORD007577,2026-05-09 18:54:13.379438,C0088,P097,2.0,130.05760255168957
ORD007578,2026-09-18 18:54:13.379438,C0532,P052,4.0,210.00894369510445
ORD007579,2026-09-23 18:54:13.379438,C0742,P020,2.0,291.85423682349045
ORD007580,2026-08-13 18:54:13.379438,C0972,P040,9.0,336.3335868342264
ORD007581,2026-09-03 18:54:13.379438,C0985,P059,8.0,254.0026303720951
ORD007582,2026-09-08 18:54:13.379438,C0638,P077,9.0,352.4434726799419
ORD007583,2026-05-02 18:54:13.379438,C0471,P014,4.0,357.0824708416144
ORD007584,2026-05-24 18:54:13.379438,C0498,P044,1.0,336.3765143440991
ORD007585,2026-09-02 18:54:13.379438,C0507,P086,3.0,133.03334928311054
ORD007586,2026-04-17 18:54:13.379438,C0354,P082,7.0,228.70095960187598
ORD007587,2026-06-11 18:54:13.379438,C0416,P048,1.0,385.21662372969735
ORD007588,2026-08-27 18:54:13.379438,C0051,P093,8.0,444.6111080870636
ORD007589,2026-09-20 18:54:13.379438,C0600,P043,9.0,255.57385286260467
ORD007590,2026-05-30 18:54:13.379438,C0682,P016,8.0,493.52746246066664
ORD007591,2026-04-15 18:54:13.379438,C0063,P035,5.0,95.60920115846915
ORD007592,2026-04-20 18:54:13.379438,C0089,P053,9.0,119.9457622759044
ORD007593,2026-05-03 18:54:13.379438,C0701,P034,4.0,235.76814028693747
ORD007594,2026-06-30 18:54:13.379438,C0190,P003,9.0,259.2828834935009
ORD007595,2026-07-11 18:54:13.379438,C0899,P068,1.0,217.9937847991103
ORD007596,2026-04-26 18:54:13.379438,C0601,P005,3.0,220.8945247601465
ORD007597,2026-08-10 18:54:13.379438,C0348,P010,4.0,248.75280561925968
ORD007598,2026-06-21 18:54:13.379438,C0844,P052,1.0,166.88152712224104
ORD007599,2026-05-05 18:54:13.379438,C0538,P029,6.0,74.16212468206999
ORD007600,2026-04-12 18:54:13.379438,C0176,P096,4.0,478.49324749057826
ORD007601,2026-04-18 18:54:13.379438,C0364,P031,4.0,399.5435948523635
ORD007602,2026-09-06 18:54:13.379438,C0776,P066,1.0,409.3025331748934
ORD007603,2026-09-02 18:54:13.379438,C0901,P076,5.0,188.82986138689492
ORD007604,2026-09-13 18:54:13.379438,C0907,P091,9.0,207.90331167093902
ORD007605,2026-04-30 18:54:13.379438,C0554,P069,6.0,468.5631981049287
ORD007606,2026-07-21 18:54:13.379438,C0483,P037,8.0,486.7275662133136
ORD007607,2026-06-18 18:54:13.379438,C0987,P027,4.0,471.884223686544
ORD007608,2026-08-29 18:54:13.379438,C0119,P087,9.0,324.87408921045954
ORD007609,2026-06-07 18:54:13.379438,C0169,P033,7.0,128.93080898187094
ORD007610,2026-09-27 18:54:13.379438,C0620,P068,7.0,306.43694153287186
ORD007611,2026-07-21 18:54:13.379438,C0998,P059,8.0,298.6524359285055
ORD007612,2026-08-10 18:54:13.379438,C0147,P064,2.0,455.0352285457535
ORD007613,2026-04-13 18:54:13.379438,C0688,P085,6.0,162.71761490700158
ORD007614,2026-05-20 18:54:13.379438,C0437,P088,7.0,108.33316575149018
ORD007615,2026-08-04 18:54:13.379438,C0439,P044,3.0,140.24543338505822
ORD007616,2026-06-01 18:54:13.379438,C0888,P095,8.0,129.14107106485457
ORD007617,2026-07-08 18:54:13.379438,C0189,P088,1.0,327.708365310206
ORD007618,2026-07-15 18:54:13.379438,C0160,P049,1.0,408.0921627703902
ORD007619,2026-08-05 18:54:13.379438,C0814,P053,3.0,190.3754887678847
ORD007620,2026-06-28 18:54:13.379438,C0860,P074,6.0,96.44233599046605
ORD007621,2026-08-27 18:54:13.379438,C0932,P049,7.0,178.1148921294998
ORD007622,2026-07-24 18:54:13.379438,C0402,P066,2.0,277.81360232006926
ORD007623,2026-09-24 18:54:13.379438,C0586,P095,6.0,335.59815851951424
ORD007624,2026-09-10 18:54:13.379438,C0864,P063,5.0,279.40134702880044
ORD007625,2026-04-30 18:54:13.379438,C0018,P025,6.0,135.79784294103135
ORD007626,2026-04-21 18:54:13.379438,C0140,P004,1.0,459.8292026142745
ORD007627,2026-09-17 18:54:13.379438,C0115,P051,7.0,224.5281762433931
ORD007628,2026-09-27 18:54:13.379438,C0328,P011,8.0,234.89528708326165
ORD007629,2026-06-24 18:54:13.379438,C0225,P017,7.0,484.01876045424535
ORD007630,2026-09-22 18:54:13.379438,C0558,P066,9.0,435.50005071771744
ORD007631,2026-06-14 18:54:13.379438,C0439,P070,1.0,405.0718939233461
ORD007632,2026-05-27 18:54:13.379438,C0550,P073,9.0,99.51859790481677
ORD007633,2026-09-12 18:54:13.379438,C0718,P069,3.0,420.66278125855644
ORD007634,2026-06-13 18:54:13.379438,C0386,P084,2.0,233.1012342052303
ORD007635,2026-09-14 18:54:13.379438,C0521,P029,6.0,112.60295303015972
ORD007636,2026-08-27 18:54:13.379438,C0253,P085,5.0,495.53216335157776
ORD007637,2026-05-11 18:54:13.379438,C0620,P073,4.0,94.30658756086888
ORD007638,2026-08-18 18:54:13.379438,C0901,P092,4.0,461.7494367274305
ORD007639,2026-09-29 18:54:13.379438,C0098,P072,8.0,10.258981627443314
ORD007640,2026-05-08 18:54:13.379438,C0787,P095,3.0,224.5798493129385
ORD007641,2026-06-24 18:54:13.379438,C0071,P020,1.0,24.649034022938153
ORD007642,2026-08-14 18:54:13.379438,C0551,P027,5.0,457.1015494344316
ORD007643,2026-08-23 18:54:13.379438,C0810,P008,8.0,71.68562593195067
ORD007644,2026-09-08 18:54:13.379438,C0913,P085,3.0,339.81825220558954
ORD007645,2026-04-07 18:54:13.379438,C0447,P061,2.0,319.29798388814817
ORD007646,2026-09-17 18:54:13.379438,C0090,P028,1.0,391.74352024679746
ORD007647,2026-09-03 18:54:13.379438,C0430,P087,4.0,375.97004619129484
ORD007648,2026-09-06 18:54:13.379438,C0219,P070,2.0,25.899940493064893
ORD007649,2026-08-31 18:54:13.379438,C0107,P003,8.0,200.31630720594526
ORD007650,2026-09-09 18:54:13.379438,C0476,P069,9.0,168.03630245308926
ORD007651,2026-04-26 18:54:13.379438,C0916,P073,1.0,486.71377915486516
ORD007652,2026-05-21 18:54:13.379438,C0454,P007,2.0,389.6976689632857
ORD007653,2026-08-29 18:54:13.379438,C0904,P060,6.0,356.9002853508616
ORD007654,2026-08-06 18:54:13.379438,C0608,P004,7.0,226.65858949195376
ORD007655,2026-09-16 18:54:13.379438,C0915,P005,2.0,446.5744830165326
ORD007656,2026-05-28 18:54:13.379438,C0544,P011,8.0,18.241630271477646
ORD007657,2026-06-10 18:54:13.379438,C0126,P015,9.0,121.93496015763039
ORD007658,2026-06-30 18:54:13.379438,C0147,P064,8.0,350.55627204654377
ORD007659,2026-04-04 18:54:13.379438,C0280,P098,9.0,259.1100471863753
ORD007660,2026-08-16 18:54:13.379438,C0024,P013,6.0,271.56556504749557
ORD007661,2026-07-07 18:54:13.379438,C0952,P007,7.0,214.00902032526145
ORD007662,2026-08-21 18:54:13.379438,C0721,P006,6.0,91.56455758417182
ORD007663,2026-07-18 18:54:13.379438,C0120,P056,7.0,91.44852652791454
ORD007664,2026-08-14 18:54:13.379438,C0786,P064,3.0,154.29579818788062
ORD007665,2026-07-20 18:54:13.379438,C0652,P050,4.0,239.47172450331075
ORD007666,2026-09-28 18:54:13.379438,C0297,P030,9.0,413.8216585799088
ORD007667,2026-05-15 18:54:13.379438,C0855,P022,3.0,228.94769060940442
ORD007668,2026-07-14 18:54:13.379438,C0944,P025,2.0,449.91970726296006
ORD007669,2026-08-05 18:54:13.379438,C0082,P028,7.0,69.05318442795334
ORD007670,2026-08-21 18:54:13.379438,C0448,P084,6.0,143.16875870251994
ORD007671,2026-07-15 18:54:13.379438,C0912,P039,3.0,44.556644260004425
ORD007672,2026-08-27 18:54:13.379438,C0720,P067,6.0,259.9125273450113
ORD007673,2026-06-16 18:54:13.379438,C0996,P005,7.0,54.11582464433088
ORD007674,2026-07-20 18:54:13.379438,C0919,P065,6.0,399.885230995715
ORD007675,2026-08-03 18:54:13.379438,C0470,P015,1.0,29.484216407036598
ORD007676,2026-04-20 18:54:13.379438,C0423,P090,1.0,242.94277865439656
ORD007677,2026-06-13 18:54:13.379438,C0545,P067,9.0,216.10110963772993
ORD007678,2026-06-04 18:54:13.379438,C0024,P040,6.0,109.09409990129129
ORD007679,2026-05-14 18:54:13.379438,C0061,P098,2.0,297.55835177207547
ORD007680,2026-07-31 18:54:13.379438,C0823,P069,1.0,199.18818747033356
ORD007681,2026-09-12 18:54:13.379438,C0701,P095,2.0,107.00373740604192
ORD007682,2026-05-18 18:54:13.379438,C0084,P077,8.0,415.0157705028863
ORD007683,2026-05-31 18:54:13.379438,C0225,P043,5.0,333.74079067740195
ORD007684,2026-09-29 18:54:13.379438,C0991,P001,7.0,15.954896766236725
ORD007685,2026-08-07 18:54:13.379438,C0680,P022,7.0,255.91369449598022
ORD007686,2026-09-12 18:54:13.379438,C0186,P062,2.0,142.9402848405137
ORD007687,2026-05-17 18:54:13.379438,C0375,P079,4.0,458.40500904307714
ORD007688,2026-04-18 18:54:13.379438,C0072,P026,2.0,365.5346165346171
ORD007689,2026-06-20 18:54:13.379438,C0074,P018,7.0,309.6912015091163
ORD007690,2026-06-12 18:54:13.379438,C0897,P048,5.0,53.6364997726577
ORD007691,2026-09-28 18:54:13.379438,C0341,P009,1.0,466.0164982164716
ORD007692,2026-07-13 18:54:13.379438,C0153,P001,2.0,80.6586097501028
ORD007693,2026-09-10 18:54:13.379438,C0096,P009,6.0,230.8658538250686
ORD007694,2026-04-06 18:54:13.379438,C0565,P023,4.0,343.71036984592104
ORD007695,2026-06-28 18:54:13.379438,C0445,P045,7.0,252.43681599872704
ORD007696,2026-06-16 18:54:13.379438,C0686,P002,2.0,442.41031760496634
ORD007697,2026-05-24 18:54:13.379438,C0110,P014,2.0,419.31721842793553
ORD007698,2026-06-09 18:54:13.379438,C0458,P038,6.0,76.33024639745085
ORD007699,2026-06-18 18:54:13.379438,C0828,P040,8.0,312.64176748960335
ORD007700,2026-07-05 18:54:13.379438,C0051,P063,1.0,35.57954364115898
ORD007701,2026-09-26 18:54:13.379438,C0377,P082,5.0,363.08297799526457
ORD007702,2026-08-26 18:54:13.379438,C0765,P016,1.0,370.6502509365555
ORD007703,2026-04-10 18:54:13.379438,C0073,P093,-1.0,178.8006633253555
ORD007704,2026-04-16 18:54:13.379438,C0212,P075,7.0,395.43097050884916
ORD007705,2026-08-01 18:54:13.379438,C0432,P006,6.0,329.82420095130095
ORD007706,2026-06-08 18:54:13.379438,C0724,P003,9.0,256.9848568072568
ORD007707,2026-04-07 18:54:13.379438,C0763,P014,3.0,233.08355153506565
ORD007708,2026-08-19 18:54:13.379438,C0168,P066,8.0,63.47884739524196
ORD007709,2026-06-30 18:54:13.379438,C0775,P096,3.0,270.24094986519754
ORD007710,2026-04-20 18:54:13.379438,C0331,P095,7.0,86.48897642074691
ORD007711,2026-05-25 18:54:13.379438,C0981,P075,5.0,331.4549267033321
ORD007712,2026-08-15 18:54:13.379438,C0742,P086,1.0,301.4098434606043
ORD007713,2026-06-11 18:54:13.379438,C0751,P067,4.0,152.3601346239569
ORD007714,2026-08-18 18:54:13.379438,C0787,P031,9.0,131.0295490392896
ORD007715,2026-04-24 18:54:13.379438,C0494,P033,8.0,243.27062084435758
ORD007716,2026-04-27 18:54:13.379438,C0143,P088,3.0,261.1190778884086
ORD007717,2026-04-07 18:54:13.379438,C0582,P001,2.0,400.98340492951786
ORD007718,2026-09-02 18:54:13.379438,C0445,P044,9.0,158.93942003161365
ORD007719,2026-04-06 18:54:13.379438,C0824,P015,1.0,207.67709129240828
ORD007720,2026-06-10 18:54:13.379438,C0394,P037,9.0,178.21471653526675
ORD007721,2026-07-13 18:54:13.379438,C0512,P027,7.0,203.1172339039347
ORD007722,2026-09-18 18:54:13.379438,C0686,P048,2.0,287.8774522541727
ORD007723,2026-09-26 18:54:13.379438,C0848,P027,5.0,283.16085067873735
ORD007724,2026-05-27 18:54:13.379438,C0621,P012,2.0,187.05774407628294
ORD007725,2026-05-08 18:54:13.379438,C0715,P067,5.0,305.19328923794467
ORD007726,2026-05-29 18:54:13.379438,C0697,P030,7.0,311.8618943168588
ORD007727,2026-07-20 18:54:13.379438,C0803,P096,5.0,268.1799375548302
ORD007728,2026-05-13 18:54:13.379438,C0328,P087,2.0,231.65723657468516
ORD007729,2026-06-10 18:54:13.379438,C0604,P066,5.0,48.188941530613384
ORD007730,2026-05-19 18:54:13.379438,C0259,P007,6.0,275.221343288729
ORD007731,2026-06-20 18:54:13.379438,C0834,P034,5.0,359.2229953385746
ORD007732,2026-08-22 18:54:13.379438,C0437,P032,2.0,115.51030091585196
ORD007733,2026-09-05 18:54:13.379438,C0718,P039,6.0,391.1392313478914
ORD007734,2026-04-09 18:54:13.379438,C0564,P096,6.0,297.3508398323409
ORD007735,2026-04-20 18:54:13.379438,C0349,P043,2.0,126.38526965430532
ORD007736,2026-09-14 18:54:13.379438,C0693,P043,4.0,89.84612348841776
ORD007737,2026-07-11 18:54:13.379438,C0950,P078,7.0,130.24671113640966
ORD007738,2026-06-23 18:54:13.379438,C0815,P003,1.0,381.9521880127436
ORD007739,2026-04-05 18:54:13.379438,C0515,P046,1.0,132.7508184686165
ORD007740,2026-06-19 18:54:13.379438,C0449,P032,6.0,344.7796221139643
ORD007741,2026-09-30 18:54:13.379438,C0399,P043,7.0,277.4500967339247
ORD007742,2026-06-08 18:54:13.379438,C0596,P081,5.0,277.9543240017842
ORD007743,2026-05-25 18:54:13.379438,C0214,P003,8.0,427.77366766509624
ORD007744,2026-07-04 18:54:13.379438,C0546,P074,4.0,438.6162894602561
ORD007745,2026-09-21 18:54:13.379438,C0562,P063,3.0,273.08538580174263
ORD007746,2026-04-25 18:54:13.379438,C0289,P040,7.0,41.99238014055899
ORD007747,2026-07-23 18:54:13.379438,C0841,P018,4.0,88.98047202046567
ORD007748,2026-07-19 18:54:13.379438,C0259,P067,1.0,474.8470528807661
ORD007749,2026-06-09 18:54:13.379438,C0258,P062,8.0,75.99696756428078
ORD007750,2026-08-21 18:54:13.379438,C0388,P010,5.0,419.32236896872513
ORD007751,2026-06-11 18:54:13.379438,C0784,P052,8.0,274.799334700973
ORD007752,2026-06-26 18:54:13.379438,C0694,P073,8.0,65.86603248894016
ORD007753,2026-07-15 18:54:13.379438,C0545,P046,5.0,460.5568160396291
ORD007754,2026-05-12 18:54:13.379438,C0265,P055,8.0,464.77144099890165
ORD007755,2026-04-16 18:54:13.379438,C0313,P046,7.0,311.5271386645065
ORD007756,2026-05-14 18:54:13.379438,C0040,P075,3.0,200.5414217877299
ORD007757,2026-05-30 18:54:13.379438,C0998,P060,4.0,307.6744007884449
ORD007758,2026-04-15 18:54:13.379438,C0820,P097,7.0,317.6024663530941
ORD007759,2026-04-16 18:54:13.379438,C0210,P026,4.0,314.84774735930927
ORD007760,2026-08-01 18:54:13.379438,C0272,P027,6.0,369.37006919345265
ORD007761,2026-07-09 18:54:13.379438,C0136,P038,2.0,42.90078149348777
ORD007762,2026-05-30 18:54:13.379438,C0599,P022,2.0,60.23970714020713
ORD007763,2026-05-13 18:54:13.379438,C0060,P026,3.0,148.56148515175897
ORD007764,2026-07-30 18:54:13.379438,C0510,P086,7.0,181.34917717116733
ORD007765,2026-06-22 18:54:13.379438,C0676,P069,3.0,322.634932685186
ORD007766,2026-08-09 18:54:13.379438,C0515,P035,3.0,94.21877756363942
ORD007767,2026-09-23 18:54:13.379438,C0015,P066,4.0,275.1043359748424
ORD007768,2026-05-08 18:54:13.379438,C0614,P099,6.0,100.81636799555996
ORD007769,2026-04-06 18:54:13.379438,C0255,P073,1.0,184.18828797056202
ORD007770,2026-08-01 18:54:13.379438,C0737,P051,6.0,468.39453188323785
ORD007771,2026-04-08 18:54:13.379438,C0722,P018,8.0,448.89269935885085
ORD007772,2026-04-14 18:54:13.379438,C0535,P043,8.0,477.0209260001265
ORD007773,2026-08-07 18:54:13.379438,C0235,P012,6.0,299.7955357841843
ORD007774,2026-06-13 18:54:13.379438,C0131,P003,6.0,255.63710442144398
ORD007775,2026-07-29 18:54:13.379438,C0670,P082,3.0,425.96826496989286
ORD007776,2026-08-19 18:54:13.379438,C0685,P007,2.0,49.03579005116949
ORD007777,2026-07-18 18:54:13.379438,C0017,P097,7.0,489.4402287453555
ORD007778,2026-07-28 18:54:13.379438,C0882,P006,8.0,236.56245355633206
ORD007779,2026-09-12 18:54:13.379438,C0954,P082,6.0,341.1353110800791
ORD007780,2026-06-09 18:54:13.379438,C0826,P045,5.0,366.950258811211
ORD007781,2026-05-04 18:54:13.379438,C0992,P086,4.0,318.13152516118123
ORD007782,2026-06-17 18:54:13.379438,C0878,P039,1.0,446.8473280683518
ORD007783,2026-06-13 18:54:13.379438,C0185,P051,9.0,151.1990313948117
ORD007784,2026-06-08 18:54:13.379438,C0391,P009,4.0,270.83100515413287
ORD007785,2026-06-12 18:54:13.379438,C0423,P099,2.0,220.84961156044662
ORD007786,2026-05-14 18:54:13.379438,C0846,P023,4.0,355.02312394606054
ORD007787,2026-09-10 18:54:13.379438,C0442,P012,5.0,203.60643459080387
ORD007788,2026-04-23 18:54:13.379438,C0696,P088,2.0,447.5015163557549
ORD007789,2026-09-28 18:54:13.379438,C0655,P062,7.0,250.310766494143
ORD007790,2026-09-03 18:54:13.379438,C0556,P073,3.0,272.6439723820772
ORD007791,2026-08-21 18:54:13.379438,C0012,P077,8.0,251.762701244716
ORD007792,2026-05-12 18:54:13.379438,C0520,P040,4.0,315.09173645141584
ORD007793,2026-08-26 18:54:13.379438,C0080,P054,5.0,260.0967425896954
ORD007794,2026-05-18 18:54:13.379438,C0809,P081,3.0,469.3348683393153
ORD007795,2026-08-20 18:54:13.379438,C0674,P007,5.0,74.24997991805961
ORD007796,2026-06-12 18:54:13.379438,C0302,P017,9.0,16.57940094501759
ORD007797,2026-08-06 18:54:13.379438,C0216,P050,2.0,265.67530213066266
ORD007798,2026-09-01 18:54:13.379438,C0248,P024,7.0,384.66909884519106
ORD007799,2026-07-03 18:54:13.379438,C0541,P002,8.0,327.6159317779645
ORD007800,2026-06-12 18:54:13.379438,C0272,P099,3.0,481.7397342160782
ORD007801,2026-09-16 18:54:13.379438,C0133,P092,4.0,99.31573519307035
ORD007802,2026-08-11 18:54:13.379438,C0005,P083,2.0,350.05145788433583
ORD007803,2026-06-26 18:54:13.379438,C0756,P033,9.0,409.77524725293995
ORD007804,2026-07-01 18:54:13.379438,C0542,P021,3.0,456.91133978241015
ORD007805,2026-06-21 18:54:13.379438,C0629,P074,9.0,268.9902158376957
ORD007806,2026-07-25 18:54:13.379438,C0690,P053,7.0,187.92212040716333
ORD007807,2026-07-05 18:54:13.379438,C0773,P046,6.0,478.127004074397
ORD007808,2026-06-14 18:54:13.379438,C0747,P045,3.0,397.8208502002422
ORD007809,2026-09-15 18:54:13.379438,C0141,P009,7.0,240.71352806510114
ORD007810,2026-05-22 18:54:13.379438,C0483,P006,3.0,329.07136887414816
ORD007811,2026-05-25 18:54:13.379438,C0305,P051,6.0,146.50267149768277
ORD007812,2026-05-06 18:54:13.379438,C0345,P035,8.0,311.2725182265762
ORD007813,2026-04-25 18:54:13.379438,C0562,P082,5.0,274.6145551952148
ORD007814,2026-07-26 18:54:13.379438,C0270,P053,3.0,29.22040876629626
ORD007815,2026-08-14 18:54:13.379438,C0108,P019,6.0,434.2164378642353
ORD007816,2026-04-21 18:54:13.379438,C0558,P069,8.0,250.19420202218734
ORD007817,2026-09-16 18:54:13.379438,C0474,P025,3.0,245.0709214123491
ORD007818,2026-07-30 18:54:13.379438,C0082,P011,5.0,148.8806325878054
ORD007819,2026-07-29 18:54:13.379438,C0638,P074,9.0,106.22992438414552
ORD007820,2026-05-10 18:54:13.379438,C0084,P017,3.0,152.7721932497711
ORD007821,2026-06-06 18:54:13.379438,C0290,P036,2.0,328.4904457572594
ORD007822,2026-08-19 18:54:13.379438,C0071,P090,8.0,57.848123291216574
ORD007823,2026-06-21 18:54:13.379438,C0175,P095,7.0,173.1035432025571
ORD007824,2026-09-20 18:54:13.379438,C0828,P096,9.0,489.5827485701956
ORD007825,2026-08-04 18:54:13.379438,C0842,P021,4.0,143.04900208452787
ORD007826,2026-09-26 18:54:13.379438,C0463,P018,3.0,483.66095744928316
ORD007827,2026-05-17 18:54:13.379438,C0849,P060,5.0,61.35727617763277
ORD007828,2026-06-24 18:54:13.379438,C0395,P018,1.0,399.05272366119186
ORD007829,2026-06-29 18:54:13.379438,C0866,P001,5.0,225.47170424655772
ORD007830,2026-04-19 18:54:13.379438,C0091,P014,3.0,105.46029986537843
ORD007831,2026-05-27 18:54:13.379438,C0469,P008,1.0,395.83702040838426
ORD007832,2026-07-14 18:54:13.379438,C0863,P066,3.0,13.420587782073051
ORD007833,2026-09-13 18:54:13.379438,C0434,P051,5.0,180.09870137044928
ORD007834,2026-07-10 18:54:13.379438,C0249,P079,5.0,306.3800927629316
ORD007835,2026-09-06 18:54:13.379438,C0644,P060,8.0,123.17542045980419
ORD007836,2026-04-05 18:54:13.379438,C0681,P034,1.0,172.94136381333826
ORD007837,2026-07-06 18:54:13.379438,C0955,P036,7.0,54.812148444311774
ORD007838,2026-08-22 18:54:13.379438,C0572,P062,5.0,428.0740407049308
ORD007839,2026-09-19 18:54:13.379438,C0881,P001,3.0,216.8615089938974
ORD007840,2026-06-01 18:54:13.379438,C0849,P085,4.0,81.19461702261876
ORD007841,2026-06-11 18:54:13.379438,C0241,P042,3.0,107.55606558943909
ORD007842,2026-07-31 18:54:13.379438,C0702,P001,8.0,144.83178073402792
ORD007843,2026-07-04 18:54:13.379438,C0496,P096,4.0,122.43857297042655
ORD007844,2026-05-18 18:54:13.379438,C0340,P084,3.0,256.6202999376287
ORD007845,2026-08-29 18:54:13.379438,C0793,P054,2.0,453.5569034785657
ORD007846,2026-04-27 18:54:13.379438,C0744,P047,3.0,100.11839560032442
ORD007847,2026-07-03 18:54:13.379438,C0471,P039,7.0,232.18876691355356
ORD007848,2026-07-06 18:54:13.379438,C0463,P030,6.0,335.3254492607099
ORD007849,2026-05-31 18:54:13.379438,C0801,P007,5.0,100.05914276399679
ORD007850,2026-09-05 18:54:13.379438,C0275,P022,8.0,85.45613456672228
ORD007851,2026-09-04 18:54:13.379438,C0825,P050,1.0,86.12773730701939
ORD007852,2026-08-09 18:54:13.379438,C0015,P045,3.0,442.17214206756927
ORD007853,2026-04-10 18:54:13.379438,C0041,P074,2.0,358.5200641041133
ORD007854,2026-09-20 18:54:13.379438,C0965,P072,2.0,174.82070103529313
ORD007855,2026-05-20 18:54:13.379438,C0208,P091,1.0,452.2549971717677
ORD007856,2026-05-26 18:54:13.379438,C0060,P010,5.0,477.23739340414653
ORD007857,2026-05-11 18:54:13.379438,C0365,P014,5.0,205.15415784010835
ORD007858,2026-05-26 18:54:13.379438,C0240,P046,3.0,260.1193067527571
ORD007859,2026-08-24 18:54:13.379438,C0608,P075,9.0,185.46147536867213
ORD007860,2026-09-04 18:54:13.379438,C0790,P006,6.0,121.50235328626293
ORD007861,2026-05-21 18:54:13.379438,C0939,P021,6.0,392.2048447490579
ORD007862,2026-07-07 18:54:13.379438,C0160,P062,6.0,328.0407092634806
ORD007863,2026-08-28 18:54:13.379438,C0397,P097,2.0,189.77628980197238
ORD007864,2026-08-18 18:54:13.379438,C0934,P019,8.0,17.04619175719848
ORD007865,2026-06-06 18:54:13.379438,C0794,P088,6.0,384.19996371520193
ORD007866,2026-07-05 18:54:13.379438,C0500,P082,3.0,243.9120004336868
ORD007867,2026-08-06 18:54:13.379438,C0209,P099,9.0,45.81180940630669
ORD007868,2026-09-29 18:54:13.379438,C0133,P062,2.0,71.00616541019394
ORD007869,2026-05-12 18:54:13.379438,C0381,P083,7.0,317.9051576459347
ORD007870,2026-04-07 18:54:13.379438,C0433,P053,3.0,277.7028536893271
ORD007871,2026-08-07 18:54:13.379438,C0609,P024,6.0,127.8343516006523
ORD007872,2026-04-06 18:54:13.379438,C0731,P056,5.0,78.54085008482294
ORD007873,2026-06-06 18:54:13.379438,C0389,P062,6.0,443.51979574952736
ORD007874,2026-05-02 18:54:13.379438,C0997,P034,8.0,76.08478348791945
ORD007875,2026-07-28 18:54:13.379438,C0583,P022,3.0,51.98134589595139
ORD007876,2026-04-14 18:54:13.379438,C0432,P068,2.0,313.77151786881717
ORD007877,2026-07-09 18:54:13.379438,C0274,P057,8.0,133.75061851895185
ORD007878,2026-07-14 18:54:13.379438,C0351,P010,1.0,331.73399578551437
ORD007879,2026-09-05 18:54:13.379438,C0134,P066,2.0,249.65803777596784
ORD007880,2026-04-24 18:54:13.379438,C0066,P008,1.0,113.51173027569259
ORD007881,2026-05-12 18:54:13.379438,C0639,P097,5.0,44.122934071528135
ORD007882,2026-07-14 18:54:13.379438,C0205,P038,8.0,44.61892778230095
ORD007883,2026-05-19 18:54:13.379438,C0298,P062,2.0,297.07151975434573
ORD007884,2026-06-08 18:54:13.379438,C0117,P028,4.0,381.540161697998
ORD007885,2026-07-03 18:54:13.379438,C0948,P010,4.0,347.93329480225594
ORD007886,2026-09-14 18:54:13.379438,C0267,P045,7.0,300.49798718083747
ORD007887,2026-07-23 18:54:13.379438,C0794,P065,1.0,113.35479467633715
ORD007888,2026-06-24 18:54:13.379438,C0149,P098,9.0,432.2764128790126
ORD007889,2026-08-04 18:54:13.379438,C0194,P067,3.0,318.13441944135815
ORD007890,2026-07-11 18:54:13.379438,C0680,P009,6.0,350.15729338526546
ORD007891,2026-05-08 18:54:13.379438,C0824,P005,5.0,119.67722770119472
ORD007892,2026-09-09 18:54:13.379438,C0886,P010,4.0,138.13059174601472
ORD007893,2026-09-06 18:54:13.379438,C0179,P012,9.0,454.69928448588524
ORD007894,2026-07-15 18:54:13.379438,C0148,P082,9.0,243.27604965041013
ORD007895,2026-08-10 18:54:13.379438,C0465,P058,1.0,281.3828076744596
ORD007896,2026-04-28 18:54:13.379438,C0976,P021,7.0,64.2750904790079
ORD007897,2026-05-16 18:54:13.379438,C0569,P021,9.0,203.3412510423165
ORD007898,2026-06-26 18:54:13.379438,C0005,P065,5.0,444.6476562454329
ORD007899,2026-05-24 18:54:13.379438,C0526,P003,1.0,451.0739905338314
ORD007900,2026-08-11 18:54:13.379438,C0280,P069,8.0,367.7748179230501
ORD007901,2026-08-07 18:54:13.379438,C0499,P089,5.0,277.3624603810137
ORD007902,2026-06-11 18:54:13.379438,C0836,P064,6.0,466.1028979218654
ORD007903,2026-04-12 18:54:13.379438,C0436,P049,7.0,437.2020893337989
ORD007904,2026-04-05 18:54:13.379438,C0816,P072,7.0,424.7120898490845
ORD007905,2026-09-12 18:54:13.379438,C0216,P017,7.0,442.08555470332124
ORD007906,2026-09-09 18:54:13.379438,C0687,P073,1.0,232.08680970743868
ORD007907,2026-04-13 18:54:13.379438,C0828,P032,7.0,267.4900754084086
ORD007908,2026-07-26 18:54:13.379438,C0969,P070,3.0,217.76617461566985
ORD007909,2026-06-18 18:54:13.379438,C0515,P021,5.0,372.6328397201523
ORD007910,2026-09-14 18:54:13.379438,C0887,P007,5.0,300.0442941593516
ORD007911,2026-06-27 18:54:13.379438,C0137,P007,8.0,44.1519342104292
ORD007912,2026-05-22 18:54:13.379438,C0978,P027,7.0,76.93410507351646
ORD007913,2026-06-12 18:54:13.379438,C0612,P008,7.0,104.2389777412107
ORD007914,2026-09-27 18:54:13.379438,C0595,P073,6.0,338.5713798376352
ORD007915,2026-08-12 18:54:13.379438,C0280,P028,7.0,63.80450336142865
ORD007916,2026-08-14 18:54:13.379438,C0132,P079,7.0,275.0016738961303
ORD007917,2026-07-02 18:54:13.379438,C0393,P066,5.0,422.0091386287018
ORD007918,2026-04-29 18:54:13.379438,C0481,P071,5.0,474.28211644578437
ORD007919,2026-06-14 18:54:13.379438,C0513,P047,4.0,219.83375720750493
ORD007920,2026-04-08 18:54:13.379438,C0628,P082,4.0,271.38049193160396
ORD007921,2026-04-18 18:54:13.379438,C0419,P086,5.0,417.4487362598658
ORD007922,2026-08-04 18:54:13.379438,C0202,P010,9.0,468.5134765101054
ORD007923,2026-08-25 18:54:13.379438,C0652,P033,6.0,201.03209773938542
ORD007924,2026-04-04 18:54:13.379438,C0658,P007,8.0,182.99965400305376
ORD007925,2026-08-25 18:54:13.379438,C0462,P003,9.0,230.91387467618512
ORD007926,2026-09-15 18:54:13.379438,C0778,P014,4.0,134.36431284195703
ORD007927,2026-04-06 18:54:13.379438,C0202,P044,7.0,431.23551019337464
ORD007928,2026-09-30 18:54:13.379438,C0914,P046,5.0,165.9168865755265
ORD007929,2026-05-20 18:54:13.379438,C0152,P061,4.0,230.2340845305675
ORD007930,2026-07-07 18:54:13.379438,C0897,P036,7.0,166.7820009313696
ORD007931,2026-04-16 18:54:13.379438,C0222,P013,3.0,68.27131556316326
ORD007932,2026-08-01 18:54:13.379438,C0079,P016,1.0,307.25722098819574
ORD007933,2026-05-28 18:54:13.379438,C0200,P080,7.0,297.9291633232912
ORD007934,2026-08-30 18:54:13.379438,C0762,P005,9.0,154.50107026736057
ORD007935,2026-06-08 18:54:13.379438,C0099,P089,2.0,25.385102829781935
ORD007936,2026-09-05 18:54:13.379438,C0978,P038,7.0,469.0058593051014
ORD007937,2026-09-16 18:54:13.379438,C0912,P050,2.0,184.2181472298399
ORD007938,2026-07-02 18:54:13.379438,C0213,P038,3.0,273.989824918482
ORD007939,2026-06-04 18:54:13.379438,C0143,P056,3.0,80.43687798651771
ORD007940,2026-07-14 18:54:13.379438,C0702,P063,4.0,133.0723555132622
ORD007941,2026-09-24 18:54:13.379438,C0389,P048,6.0,223.27385889915618
ORD007942,2026-08-20 18:54:13.379438,C0813,P090,3.0,285.4997477758505
ORD007943,2026-04-11 18:54:13.379438,C0374,P059,9.0,428.46694214486575
ORD007944,2026-07-09 18:54:13.379438,C0052,P077,2.0,152.30249763076608
ORD007945,2026-07-29 18:54:13.379438,C0967,P044,7.0,437.1725773900186
ORD007946,2026-06-06 18:54:13.379438,C0624,P090,6.0,234.63749791804025
ORD007947,2026-04-24 18:54:13.379438,C0135,P055,2.0,222.01166545981553
ORD007948,2026-07-27 18:54:13.379438,C0411,P055,3.0,204.2432867978744
ORD007949,2026-06-27 18:54:13.379438,C0985,P001,6.0,444.2272870447345
ORD007950,2026-04-23 18:54:13.379438,C0470,P008,4.0,132.99840767770047
ORD007951,2026-04-11 18:54:13.379438,C0112,P004,1.0,430.1084443584153
ORD007952,2026-05-31 18:54:13.379438,C0525,P085,1.0,53.66070891869399
ORD007953,2026-05-19 18:54:13.379438,C0785,P086,3.0,478.110738050387
ORD007954,2026-05-04 18:54:13.379438,C0745,P053,8.0,256.4777203652433
ORD007955,2026-07-05 18:54:13.379438,C0044,P058,4.0,499.46355039691366
ORD007956,2026-04-12 18:54:13.379438,C0397,P037,1.0,307.887630650088
ORD007957,2026-04-18 18:54:13.379438,C0986,P049,8.0,67.62501510931125
ORD007958,2026-07-06 18:54:13.379438,C0585,P067,6.0,39.836926406952834
ORD007959,2026-09-04 18:54:13.379438,C0261,P019,1.0,104.77523136237053
ORD007960,2026-08-19 18:54:13.379438,C0743,P001,6.0,216.36297414295854
ORD007961,2026-05-02 18:54:13.379438,C0545,P029,1.0,376.12292721538483
ORD007962,2026-06-22 18:54:13.379438,C0388,P087,3.0,10.350249612984383
ORD007963,2026-05-09 18:54:13.379438,C0476,P033,2.0,136.09992129239254
ORD007964,2026-06-26 18:54:13.379438,C0410,P052,4.0,297.9092763434812
ORD007965,2026-07-21 18:54:13.379438,C0580,P041,2.0,155.96284797933137
ORD007966,2026-07-30 18:54:13.379438,C0016,P023,5.0,184.9023852630699
ORD007967,2026-05-10 18:54:13.379438,C0997,P005,4.0,157.37415073571523
ORD007968,2026-06-28 18:54:13.379438,C0662,P071,6.0,477.0596304275202
ORD007969,2026-06-13 18:54:13.379438,C0804,P057,7.0,42.25825659650421
ORD007970,2026-09-01 18:54:13.379438,C0102,P006,2.0,454.68050870667275
ORD007971,2026-09-19 18:54:13.379438,C0186,P049,2.0,168.3871959091774
ORD007972,2026-07-05 18:54:13.379438,C0951,P022,8.0,130.8078546362924
ORD007973,2026-06-22 18:54:13.379438,C0931,P077,9.0,442.80158195080077
ORD007974,2026-07-14 18:54:13.379438,C0025,P076,5.0,150.67136879783627
ORD007975,2026-09-06 18:54:13.379438,C0072,P004,7.0,493.86691965296916
ORD007976,2026-09-26 18:54:13.379438,C0593,P072,9.0,278.56298172440535
ORD007977,2026-09-16 18:54:13.379438,C0573,P064,1.0,243.4222666370394
ORD007978,2026-09-09 18:54:13.379438,C0018,P037,8.0,488.47867293158083
ORD007979,2026-04-17 18:54:13.379438,C0754,P031,9.0,121.11576549411349
ORD007980,2026-07-29 18:54:13.379438,C0570,P037,9.0,455.3949712546207
ORD007981,2026-06-15 18:54:13.379438,C0332,P045,7.0,299.8470561908698
ORD007982,2026-07-03 18:54:13.379438,C0889,P090,3.0,379.93417836984355
ORD007983,2026-07-02 18:54:13.379438,C0569,P008,5.0,295.19680584757305
ORD007984,2026-05-02 18:54:13.379438,C0097,P040,2.0,313.1377474896298
ORD007985,2026-09-29 18:54:13.379438,C0727,P097,3.0,85.91148447861727
ORD007986,2026-05-22 18:54:13.379438,C0831,P093,7.0,84.31468861026987
ORD007987,2026-09-21 18:54:13.379438,C0012,P005,1.0,204.60693188722237
ORD007988,2026-06-14 18:54:13.379438,C0011,P028,3.0,179.73072776677407
ORD007989,2026-08-14 18:54:13.379438,C0909,P081,5.0,358.9096194994617
ORD007990,2026-05-15 18:54:13.379438,C0163,P087,4.0,364.15258529953127
ORD007991,2026-08-16 18:54:13.379438,C0283,P009,3.0,286.2580994739729
ORD007992,2026-05-15 18:54:13.379438,C0729,P002,6.0,206.9845088270956
ORD007993,2026-09-14 18:54:13.379438,C0872,P063,6.0,341.63669798447694
ORD007994,2026-07-17 18:54:13.379438,C0835,P096,4.0,346.79931901484144
ORD007995,2026-04-30 18:54:13.379438,C0241,P051,9.0,406.4599531149963
ORD007996,2026-05-31 18:54:13.379438,C0857,P031,6.0,407.74779822346596
ORD007997,2026-05-19 18:54:13.379438,C0045,P007,9.0,44.08790993837554
ORD007998,2026-06-08 18:54:13.379438,C0970,P030,2.0,193.28516888967374
ORD007999,2026-04-28 18:54:13.379438,C0593,P058,6.0,215.76530623135696
ORD008000,2026-06-15 18:54:13.379438,C0255,P003,4.0,424.9932744870778
ORD008001,2026-07-29 18:54:13.379438,C0067,P051,2.0,255.88581556391514
ORD008002,2026-09-05 18:54:13.379438,C0918,P056,5.0,249.5148202533765
ORD008003,2026-08-10 18:54:13.379438,C0614,P073,3.0,281.3484019448739
ORD008004,2026-06-29 18:54:13.379438,C0974,P010,6.0,72.3349162621399
ORD008005,2026-06-16 18:54:13.379438,C0603,P061,8.0,286.9953310209029
ORD008006,2026-09-20 18:54:13.379438,C0042,P050,4.0,280.25815063472817
ORD008007,2026-09-30 18:54:13.379438,C0788,P047,4.0,379.6684731370408
ORD008008,2026-09-03 18:54:13.379438,C0816,P090,5.0,320.73506480934043
ORD008009,2026-08-06 18:54:13.379438,C0786,P001,6.0,477.9647165092935
ORD008010,2026-06-09 18:54:13.379438,C0384,P094,7.0,49.24967195464981
ORD008011,2026-04-09 18:54:13.379438,C0589,P057,6.0,388.1092733131275
ORD008012,2026-08-06 18:54:13.379438,C0234,P038,7.0,378.2361688342326
ORD008013,2026-05-31 18:54:13.379438,C0966,P062,9.0,141.9790171661695
ORD008014,2026-06-12 18:54:13.379438,C0714,P079,4.0,352.2896323961546
ORD008015,2026-05-26 18:54:13.379438,C0485,P089,1.0,333.06741142024345
ORD008016,2026-06-08 18:54:13.379438,C0733,P070,9.0,156.36587363660706
ORD008017,2026-05-31 18:54:13.379438,C0774,P082,7.0,364.65342689694114
ORD008018,2026-06-24 18:54:13.379438,C0039,P065,4.0,466.019647804996
ORD008019,2026-06-29 18:54:13.379438,C0011,P062,8.0,159.5573118837948
ORD008020,2026-04-05 18:54:13.379438,C0624,P056,7.0,490.2404882713232
ORD008021,2026-08-31 18:54:13.379438,C0409,P067,2.0,119.90052859928102
ORD008022,2026-05-10 18:54:13.379438,C0108,P017,1.0,75.97443797405312
ORD008023,2026-08-29 18:54:13.379438,C0094,P008,9.0,47.75467066535781
ORD008024,2026-07-15 18:54:13.379438,C0823,P060,7.0,114.70484450842265
ORD008025,2026-04-27 18:54:13.379438,C0084,P040,1.0,177.83069285821946
ORD008026,2026-07-24 18:54:13.379438,C0058,P081,4.0,369.24817109365057
ORD008027,2026-06-07 18:54:13.379438,C0293,P089,5.0,45.28537947481803
ORD008028,2026-08-10 18:54:13.379438,C0016,P062,5.0,258.5599292027402
ORD008029,2026-07-29 18:54:13.379438,C0991,P041,5.0,264.1839134485425
ORD008030,2026-07-28 18:54:13.379438,C0477,P012,3.0,121.69208772259208
ORD008031,2026-07-17 18:54:13.379438,C0838,P093,5.0,32.27376285993246
ORD008032,2026-04-06 18:54:13.379438,C0605,P089,4.0,120.30832082189454
ORD008033,2026-05-19 18:54:13.379438,C0992,P054,5.0,122.89086208512909
ORD008034,2026-05-28 18:54:13.379438,C0969,P089,7.0,347.13163883949477
ORD008035,2026-06-17 18:54:13.379438,C0165,P093,5.0,124.55193476843587
ORD008036,2026-05-18 18:54:13.379438,C0437,P011,8.0,176.72945445391886
ORD008037,2026-09-04 18:54:13.379438,C0727,P060,8.0,33.24068090829029
ORD008038,2026-06-19 18:54:13.379438,C0656,P068,3.0,315.7335376965739
ORD008039,2026-04-27 18:54:13.379438,C0786,P078,5.0,242.33044045557466
ORD008040,2026-05-08 18:54:13.379438,C0403,P046,4.0,179.0350403686228
ORD008041,2026-04-27 18:54:13.379438,C0940,P038,5.0,354.4113689406029
ORD008042,2026-05-01 18:54:13.379438,C0386,P061,8.0,344.23973027961466
ORD008043,2026-04-19 18:54:13.379438,C0954,P017,4.0,170.67450653969667
ORD008044,2026-06-01 18:54:13.379438,C0138,P066,5.0,357.6097490867706
ORD008045,2026-08-25 18:54:13.379438,C0716,P072,7.0,180.6228557553359
ORD008046,2026-04-18 18:54:13.379438,C0814,P036,3.0,118.7796444320371
ORD008047,2026-04-14 18:54:13.379438,C0722,P074,6.0,362.7166271857455
ORD008048,2026-06-21 18:54:13.379438,C0531,P007,9.0,366.73261023748927
ORD008049,2026-07-27 18:54:13.379438,C0806,P016,4.0,434.2257998298565
ORD008050,2026-06-10 18:54:13.379438,C0293,P014,4.0,255.46268317156378
ORD008051,2026-05-16 18:54:13.379438,C0475,P080,6.0,123.8656965865395
ORD008052,2026-06-11 18:54:13.379438,C0880,P025,6.0,420.0795643082678
ORD008053,2026-08-22 18:54:13.379438,C0462,P004,3.0,95.58680380267967
ORD008054,2026-08-19 18:54:13.379438,C0813,P029,1.0,469.9206579180131
ORD008055,2026-06-17 18:54:13.379438,C0373,P056,3.0,160.2602302482967
ORD008056,2026-07-15 18:54:13.379438,C0162,P006,8.0,19.19385384787126
ORD008057,2026-05-14 18:54:13.379438,C0642,P001,8.0,101.51549765345331
ORD008058,2026-09-28 18:54:13.379438,C0044,P039,6.0,213.24800070203278
ORD008059,2026-06-01 18:54:13.379438,C0865,P001,7.0,37.04275884544747
ORD008060,2026-05-12 18:54:13.379438,C0083,P063,2.0,210.66527900786815
ORD008061,2026-04-06 18:54:13.379438,C0892,P057,9.0,109.41222037074408
ORD008062,2026-04-10 18:54:13.379438,C0636,P067,3.0,19.287622612768487
ORD008063,2026-05-22 18:54:13.379438,C0539,P065,2.0,156.51317407831954
ORD008064,2026-04-29 18:54:13.379438,C0816,P065,5.0,120.88923175820725
ORD008065,2026-09-11 18:54:13.379438,C0862,P021,1.0,215.68226616649218
ORD008066,2026-07-13 18:54:13.379438,C0519,P030,5.0,381.9175082746026
ORD008067,2026-09-26 18:54:13.379438,C0411,P096,4.0,259.79001950173927
ORD008068,2026-06-21 18:54:13.379438,C0341,P033,6.0,386.3519800542235
ORD008069,2026-04-05 18:54:13.379438,C0711,P048,5.0,174.972819518002
ORD008070,2026-08-08 18:54:13.379438,C0624,P022,9.0,16.46045071639
ORD008071,2026-09-10 18:54:13.379438,C0089,P094,5.0,461.8648382644619
ORD008072,2026-08-13 18:54:13.379438,C0640,P054,8.0,164.21010822309447
ORD008073,2026-04-23 18:54:13.379438,C0230,P004,2.0,268.17004233164675
ORD008074,2026-07-29 18:54:13.379438,C0018,P087,3.0,239.91520158390531
ORD008075,2026-09-14 18:54:13.379438,C0801,P055,3.0,295.71169025442606
ORD008076,2026-05-05 18:54:13.379438,C0673,P044,3.0,443.63241068994796
ORD008077,2026-05-01 18:54:13.379438,C0864,P089,6.0,434.9498062944042
ORD008078,2026-06-19 18:54:13.379438,C0890,P012,7.0,490.70481110381263
ORD008079,2026-04-04 18:54:13.379438,C0281,P081,7.0,268.90094036203135
ORD008080,2026-05-29 18:54:13.379438,C0910,P079,7.0,462.0074548522831
ORD008081,2026-05-08 18:54:13.379438,C0422,P074,3.0,246.40061543367236
ORD008082,2026-07-24 18:54:13.379438,C0678,P099,1.0,31.75788122746058
ORD008083,2026-05-03 18:54:13.379438,C0772,P052,6.0,81.63548514317475
ORD008084,2026-05-27 18:54:13.379438,C0876,P093,3.0,173.65317582766724
ORD008085,2026-05-09 18:54:13.379438,C0702,P076,3.0,365.4742522931165
ORD008086,2026-06-22 18:54:13.379438,C0338,P065,3.0,49.872036177588896
ORD008087,2026-05-31 18:54:13.379438,C0266,P065,9.0,187.16046745262236
ORD008088,2026-06-25 18:54:13.379438,C0803,P010,4.0,491.35691298634043
ORD008089,2026-06-07 18:54:13.379438,C0355,P018,5.0,394.9833843755222
ORD008090,2026-06-11 18:54:13.379438,C0360,P047,3.0,290.27790451552255
ORD008091,2026-08-09 18:54:13.379438,C0791,P066,1.0,40.2674240685775
ORD008092,2026-05-24 18:54:13.379438,C0217,P049,4.0,17.163267206694105
ORD008093,2026-04-25 18:54:13.379438,C0321,P072,1.0,61.571635567666455
ORD008094,2026-07-19 18:54:13.379438,C0850,P022,7.0,170.29372409495232
ORD008095,2026-07-21 18:54:13.379438,C0719,P086,7.0,307.13273951952186
ORD008096,2026-07-28 18:54:13.379438,C0665,P026,4.0,106.76528113745825
ORD008097,2026-07-13 18:54:13.379438,C0992,P090,5.0,35.064026387832534
ORD008098,2026-07-12 18:54:13.379438,C0693,P009,7.0,54.51567830759262
ORD008099,2026-09-14 18:54:13.379438,C0212,P021,6.0,219.12952640215056
ORD008100,2026-06-10 18:54:13.379438,C0785,P095,4.0,388.8322370527996
ORD008101,2026-05-09 18:54:13.379438,C0953,P063,4.0,412.3328998021911
ORD008102,2026-09-30 18:54:13.379438,C0203,P006,2.0,152.61568384884532
ORD008103,2026-09-28 18:54:13.379438,C0717,P014,2.0,335.08470170439074
ORD008104,2026-09-19 18:54:13.379438,C0985,P033,4.0,202.42780724163345
ORD008105,2026-08-27 18:54:13.379438,C0916,P071,5.0,486.53122471318375
ORD008106,2026-04-25 18:54:13.379438,C0896,P024,4.0,208.43085005023812
ORD008107,2026-06-08 18:54:13.379438,C0153,P073,3.0,203.99277892764474
ORD008108,2026-04-24 18:54:13.379438,C0682,P075,2.0,255.7681305393875
ORD008109,2026-07-12 18:54:13.379438,C0429,P087,4.0,22.496239704631652
ORD008110,2026-08-09 18:54:13.379438,C0753,P051,5.0,214.78485711264872
ORD008111,2026-05-17 18:54:13.379438,C0287,P002,1.0,416.0669270316887
ORD008112,2026-07-15 18:54:13.379438,C0757,P015,1.0,309.9201872035095
ORD008113,2026-05-20 18:54:13.379438,C0321,P035,6.0,485.0163279192953
ORD008114,2026-05-12 18:54:13.379438,C0436,P036,5.0,169.5552156312424
ORD008115,2026-05-02 18:54:13.379438,C0592,P092,4.0,89.14690089996542
ORD008116,2026-05-27 18:54:13.379438,C0496,P039,1.0,377.7824243259629
ORD008117,2026-07-02 18:54:13.379438,C0604,P004,7.0,31.391925885523293
ORD008118,2026-06-27 18:54:13.379438,C0149,P064,4.0,88.18237773202455
ORD008119,2026-04-20 18:54:13.379438,C0542,P074,3.0,258.40536818215946
ORD008120,2026-06-22 18:54:13.379438,C0635,P006,7.0,379.2339438544711
ORD008121,2026-09-09 18:54:13.379438,C0899,P057,2.0,304.4752921158538
ORD008122,2026-06-15 18:54:13.379438,C0482,P030,1.0,497.49735850302346
ORD008123,2026-05-22 18:54:13.379438,C0326,P099,4.0,330.9207985240484
ORD008124,2026-07-13 18:54:13.379438,C0939,P074,8.0,365.2339979054648
ORD008125,2026-04-05 18:54:13.379438,C0029,P096,6.0,497.01883807939714
ORD008126,2026-09-26 18:54:13.379438,C0259,P067,9.0,300.30663783032037
ORD008127,2026-08-23 18:54:13.379438,C0698,P090,1.0,360.16299803520883
ORD008128,2026-06-01 18:54:13.379438,C0929,P015,1.0,156.18051817929702
ORD008129,2026-07-09 18:54:13.379438,C0075,P017,5.0,273.0102034820224
ORD008130,2026-07-11 18:54:13.379438,C0557,P091,6.0,456.85667944755244
ORD008131,2026-07-15 18:54:13.379438,C0581,P018,8.0,428.12775754868267
ORD008132,2026-09-29 18:54:13.379438,C0498,P019,3.0,160.0810784599813
ORD008133,2026-04-05 18:54:13.379438,C0416,P076,6.0,185.03676610293903
ORD008134,2026-05-14 18:54:13.379438,C0879,P088,3.0,424.7230687087292
ORD008135,2026-08-04 18:54:13.379438,C0722,P069,8.0,149.49021665477653
ORD008136,2026-06-24 18:54:13.379438,C0751,P024,4.0,444.9328044507311
ORD008137,2026-08-25 18:54:13.379438,C0340,P091,2.0,389.1470269280878
ORD008138,2026-08-13 18:54:13.379438,C0308,P048,9.0,84.65467633680994
ORD008139,2026-08-21 18:54:13.379438,C0704,P030,8.0,362.6848402474368
ORD008140,2026-05-02 18:54:13.379438,C0884,P015,6.0,418.8201787596769
ORD008141,2026-08-16 18:54:13.379438,C0615,P047,3.0,80.72794856088723
ORD008142,2026-04-17 18:54:13.379438,C0241,P044,2.0,234.10091443148883
ORD008143,2026-04-15 18:54:13.379438,C0253,P098,4.0,432.6878002032041
ORD008144,2026-07-11 18:54:13.379438,C0936,P027,4.0,107.33850385737789
ORD008145,2026-08-14 18:54:13.379438,C0220,P084,1.0,230.05368080721985
ORD008146,2026-06-23 18:54:13.379438,C0397,P064,9.0,310.25740300401355
ORD008147,2026-07-18 18:54:13.379438,C0986,P041,8.0,57.65365611055476
ORD008148,2026-05-05 18:54:13.379438,C0336,P096,7.0,113.90733620720498
ORD008149,2026-06-16 18:54:13.379438,C0729,P068,6.0,238.69788458398665
ORD008150,2026-09-21 18:54:13.379438,C0714,P005,3.0,193.10386445689952
ORD008151,2026-06-23 18:54:13.379438,C0029,P053,4.0,169.1402356232748
ORD008152,2026-06-11 18:54:13.379438,C0494,P008,2.0,22.919830841460897
ORD008153,2026-05-18 18:54:13.379438,C0959,P022,7.0,464.6881360775691
ORD008154,2026-07-18 18:54:13.379438,C0998,P007,2.0,436.99717255025945
ORD008155,2026-08-18 18:54:13.379438,C0724,P022,1.0,202.38354487771258
ORD008156,2026-09-27 18:54:13.379438,C0502,P046,6.0,98.8737241007996
ORD008157,2026-09-11 18:54:13.379438,C0154,P030,4.0,43.832425949952025
ORD008158,2026-07-12 18:54:13.379438,C0992,P016,8.0,70.36206138947844
ORD008159,2026-08-27 18:54:13.379438,C0231,P079,1.0,304.9910295490097
ORD008160,2026-04-12 18:54:13.379438,C0102,P005,9.0,369.6194254396457
ORD008161,2026-06-04 18:54:13.379438,C0827,P067,6.0,86.64676964191392
ORD008162,2026-05-02 18:54:13.379438,C0177,P023,2.0,65.26732911880346
ORD008163,2026-08-06 18:54:13.379438,C0693,P061,8.0,348.62864801286076
ORD008164,2026-07-26 18:54:13.379438,C0984,P074,5.0,263.3409454965057
ORD008165,2026-09-03 18:54:13.379438,C0927,P005,5.0,192.19998859044654
ORD008166,2026-08-24 18:54:13.379438,C0232,P023,5.0,365.2397404461423
ORD008167,2026-08-15 18:54:13.379438,C0012,P079,7.0,233.28176008168197
ORD008168,2026-08-01 18:54:13.379438,C0186,P082,7.0,237.9095999664112
ORD008169,2026-09-20 18:54:13.379438,C0761,P025,7.0,17.713217031754883
ORD008170,2026-09-07 18:54:13.379438,C0932,P008,2.0,164.84452520387586
ORD008171,2026-06-21 18:54:13.379438,C0266,P095,8.0,12.466971685953109
ORD008172,2026-07-05 18:54:13.379438,C0902,P021,1.0,462.6851833381886
ORD008173,2026-04-07 18:54:13.379438,C0135,P002,2.0,154.03015456623578
ORD008174,2026-06-24 18:54:13.379438,C0757,P022,7.0,98.45484453313003
ORD008175,2026-09-27 18:54:13.379438,C0031,P072,4.0,54.53967565687817
ORD008176,2026-09-22 18:54:13.379438,C0859,P087,9.0,32.85164001489139
ORD008177,2026-06-17 18:54:13.379438,C0456,P096,9.0,444.14446543149694
ORD008178,2026-04-17 18:54:13.379438,C0259,P072,3.0,92.57129353852545
ORD008179,2026-08-12 18:54:13.379438,C0104,P068,3.0,312.56757895405525
ORD008180,2026-07-26 18:54:13.379438,C0431,P064,9.0,329.0968734903461
ORD008181,2026-06-04 18:54:13.379438,C0382,P094,8.0,165.59677867006255
ORD008182,2026-07-18 18:54:13.379438,C0469,P019,1.0,418.2906203414336
ORD008183,2026-06-06 18:54:13.379438,C0513,P087,6.0,114.87482644980892
ORD008184,2026-07-14 18:54:13.379438,C0941,P082,7.0,45.01440278242083
ORD008185,2026-09-23 18:54:13.379438,C0950,P053,8.0,43.5855516714128
ORD008186,2026-07-18 18:54:13.379438,C0946,P093,2.0,157.2091451945984
ORD008187,2026-04-23 18:54:13.379438,C0207,P087,1.0,236.9907808427917
ORD008188,2026-05-31 18:54:13.379438,C0647,P097,4.0,318.38797297822117
ORD008189,2026-07-24 18:54:13.379438,C0447,P052,1.0,367.0670669183822
ORD008190,2026-05-30 18:54:13.379438,C0783,P047,2.0,97.55856558098688
ORD008191,2026-07-31 18:54:13.379438,C0089,P082,3.0,345.122286162083
ORD008192,2026-07-09 18:54:13.379438,C0195,P054,4.0,99.44462559409153
ORD008193,2026-07-04 18:54:13.379438,C0414,P044,6.0,498.624589224878
ORD008194,2026-05-25 18:54:13.379438,C0122,P097,8.0,479.94334428658067
ORD008195,2026-05-10 18:54:13.379438,C0462,P007,9.0,60.17967009319104
ORD008196,2026-04-11 18:54:13.379438,C0116,P092,4.0,331.00884516941295
ORD008197,2026-05-17 18:54:13.379438,C0196,P001,1.0,452.60077753638365
ORD008198,2026-07-10 18:54:13.379438,C0036,P063,5.0,49.54419101908173
ORD008199,2026-08-14 18:54:13.379438,C0067,P098,5.0,70.75094525474985
ORD008200,2026-07-30 18:54:13.379438,C0645,P039,9.0,180.0288248174936
ORD008201,2026-06-11 18:54:13.379438,C0281,P019,6.0,56.906966333254466
ORD008202,2026-09-09 18:54:13.379438,C0479,P031,5.0,443.9401547038049
ORD008203,2026-05-18 18:54:13.379438,C0011,P077,5.0,439.01697334044695
ORD008204,2026-08-18 18:54:13.379438,C0968,P024,8.0,474.8692145503105
ORD008205,2026-05-05 18:54:13.379438,C0730,P069,1.0,110.44611978204762
ORD008206,2026-05-06 18:54:13.379438,C0322,P087,5.0,32.222084333600606
ORD008207,2026-08-07 18:54:13.379438,C0668,P083,1.0,227.8677084849342
ORD008208,2026-06-09 18:54:13.379438,C0240,P065,7.0,441.47111019189157
ORD008209,2026-05-03 18:54:13.379438,C0060,P033,7.0,322.8389316430241
ORD008210,2026-07-26 18:54:13.379438,C0650,P059,8.0,499.17540013963446
ORD008211,2026-05-02 18:54:13.379438,C0562,P033,7.0,453.78648425765584
ORD008212,2026-08-12 18:54:13.379438,C0679,P032,9.0,202.44771294076526
ORD008213,2026-05-03 18:54:13.379438,C0165,P059,8.0,29.371206584697845
ORD008214,2026-08-18 18:54:13.379438,C0831,P092,8.0,12.533939043337536
ORD008215,2026-09-04 18:54:13.379438,C0189,P041,3.0,325.66101296397943
ORD008216,2026-08-11 18:54:13.379438,C0487,P012,4.0,458.7253057498685
ORD008217,2026-06-04 18:54:13.379438,C0981,P073,4.0,227.67279227690128
ORD008218,2026-04-06 18:54:13.379438,C0092,P011,1.0,438.4031163254253
ORD008219,2026-09-24 18:54:13.379438,C0806,P097,6.0,287.7030286199637
ORD008220,2026-06-10 18:54:13.379438,C0888,P019,2.0,58.02964210936924
ORD008221,2026-04-28 18:54:13.379438,C0289,P054,9.0,401.1745293767781
ORD008222,2026-09-29 18:54:13.379438,C0509,P057,1.0,251.3710765346842
ORD008223,2026-08-22 18:54:13.379438,C0075,P042,1.0,35.021312709934946
ORD008224,2026-05-17 18:54:13.379438,C0557,P098,6.0,409.1557483483771
ORD008225,2026-09-13 18:54:13.379438,C0428,P071,1.0,381.2505948441189
ORD008226,2026-05-28 18:54:13.379438,C0385,P031,3.0,234.07075663782558
ORD008227,2026-08-18 18:54:13.379438,C0053,P052,2.0,19.537476042019932
ORD008228,2026-08-11 18:54:13.379438,C0175,P002,9.0,179.99899518924246
ORD008229,2026-05-14 18:54:13.379438,C0673,P083,5.0,223.12589518406298
ORD008230,2026-09-22 18:54:13.379438,C0579,P038,6.0,91.00429165201967
ORD008231,2026-06-06 18:54:13.379438,C0474,P032,2.0,88.84336891739636
ORD008232,2026-05-04 18:54:13.379438,C0911,P010,8.0,91.82059721209006
ORD008233,2026-05-20 18:54:13.379438,C0361,P008,6.0,191.5827695630794
ORD008234,2026-08-11 18:54:13.379438,C0270,P090,8.0,410.5965780445921
ORD008235,2026-07-08 18:54:13.379438,C0407,P094,8.0,382.0851597554736
ORD008236,2026-06-19 18:54:13.379438,C0124,P075,1.0,14.956054365845551
ORD008237,2026-07-22 18:54:13.379438,C0694,P020,7.0,14.724881025366361
ORD008238,2026-06-11 18:54:13.379438,C0376,P020,2.0,48.071251854668425
ORD008239,2026-05-31 18:54:13.379438,C0392,P009,8.0,238.6250752194371
ORD008240,2026-07-18 18:54:13.379438,C0182,P072,2.0,445.55228101134134
ORD008241,2026-05-17 18:54:13.379438,C0036,P015,4.0,99.30598716198378
ORD008242,2026-06-16 18:54:13.379438,C0212,P098,2.0,243.6299717680374
ORD008243,2026-05-29 18:54:13.379438,C0896,P088,7.0,29.966264034741556
ORD008244,2026-09-21 18:54:13.379438,C0948,P097,5.0,19.9599604466174
ORD008245,2026-08-08 18:54:13.379438,C0134,P063,9.0,13.666329415882522
ORD008246,2026-09-12 18:54:13.379438,C0865,P091,5.0,370.97365259393024
ORD008247,2026-05-03 18:54:13.379438,C0924,P021,8.0,21.674208080926945
ORD008248,2026-06-13 18:54:13.379438,C0690,P005,2.0,144.1696297369205
ORD008249,2026-07-30 18:54:13.379438,C0678,P035,3.0,326.073494251425
ORD008250,2026-05-28 18:54:13.379438,C0926,P085,6.0,313.1389396218133
ORD008251,2026-06-09 18:54:13.379438,C0491,P068,7.0,37.02093263254548
ORD008252,2026-08-22 18:54:13.379438,C0849,P048,8.0,135.76670489009177
ORD008253,2026-04-06 18:54:13.379438,C0841,P080,-1.0,323.26787230568993
ORD008254,2026-04-29 18:54:13.379438,C0988,P095,7.0,202.20042562492065
ORD008255,2026-05-30 18:54:13.379438,C0438,P090,8.0,238.25317458590953
ORD008256,2026-08-07 18:54:13.379438,C0839,P062,6.0,111.4720023147457
ORD008257,2026-09-02 18:54:13.379438,C0046,P035,4.0,28.501137886185365
ORD008258,2026-05-26 18:54:13.379438,C0668,P070,6.0,179.14938504044113
ORD008259,2026-05-16 18:54:13.379438,C0401,P097,9.0,344.66214373637735
ORD008260,2026-05-22 18:54:13.379438,C0488,P021,3.0,385.59945118450736
ORD008261,2026-05-15 18:54:13.379438,C0432,P080,2.0,300.33966063795367
ORD008262,2026-04-14 18:54:13.379438,C0428,P039,5.0,202.6684624774538
ORD008263,2026-07-15 18:54:13.379438,C0748,P034,7.0,295.73654075506875
ORD008264,2026-07-10 18:54:13.379438,C0828,P015,3.0,355.4444471897983
ORD008265,2026-08-27 18:54:13.379438,C0572,P006,5.0,380.0831615217621
ORD008266,2026-06-27 18:54:13.379438,C0517,P066,4.0,56.29805248502517
ORD008267,2026-07-12 18:54:13.379438,C0965,P088,7.0,403.4620313865055
ORD008268,2026-07-16 18:54:13.379438,C0462,P056,2.0,41.10341971264373
ORD008269,2026-09-30 18:54:13.379438,C0966,P049,7.0,436.5241548829568
ORD008270,2026-05-19 18:54:13.379438,C0903,P092,2.0,202.19801363965425
ORD008271,2026-05-17 18:54:13.379438,C0181,P001,3.0,277.99192491507483
ORD008272,2026-04-25 18:54:13.379438,C0145,P065,5.0,152.09142281597303
ORD008273,2026-07-26 18:54:13.379438,C0827,P028,7.0,219.06535340157805
ORD008274,2026-08-06 18:54:13.379438,C0265,P020,6.0,424.1449443437355
ORD008275,2026-08-05 18:54:13.379438,C0735,P048,7.0,154.89119818675377
ORD008276,2026-05-03 18:54:13.379438,C0406,P072,6.0,286.44831915336607
ORD008277,2026-04-11 18:54:13.379438,C0813,P065,1.0,327.0687649697079
ORD008278,2026-07-10 18:54:13.379438,C0969,P090,5.0,81.74001834933534
ORD008279,2026-05-30 18:54:13.379438,C0955,P051,1.0,391.1298819067052
ORD008280,2026-07-23 18:54:13.379438,C0848,P043,7.0,499.5431047667556
ORD008281,2026-06-15 18:54:13.379438,C0484,P049,4.0,85.98013930820767
ORD008282,2026-07-27 18:54:13.379438,C0482,P025,5.0,386.2633877617923
ORD008283,2026-04-23 18:54:13.379438,C0237,P074,1.0,82.06581579720142
ORD008284,2026-04-28 18:54:13.379438,C0525,P076,8.0,475.62556404130214
ORD008285,2026-04-22 18:54:13.379438,C0339,P041,4.0,211.38293800167725
ORD008286,2026-04-08 18:54:13.379438,C0268,P071,3.0,490.1593103208206
ORD008287,2026-06-17 18:54:13.379438,C0932,P064,1.0,43.27971519054351
ORD008288,2026-08-09 18:54:13.379438,C0266,P061,4.0,397.5807590407227
ORD008289,2026-06-14 18:54:13.379438,C0528,P012,3.0,241.95526867989827
ORD008290,2026-09-05 18:54:13.379438,C0092,P081,8.0,151.85207624997273
ORD008291,2026-05-13 18:54:13.379438,C0248,P069,9.0,376.46516148760054
ORD008292,2026-04-29 18:54:13.379438,C0019,P014,5.0,321.31108713043045
ORD008293,2026-04-30 18:54:13.379438,C0872,P034,9.0,452.4136082083839
ORD008294,2026-06-25 18:54:13.379438,C0390,P048,1.0,131.91674767477411
ORD008295,2026-08-09 18:54:13.379438,C0388,P061,7.0,470.4752355004762
ORD008296,2026-09-28 18:54:13.379438,C0926,P081,7.0,324.5154264698365
ORD008297,2026-09-20 18:54:13.379438,C0615,P035,6.0,230.7126910369499
ORD008298,2026-09-07 18:54:13.379438,C0095,P065,4.0,36.03434323221336
ORD008299,2026-09-17 18:54:13.379438,C0430,P059,9.0,384.9363034189416
ORD008300,2026-09-19 18:54:13.379438,C0795,P036,3.0,430.616799711204
ORD008301,2026-05-06 18:54:13.379438,C0941,P079,1.0,406.6964596661612
ORD008302,2026-07-09 18:54:13.379438,C0725,P019,2.0,370.4763861828066
ORD008303,2026-07-23 18:54:13.379438,C0037,P042,3.0,485.0114738233616
ORD008304,2026-04-19 18:54:13.379438,C0393,P069,2.0,426.06036956134926
ORD008305,2026-04-26 18:54:13.379438,C0573,P019,6.0,464.66072157717525
ORD008306,2026-08-16 18:54:13.379438,C0291,P039,7.0,367.93461980171173
ORD008307,2026-04-29 18:54:13.379438,C0874,P069,5.0,411.90150808802775
ORD008308,2026-07-08 18:54:13.379438,C0303,P052,5.0,151.6875253879401
ORD008309,2026-04-15 18:54:13.379438,C0756,P012,7.0,337.76059342003515
ORD008310,2026-06-14 18:54:13.379438,C0917,P083,6.0,110.71400537842392
ORD008311,2026-08-14 18:54:13.379438,C0401,P047,8.0,43.9425332523296
ORD008312,2026-07-18 18:54:13.379438,C0823,P076,9.0,293.8356349796078
ORD008313,2026-07-29 18:54:13.379438,C0344,P036,2.0,393.6253971191964
ORD008314,2026-09-27 18:54:13.379438,C0863,P063,2.0,50.55131145691917
ORD008315,2026-04-29 18:54:13.379438,C0518,P076,1.0,98.82803468576301
ORD008316,2026-08-14 18:54:13.379438,C0377,P082,7.0,55.55401760607622
ORD008317,2026-04-25 18:54:13.379438,C0931,P051,4.0,320.74720314080014
ORD008318,2026-04-16 18:54:13.379438,C0818,P043,9.0,48.95601890445626
ORD008319,2026-09-06 18:54:13.379438,C0165,P034,6.0,55.71483173283698
ORD008320,2026-09-11 18:54:13.379438,C0013,P097,7.0,139.4419858656463
ORD008321,2026-07-19 18:54:13.379438,C0025,P049,7.0,142.41508366102002
ORD008322,2026-04-26 18:54:13.379438,C0736,P018,8.0,283.17677624356554
ORD008323,2026-07-09 18:54:13.379438,C0123,P061,4.0,25.7713163416687
ORD008324,2026-04-21 18:54:13.379438,C0129,P057,3.0,311.5189014773083
ORD008325,2026-07-29 18:54:13.379438,C0817,P093,3.0,211.73700139636162
ORD008326,2026-05-03 18:54:13.379438,C0634,P005,8.0,97.57861550251667
ORD008327,2026-04-29 18:54:13.379438,C0547,P089,3.0,330.13968403007726
ORD008328,2026-08-25 18:54:13.379438,C0595,P024,8.0,171.54024144585145
ORD008329,2026-05-12 18:54:13.379438,C0309,P093,2.0,415.46981797650807
ORD008330,2026-09-11 18:54:13.379438,C0436,P064,5.0,494.8219192477664
ORD008331,2026-09-04 18:54:13.379438,C0182,P059,5.0,391.72415333339
ORD008332,2026-09-26 18:54:13.379438,C0588,P038,7.0,374.06510293193475
ORD008333,2026-09-16 18:54:13.379438,C0616,P033,5.0,184.02519247475303
ORD008334,2026-08-11 18:54:13.379438,C0744,P010,9.0,271.95678843957273
ORD008335,2026-07-25 18:54:13.379438,C0815,P037,3.0,35.813852769103185
ORD008336,2026-08-15 18:54:13.379438,C0043,P097,9.0,366.39426483109486
ORD008337,2026-05-19 18:54:13.379438,C0404,P087,1.0,340.7697464222402
ORD008338,2026-05-23 18:54:13.379438,C0929,P011,3.0,141.98248437043247
ORD008339,2026-09-16 18:54:13.379438,C0605,P024,4.0,271.7268511923484
ORD008340,2026-07-18 18:54:13.379438,C0656,P088,6.0,342.86379032472604
ORD008341,2026-08-27 18:54:13.379438,C0766,P071,8.0,190.2680995891716
ORD008342,2026-09-05 18:54:13.379438,C0590,P021,7.0,365.54795838700056
ORD008343,2026-09-19 18:54:13.379438,C0263,P020,8.0,400.3891698683845
ORD008344,2026-06-14 18:54:13.379438,C0070,P010,6.0,119.53299376696575
ORD008345,2026-06-16 18:54:13.379438,C0661,P089,6.0,157.61451979724313
ORD008346,2026-04-20 18:54:13.379438,C0292,P047,6.0,206.76583119173773
ORD008347,2026-09-07 18:54:13.379438,C0214,P047,3.0,125.482290532225
ORD008348,2026-06-12 18:54:13.379438,C0872,P015,4.0,390.047700164522
ORD008349,2026-08-31 18:54:13.379438,C0822,P044,6.0,290.20293786722334
ORD008350,2026-04-09 18:54:13.379438,C0147,P062,7.0,196.25039026270971
ORD008351,2026-04-29 18:54:13.379438,C0025,P006,3.0,17.87031514231051
ORD008352,2026-09-17 18:54:13.379438,C0323,P066,4.0,169.6768580012917
ORD008353,2026-08-21 18:54:13.379438,C0996,P076,6.0,419.8859676030241
ORD008354,2026-07-11 18:54:13.379438,C0109,P004,1.0,374.32065828101275
ORD008355,2026-08-23 18:54:13.379438,C0693,P023,7.0,43.015750406530785
ORD008356,2026-04-25 18:54:13.379438,C0251,P013,1.0,402.70822372606983
ORD008357,2026-05-24 18:54:13.379438,C0482,P081,9.0,97.73681685040054
ORD008358,2026-09-01 18:54:13.379438,C0715,P031,9.0,493.6563066959997
ORD008359,2026-09-26 18:54:13.379438,C0816,P016,9.0,435.58797863726153
ORD008360,2026-07-16 18:54:13.379438,C0682,P041,4.0,457.4976480344207
ORD008361,2026-09-28 18:54:13.379438,C0175,P090,2.0,387.0306938920739
ORD008362,2026-07-01 18:54:13.379438,C0347,P092,7.0,358.28063498337417
ORD008363,2026-08-22 18:54:13.379438,C0170,P001,4.0,129.7742861207471
ORD008364,2026-08-19 18:54:13.379438,C0002,P012,5.0,297.3352234269285
ORD008365,2026-04-12 18:54:13.379438,C0646,P056,1.0,351.2481783985464
ORD008366,2026-06-21 18:54:13.379438,C0639,P050,6.0,151.16229393990483
ORD008367,2026-05-25 18:54:13.379438,C0558,P020,7.0,205.17091955550325
ORD008368,2026-08-11 18:54:13.379438,C0706,P066,3.0,474.05464598356264
ORD008369,2026-09-03 18:54:13.379438,C0362,P036,2.0,209.89917603446926
ORD008370,2026-04-16 18:54:13.379438,C0721,P079,7.0,164.53643070922402
ORD008371,2026-05-24 18:54:13.379438,C0296,P038,1.0,62.534125047632386
ORD008372,2026-05-07 18:54:13.379438,C0570,P022,2.0,177.25726680866572
ORD008373,2026-05-08 18:54:13.379438,C0590,P061,3.0,309.9500816137224
ORD008374,2026-08-12 18:54:13.379438,C0202,P050,4.0,82.38872718572465
ORD008375,2026-08-01 18:54:13.379438,C0289,P096,5.0,306.5903777604845
ORD008376,2026-06-12 18:54:13.379438,C0062,P059,4.0,373.18583223043987
ORD008377,2026-09-26 18:54:13.379438,C0502,P020,3.0,386.43954528714585
ORD008378,2026-08-28 18:54:13.379438,C0780,P036,1.0,492.556202904078
ORD008379,2026-06-09 18:54:13.379438,C0126,P097,7.0,222.93520115461945
ORD008380,2026-07-15 18:54:13.379438,C0992,P015,6.0,25.891992909821795
ORD008381,2026-06-15 18:54:13.379438,C0049,P062,2.0,428.79802981610163
ORD008382,2026-07-28 18:54:13.379438,C0600,P003,2.0,50.92199746448303
ORD008383,2026-08-14 18:54:13.379438,C0846,P093,3.0,432.21203116572707
ORD008384,2026-06-09 18:54:13.379438,C0773,P091,8.0,491.52321524319876
ORD008385,2026-08-20 18:54:13.379438,C0179,P005,8.0,454.3432795459314
ORD008386,2026-08-02 18:54:13.379438,C0581,P056,8.0,482.3651434320084
ORD008387,2026-07-06 18:54:13.379438,C0879,P031,7.0,21.43460641559966
ORD008388,2026-08-10 18:54:13.379438,C0928,P086,2.0,15.571213545670993
ORD008389,2026-07-03 18:54:13.379438,C0493,P035,1.0,113.04591100908317
ORD008390,2026-07-04 18:54:13.379438,C0433,P071,6.0,401.3690256478374
ORD008391,2026-06-05 18:54:13.379438,C0993,P070,8.0,53.81318023622447
ORD008392,2026-05-02 18:54:13.379438,C0572,P026,1.0,375.7939316364203
ORD008393,2026-04-15 18:54:13.379438,C0302,P001,3.0,16.154429263321198
ORD008394,2026-06-19 18:54:13.379438,C0964,P083,1.0,368.238659475871
ORD008395,2026-05-14 18:54:13.379438,C0761,P007,9.0,132.5339275360974
ORD008396,2026-08-11 18:54:13.379438,C0990,P036,7.0,225.81503919289466
ORD008397,2026-05-10 18:54:13.379438,C0169,P076,8.0,488.4876534493657
ORD008398,2026-09-23 18:54:13.379438,C0977,P084,9.0,280.3502147687275
ORD008399,2026-09-26 18:54:13.379438,C0963,P087,3.0,46.565594214137406
ORD008400,2026-04-27 18:54:13.379438,C0269,P025,2.0,437.8345176179613
ORD008401,2026-07-11 18:54:13.379438,C0364,P094,6.0,168.5969870153163
ORD008402,2026-08-31 18:54:13.379438,C0624,P059,5.0,296.82314168088664
ORD008403,2026-07-12 18:54:13.379438,C0100,P061,4.0,358.76827827280084
ORD008404,2026-08-20 18:54:13.379438,C0914,P029,6.0,390.9814700799746
ORD008405,2026-05-31 18:54:13.379438,C0215,P095,6.0,221.92273220398047
ORD008406,2026-09-24 18:54:13.379438,C0995,P018,3.0,388.8129213489636
ORD008407,2026-05-02 18:54:13.379438,C0625,P041,2.0,67.27820609269365
ORD008408,2026-09-13 18:54:13.379438,C0097,P019,9.0,267.5777321209763
ORD008409,2026-08-24 18:54:13.379438,C0819,P004,8.0,20.72387577705105
ORD008410,2026-06-02 18:54:13.379438,C0630,P065,4.0,209.07282717688383
ORD008411,2026-07-07 18:54:13.379438,C0548,P041,6.0,188.73549800254742
ORD008412,2026-05-15 18:54:13.379438,C0337,P015,3.0,489.28498216842866
ORD008413,2026-05-16 18:54:13.379438,C0359,P054,8.0,204.94582010500432
ORD008414,2026-06-16 18:54:13.379438,C0290,P064,3.0,454.4751651477121
ORD008415,2026-09-27 18:54:13.379438,C0396,P072,2.0,223.2968980000067
ORD008416,2026-09-10 18:54:13.379438,C0901,P015,7.0,271.36002443402776
ORD008417,2026-06-06 18:54:13.379438,C0816,P079,3.0,181.85090156441606
ORD008418,2026-04-05 18:54:13.379438,C0360,P050,9.0,323.6076164588274
ORD008419,2026-09-02 18:54:13.379438,C0347,P022,3.0,372.16895173592786
ORD008420,2026-06-08 18:54:13.379438,C0124,P018,8.0,397.61941724326266
ORD008421,2026-09-16 18:54:13.379438,C0552,P080,2.0,350.0303774267263
ORD008422,2026-05-04 18:54:13.379438,C0653,P002,9.0,171.6743032611534
ORD008423,2026-07-27 18:54:13.379438,C0538,P036,1.0,171.99198087857732
ORD008424,2026-04-29 18:54:13.379438,C0654,P020,3.0,180.4748326068005
ORD008425,2026-05-02 18:54:13.379438,C0864,P016,2.0,28.537388526077706
ORD008426,2026-06-20 18:54:13.379438,C0907,P067,7.0,472.09546494184497
ORD008427,2026-04-28 18:54:13.379438,C0422,P030,5.0,105.90536411623741
ORD008428,2026-05-21 18:54:13.379438,C0336,P055,8.0,88.01227702207986
ORD008429,2026-06-07 18:54:13.379438,C0503,P066,2.0,280.65369004230865
ORD008430,2026-06-09 18:54:13.379438,C0057,P099,8.0,33.23360698480626
ORD008431,2026-07-02 18:54:13.379438,C0662,P026,7.0,420.5432253475784
ORD008432,2026-08-27 18:54:13.379438,C0879,P057,5.0,439.338271434377
ORD008433,2026-08-18 18:54:13.379438,C0912,P069,2.0,204.92682509205216
ORD008434,2026-05-11 18:54:13.379438,C0717,P002,7.0,485.9951497575473
ORD008435,2026-06-29 18:54:13.379438,C0076,P056,4.0,168.88606215696262
ORD008436,2026-08-30 18:54:13.379438,C0466,P084,4.0,137.5157010438848
ORD008437,2026-06-07 18:54:13.379438,C0285,P062,8.0,494.9477044741945
ORD008438,2026-08-30 18:54:13.379438,C0722,P034,6.0,132.6495379767212
ORD008439,2026-04-30 18:54:13.379438,C0386,P098,9.0,227.68369696890773
ORD008440,2026-07-18 18:54:13.379438,C0950,P056,2.0,309.81531961874873
ORD008441,2026-08-04 18:54:13.379438,C0770,P055,5.0,168.03976119692214
ORD008442,2026-05-17 18:54:13.379438,C0259,P020,6.0,198.26628347257935
ORD008443,2026-07-12 18:54:13.379438,C0477,P050,8.0,363.1719068797041
ORD008444,2026-05-01 18:54:13.379438,C0696,P025,4.0,364.28230060264343
ORD008445,2026-09-23 18:54:13.379438,C0840,P084,7.0,403.77305913256055
ORD008446,2026-04-20 18:54:13.379438,C0011,P025,7.0,300.91385287708516
ORD008447,2026-08-08 18:54:13.379438,C0972,P053,4.0,124.42668992847901
ORD008448,2026-08-04 18:54:13.379438,C0672,P014,1.0,173.22359160355336
ORD008449,2026-09-18 18:54:13.379438,C0260,P060,3.0,451.34629977857844
ORD008450,2026-08-12 18:54:13.379438,C0393,P043,2.0,369.52691125803716
ORD008451,2026-06-18 18:54:13.379438,C0600,P062,3.0,53.13390480242531
ORD008452,2026-05-19 18:54:13.379438,C0369,P076,5.0,379.2720682791258
ORD008453,2026-09-08 18:54:13.379438,C0184,P069,1.0,172.02223798406956
ORD008454,2026-06-11 18:54:13.379438,C0016,P063,5.0,21.381222545525944
ORD008455,2026-08-18 18:54:13.379438,C0977,P002,2.0,247.0285935897866
ORD008456,2026-06-27 18:54:13.379438,C0756,P054,4.0,442.86413848307893
ORD008457,2026-04-14 18:54:13.379438,C0506,P016,6.0,227.73120377041695
ORD008458,2026-06-11 18:54:13.379438,C0086,P055,9.0,494.5120953725256
ORD008459,2026-07-11 18:54:13.379438,C0711,P094,6.0,97.25748341205016
ORD008460,2026-07-03 18:54:13.379438,C0010,P043,2.0,181.93972525722077
ORD008461,2026-09-09 18:54:13.379438,C0477,P061,8.0,18.143217336746908
ORD008462,2026-09-11 18:54:13.379438,C0164,P038,5.0,34.67341174902144
ORD008463,2026-09-17 18:54:13.379438,C0024,P045,9.0,183.61528928019268
ORD008464,2026-07-06 18:54:13.379438,C0576,P051,9.0,268.91018880481556
ORD008465,2026-09-24 18:54:13.379438,C0312,P042,4.0,126.17611061455594
ORD008466,2026-09-15 18:54:13.379438,C0238,P024,1.0,91.5655860613745
ORD008467,2026-07-27 18:54:13.379438,C0462,P030,9.0,216.13001679610792
ORD008468,2026-05-04 18:54:13.379438,C0462,P037,9.0,93.63104476772779
ORD008469,2026-04-14 18:54:13.379438,C0857,P053,8.0,319.13935770091007
ORD008470,2026-06-29 18:54:13.379438,C0238,P063,5.0,478.0916321863131
ORD008471,2026-08-02 18:54:13.379438,C0022,P011,5.0,405.20627104697445
ORD008472,2026-08-11 18:54:13.379438,C0180,P078,6.0,115.4547539128647
ORD008473,2026-07-17 18:54:13.379438,C0818,P023,1.0,476.0563015806659
ORD008474,2026-04-30 18:54:13.379438,C0559,P080,9.0,378.05259017940705
ORD008475,2026-04-05 18:54:13.379438,C0791,P050,5.0,85.936298643302
ORD008476,2026-07-15 18:54:13.379438,C0736,P085,7.0,293.92103351698194
ORD008477,2026-07-13 18:54:13.379438,C0730,P055,8.0,483.57453575239344
ORD008478,2026-04-24 18:54:13.379438,C0499,P055,5.0,57.411478463933996
ORD008479,2026-05-31 18:54:13.379438,C0475,P004,3.0,142.79243765037404
ORD008480,2026-08-14 18:54:13.379438,C0749,P097,6.0,193.30495453782652
ORD008481,2026-09-30 18:54:13.379438,C0716,P054,7.0,66.64119386011977
ORD008482,2026-09-23 18:54:13.379438,C0339,P061,4.0,156.6305334610494
ORD008483,2026-06-27 18:54:13.379438,C0531,P078,9.0,349.2393560932023
ORD008484,2026-07-05 18:54:13.379438,C0692,P083,4.0,243.8470060384513
ORD008485,2026-04-23 18:54:13.379438,C0162,P005,2.0,216.32631584854204
ORD008486,2026-06-03 18:54:13.379438,C0992,P095,9.0,221.65023683510384
ORD008487,2026-05-11 18:54:13.379438,C0797,P018,4.0,382.22960492966166
ORD008488,2026-08-29 18:54:13.379438,C0061,P044,4.0,495.72764951420754
ORD008489,2026-04-28 18:54:13.379438,C0085,P031,1.0,298.4364971108894
ORD008490,2026-08-11 18:54:13.379438,C0547,P094,2.0,378.2595930228101
ORD008491,2026-08-02 18:54:13.379438,C0490,P021,3.0,192.5543406158752
ORD008492,2026-09-10 18:54:13.379438,C0005,P047,7.0,431.71363367023025
ORD008493,2026-04-29 18:54:13.379438,C0076,P030,9.0,215.95965628728936
ORD008494,2026-09-19 18:54:13.379438,C0253,P055,5.0,468.210280852085
ORD008495,2026-06-09 18:54:13.379438,C0007,P068,4.0,374.3172673612463
ORD008496,2026-04-04 18:54:13.379438,C0681,P069,2.0,356.6471684322743
ORD008497,2026-05-24 18:54:13.379438,C0642,P041,7.0,152.1661243272151
ORD008498,2026-04-08 18:54:13.379438,C0473,P045,6.0,400.10719631970017
ORD008499,2026-04-16 18:54:13.379438,C0138,P074,7.0,61.58779245229032
ORD008500,2026-08-28 18:54:13.379438,C0358,P091,8.0,273.6318776536164
ORD008501,2026-08-21 18:54:13.379438,C0812,P080,9.0,370.33487581143606
ORD008502,2026-05-21 18:54:13.379438,C0838,P030,5.0,442.9600733614821
ORD008503,2026-09-03 18:54:13.379438,C0603,P077,5.0,289.13029453779245
ORD008504,2026-05-30 18:54:13.379438,C0163,P085,4.0,136.57825604224178
ORD008505,2026-07-27 18:54:13.379438,C0318,P045,3.0,425.9421052833062
ORD008506,2026-05-08 18:54:13.379438,C0458,P045,7.0,386.31044703204503
ORD008507,2026-06-18 18:54:13.379438,C0253,P079,5.0,85.24673110345478
ORD008508,2026-07-06 18:54:13.379438,C0201,P084,7.0,437.4699049943661
ORD008509,2026-04-08 18:54:13.379438,C0532,P084,2.0,480.3398455880127
ORD008510,2026-04-25 18:54:13.379438,C0741,P045,9.0,273.4897869631788
ORD008511,2026-07-15 18:54:13.379438,C0675,P055,9.0,28.79882371839716
ORD008512,2026-09-25 18:54:13.379438,C0165,P059,9.0,458.6510188908919
ORD008513,2026-08-12 18:54:13.379438,C0232,P005,5.0,70.15526978461732
ORD008514,2026-08-05 18:54:13.379438,C0328,P032,9.0,320.2296616531416
ORD008515,2026-05-26 18:54:13.379438,C0238,P006,1.0,206.44454338690113
ORD008516,2026-09-09 18:54:13.379438,C0120,P094,2.0,496.09648912070685
ORD008517,2026-06-11 18:54:13.379438,C0950,P026,5.0,459.4106886165485
ORD008518,2026-07-16 18:54:13.379438,C0863,P037,5.0,394.40685794280284
ORD008519,2026-09-11 18:54:13.379438,C0895,P013,6.0,107.64577793803126
ORD008520,2026-09-28 18:54:13.379438,C0881,P093,8.0,352.6045640359502
ORD008521,2026-04-19 18:54:13.379438,C0619,P069,1.0,290.35144628784195
ORD008522,2026-07-28 18:54:13.379438,C0250,P025,9.0,76.31991374494659
ORD008523,2026-06-18 18:54:13.379438,C0336,P013,4.0,399.39374078188166
ORD008524,2026-07-21 18:54:13.379438,C0284,P088,8.0,52.36360556509144
ORD008525,2026-05-12 18:54:13.379438,C0198,P095,5.0,245.9887403185159
ORD008526,2026-07-01 18:54:13.379438,C0416,P020,1.0,219.01608569870967
ORD008527,2026-09-24 18:54:13.379438,C0732,P072,9.0,405.03673024577057
ORD008528,2026-07-24 18:54:13.379438,C0395,P060,8.0,219.5080347250115
ORD008529,2026-05-20 18:54:13.379438,C0938,P073,5.0,350.2123312164621
ORD008530,2026-09-22 18:54:13.379438,C0151,P021,4.0,244.34775669701702
ORD008531,2026-08-18 18:54:13.379438,C0798,P061,8.0,295.19018457969105
ORD008532,2026-08-09 18:54:13.379438,C0265,P084,9.0,128.11008890028353
ORD008533,2026-09-28 18:54:13.379438,C0220,P079,7.0,109.20209935505646
ORD008534,2026-06-19 18:54:13.379438,C0216,P026,4.0,357.85751675813066
ORD008535,2026-04-18 18:54:13.379438,C0315,P054,7.0,69.94188502444227
ORD008536,2026-05-09 18:54:13.379438,C0668,P042,6.0,96.23215956093203
ORD008537,2026-06-05 18:54:13.379438,C0216,P011,3.0,471.0637360838407
ORD008538,2026-06-11 18:54:13.379438,C0335,P037,3.0,134.131233267984
ORD008539,2026-09-19 18:54:13.379438,C0359,P011,1.0,168.4149143551924
ORD008540,2026-06-16 18:54:13.379438,C0626,P027,5.0,320.265214027017
ORD008541,2026-04-27 18:54:13.379438,C0161,P094,8.0,225.77359424069263
ORD008542,2026-05-22 18:54:13.379438,C0815,P083,6.0,283.91021993467814
ORD008543,2026-08-27 18:54:13.379438,C0610,P034,8.0,80.85037300066183
ORD008544,2026-04-10 18:54:13.379438,C0511,P038,7.0,339.47976135773825
ORD008545,2026-04-07 18:54:13.379438,C0918,P061,2.0,86.72584253340695
ORD008546,2026-07-02 18:54:13.379438,C0157,P087,8.0,376.3855097553004
ORD008547,2026-06-02 18:54:13.379438,C0162,P053,4.0,266.5724708673618
ORD008548,2026-05-28 18:54:13.379438,C0042,P065,5.0,409.93457596748567
ORD008549,2026-04-19 18:54:13.379438,C0180,P003,8.0,94.61470179124834
ORD008550,2026-05-02 18:54:13.379438,C0303,P067,5.0,194.99454385185987
ORD008551,2026-09-01 18:54:13.379438,C0330,P028,5.0,424.9476759503805
ORD008552,2026-04-17 18:54:13.379438,C0563,P014,6.0,401.3690304831553
ORD008553,2026-06-21 18:54:13.379438,C0764,P052,7.0,483.219447542859
ORD008554,2026-09-27 18:54:13.379438,C0429,P030,9.0,118.76062337828195
ORD008555,2026-05-06 18:54:13.379438,C0350,P058,7.0,274.1237358770444
ORD008556,2026-09-03 18:54:13.379438,C0120,P054,6.0,18.763523622528474
ORD008557,2026-04-24 18:54:13.379438,C0075,P069,4.0,482.96494271219694
ORD008558,2026-08-26 18:54:13.379438,C0674,P015,2.0,95.81230798155886
ORD008559,2026-04-26 18:54:13.379438,C0661,P038,9.0,453.30672716260653
ORD008560,2026-05-30 18:54:13.379438,C0123,P078,5.0,342.3832406825921
ORD008561,2026-08-23 18:54:13.379438,C0653,P014,5.0,469.05575573534975
ORD008562,2026-07-05 18:54:13.379438,C0182,P057,3.0,131.63229529113187
ORD008563,2026-04-23 18:54:13.379438,C0921,P059,3.0,179.1305004964263
ORD008564,2026-09-08 18:54:13.379438,C0890,P008,1.0,90.55686577246388
ORD008565,2026-04-22 18:54:13.379438,C0789,P072,5.0,216.99246101039677
ORD008566,2026-07-15 18:54:13.379438,C0257,P019,3.0,474.2747454455724
ORD008567,2026-06-19 18:54:13.379438,C0954,P032,2.0,289.8699516641095
ORD008568,2026-09-01 18:54:13.379438,C0837,P095,9.0,213.90188094579258
ORD008569,2026-05-06 18:54:13.379438,C0757,P029,6.0,169.18450235548733
ORD008570,2026-04-21 18:54:13.379438,C0598,P041,3.0,296.5332829857876
ORD008571,2026-06-15 18:54:13.379438,C0583,P075,7.0,364.3765177730749
ORD008572,2026-09-11 18:54:13.379438,C0269,P045,9.0,209.3263489295896
ORD008573,2026-09-10 18:54:13.379438,C0493,P013,9.0,123.1404436402396
ORD008574,2026-04-20 18:54:13.379438,C0180,P027,1.0,296.65209043282476
ORD008575,2026-04-22 18:54:13.379438,C0791,P019,2.0,189.12569373620428
ORD008576,2026-06-12 18:54:13.379438,C0149,P026,8.0,497.2189723906646
ORD008577,2026-08-01 18:54:13.379438,C0518,P053,1.0,226.11186669777848
ORD008578,2026-07-13 18:54:13.379438,C0148,P051,3.0,222.89952219939556
ORD008579,2026-05-07 18:54:13.379438,C0844,P037,7.0,421.33882436287973
ORD008580,2026-06-26 18:54:13.379438,C0680,P009,8.0,132.99930188040565
ORD008581,2026-09-03 18:54:13.379438,C0009,P092,5.0,42.33365712134161
ORD008582,2026-06-16 18:54:13.379438,C0178,P096,2.0,428.3712189903419
ORD008583,2026-06-30 18:54:13.379438,C0796,P052,3.0,298.62977354888864
ORD008584,2026-06-27 18:54:13.379438,C0395,P054,9.0,137.47681782922194
ORD008585,2026-04-14 18:54:13.379438,C0628,P003,7.0,177.95169272243913
ORD008586,2026-07-03 18:54:13.379438,C0608,P096,1.0,218.56868840576158
ORD008587,2026-08-25 18:54:13.379438,C0331,P069,3.0,343.3916018454085
ORD008588,2026-08-08 18:54:13.379438,C0856,P008,9.0,239.40921726655475
ORD008589,2026-07-25 18:54:13.379438,C0056,P014,7.0,203.95158332541246
ORD008590,2026-06-22 18:54:13.379438,C0207,P003,2.0,392.4285861049954
ORD008591,2026-04-10 18:54:13.379438,C0105,P024,6.0,45.20578043515778
ORD008592,2026-04-19 18:54:13.379438,C0547,P013,9.0,329.74307643511037
ORD008593,2026-04-19 18:54:13.379438,C0721,P043,4.0,229.9724324706592
ORD008594,2026-09-18 18:54:13.379438,C0793,P029,2.0,174.0782187663743
ORD008595,2026-04-15 18:54:13.379438,C0881,P072,3.0,464.5120879475122
ORD008596,2026-05-08 18:54:13.379438,C0355,P051,7.0,391.18537679429375
ORD008597,2026-04-24 18:54:13.379438,C0659,P042,4.0,117.43678677172745
ORD008598,2026-09-28 18:54:13.379438,C0489,P031,7.0,329.64485399117746
ORD008599,2026-09-21 18:54:13.379438,C0799,P063,5.0,412.9203808235911
ORD008600,2026-04-20 18:54:13.379438,C0593,P026,8.0,494.7763871044338
ORD008601,2026-05-05 18:54:13.379438,C0503,P018,8.0,352.22824713285496
ORD008602,2026-05-14 18:54:13.379438,C0050,P082,5.0,348.43856470492983
ORD008603,2026-08-15 18:54:13.379438,C0087,P057,7.0,310.5130773567437
ORD008604,2026-04-30 18:54:13.379438,C0703,P007,6.0,29.601279559018963
ORD008605,2026-08-29 18:54:13.379438,C0303,P048,8.0,296.6776682606033
ORD008606,2026-09-03 18:54:13.379438,C0001,P080,9.0,404.47335138050073
ORD008607,2026-06-08 18:54:13.379438,C0381,P060,5.0,203.75503763714278
ORD008608,2026-08-18 18:54:13.379438,C0954,P033,7.0,297.6198320668879
ORD008609,2026-07-04 18:54:13.379438,C0650,P003,1.0,463.9792251363278
ORD008610,2026-06-03 18:54:13.379438,C0648,P004,8.0,94.2967117955476
ORD008611,2026-09-16 18:54:13.379438,C0362,P004,3.0,147.43312562042917
ORD008612,2026-04-06 18:54:13.379438,C0381,P042,1.0,64.05558615589192
ORD008613,2026-07-15 18:54:13.379438,C0666,P009,6.0,255.11985604998705
ORD008614,2026-05-28 18:54:13.379438,C0162,P051,8.0,421.428202087431
ORD008615,2026-04-04 18:54:13.379438,C0019,P017,3.0,223.25633449564862
ORD008616,2026-07-13 18:54:13.379438,C0974,P017,1.0,44.221530272005666
ORD008617,2026-05-18 18:54:13.379438,C0840,P097,3.0,139.13348043986
ORD008618,2026-09-25 18:54:13.379438,C0243,P020,5.0,445.95618970316787
ORD008619,2026-04-29 18:54:13.379438,C0129,P014,8.0,283.1868140762694
ORD008620,2026-08-02 18:54:13.379438,C0176,P022,9.0,457.89490282065947
ORD008621,2026-08-23 18:54:13.379438,C0409,P052,9.0,418.87465101525027
ORD008622,2026-05-19 18:54:13.379438,C0792,P027,4.0,213.00289041159095
ORD008623,2026-08-03 18:54:13.379438,C0943,P043,8.0,320.4365599547763
ORD008624,2026-05-04 18:54:13.379438,C0084,P003,5.0,335.56831557834266
ORD008625,2026-06-01 18:54:13.379438,C0376,P088,3.0,375.930743760217
ORD008626,2026-05-02 18:54:13.379438,C0222,P094,5.0,173.1535881649598
ORD008627,2026-07-18 18:54:13.379438,C0325,P008,2.0,151.6048283486765
ORD008628,2026-04-20 18:54:13.379438,C0451,P086,6.0,345.4484977834441
ORD008629,2026-08-23 18:54:13.379438,C0416,P089,1.0,411.18957345524797
ORD008630,2026-09-14 18:54:13.379438,C0657,P010,6.0,212.9809253977195
ORD008631,2026-04-27 18:54:13.379438,C0445,P029,5.0,167.32358677190695
ORD008632,2026-07-21 18:54:13.379438,C0618,P040,9.0,414.5129549844425
ORD008633,2026-07-03 18:54:13.379438,C0325,P065,7.0,346.6057643135864
ORD008634,2026-04-28 18:54:13.379438,C0523,P021,6.0,178.33950951527393
ORD008635,2026-05-05 18:54:13.379438,C0166,P024,7.0,269.53635276916674
ORD008636,2026-07-28 18:54:13.379438,C0708,P073,5.0,480.8226215191543
ORD008637,2026-06-24 18:54:13.379438,C0743,P060,1.0,377.4369557369823
ORD008638,2026-07-22 18:54:13.379438,C0659,P026,9.0,118.61575618016438
ORD008639,2026-08-27 18:54:13.379438,C0871,P009,5.0,154.56526168270474
ORD008640,2026-05-10 18:54:13.379438,C0238,P020,4.0,139.95812159863735
ORD008641,2026-04-29 18:54:13.379438,C0983,P056,6.0,425.690993006976
ORD008642,2026-08-18 18:54:13.379438,C0913,P099,5.0,324.29542240138414
ORD008643,2026-06-06 18:54:13.379438,C0013,P036,1.0,470.598720604562
ORD008644,2026-06-14 18:54:13.379438,C0731,P036,2.0,54.55774379929386
ORD008645,2026-08-29 18:54:13.379438,C0257,P073,4.0,35.48186003612629
ORD008646,2026-07-18 18:54:13.379438,C0514,P022,8.0,341.33889455818536
ORD008647,2026-06-28 18:54:13.379438,C0210,P001,5.0,140.64571816321654
ORD008648,2026-09-08 18:54:13.379438,C0484,P069,7.0,342.79410002655555
ORD008649,2026-05-26 18:54:13.379438,C0365,P073,2.0,364.50038492315156
ORD008650,2026-07-04 18:54:13.379438,C0225,P037,8.0,159.1957602225529
ORD008651,2026-07-11 18:54:13.379438,C0996,P083,5.0,476.8073731249994
ORD008652,2026-04-14 18:54:13.379438,C0194,P072,4.0,389.6230344149697
ORD008653,2026-05-04 18:54:13.379438,C0196,P096,9.0,190.0040006935513
ORD008654,2026-09-27 18:54:13.379438,C0400,P013,6.0,211.93814401362016
ORD008655,2026-07-12 18:54:13.379438,C0772,P084,4.0,360.77701058539765
ORD008656,2026-06-29 18:54:13.379438,C0057,P043,8.0,158.9780067993599
ORD008657,2026-08-28 18:54:13.379438,C0969,P037,3.0,154.733837725876
ORD008658,2026-08-21 18:54:13.379438,C0625,P094,2.0,316.20567402764505
ORD008659,2026-04-18 18:54:13.379438,C0213,P074,7.0,76.04919714253631
ORD008660,2026-09-09 18:54:13.379438,C0279,P095,4.0,496.7379216775484
ORD008661,2026-09-21 18:54:13.379438,C0756,P025,4.0,150.74628760356728
ORD008662,2026-07-13 18:54:13.379438,C0380,P093,9.0,197.5300885671747
ORD008663,2026-09-15 18:54:13.379438,C0117,P088,2.0,119.88986310646266
ORD008664,2026-05-02 18:54:13.379438,C0898,P021,1.0,325.3130574726554
ORD008665,2026-07-26 18:54:13.379438,C0451,P041,7.0,39.639428463185546
ORD008666,2026-07-19 18:54:13.379438,C0599,P073,8.0,464.626241908447
ORD008667,2026-09-04 18:54:13.379438,C0410,P042,3.0,158.952834153681
ORD008668,2026-07-20 18:54:13.379438,C0893,P042,2.0,464.4138790835952
ORD008669,2026-08-11 18:54:13.379438,C0367,P002,4.0,134.23420673113804
ORD008670,2026-06-26 18:54:13.379438,C0775,P068,2.0,261.75620177939686
ORD008671,2026-04-18 18:54:13.379438,C0996,P008,2.0,350.6341240788125
ORD008672,2026-08-13 18:54:13.379438,C0812,P096,5.0,310.1871709014968
ORD008673,2026-05-23 18:54:13.379438,C0929,P061,5.0,261.12135655224404
ORD008674,2026-09-16 18:54:13.379438,C0113,P014,8.0,396.3810292996346
ORD008675,2026-04-26 18:54:13.379438,C0960,P077,9.0,240.54207886784627
ORD008676,2026-06-01 18:54:13.379438,C0164,P021,2.0,173.25547636790907
ORD008677,2026-07-02 18:54:13.379438,C0004,P024,1.0,362.1105345556804
ORD008678,2026-07-27 18:54:13.379438,C0630,P050,3.0,469.2630576885113
ORD008679,2026-06-17 18:54:13.379438,C0023,P082,6.0,304.6788338011672
ORD008680,2026-09-06 18:54:13.379438,C0921,P045,5.0,147.05757052449667
ORD008681,2026-08-04 18:54:13.379438,C0745,P064,8.0,383.77631505345664
ORD008682,2026-08-17 18:54:13.379438,C0602,P064,8.0,383.34314419038753
ORD008683,2026-09-07 18:54:13.379438,C0988,P026,2.0,140.76342140057545
ORD008684,2026-08-20 18:54:13.379438,C0767,P032,9.0,198.46883321906265
ORD008685,2026-04-21 18:54:13.379438,C0092,P057,4.0,79.06296544683208
ORD008686,2026-05-23 18:54:13.379438,C0469,P053,1.0,49.03711288571414
ORD008687,2026-08-23 18:54:13.379438,C0970,P033,2.0,405.6077338035531
ORD008688,2026-07-30 18:54:13.379438,C0155,P052,6.0,192.56236431861103
ORD008689,2026-08-18 18:54:13.379438,C0819,P095,5.0,147.84286008520152
ORD008690,2026-08-20 18:54:13.379438,C0627,P018,7.0,135.48474691824407
ORD008691,2026-07-20 18:54:13.379438,C0207,P035,9.0,46.65474674058484
ORD008692,2026-06-09 18:54:13.379438,C0081,P012,6.0,492.58274178370567
ORD008693,2026-09-17 18:54:13.379438,C0615,P051,6.0,189.852328042377
ORD008694,2026-06-20 18:54:13.379438,C0483,P089,2.0,90.48221211348915
ORD008695,2026-09-06 18:54:13.379438,C0965,P095,7.0,433.42877141593175
ORD008696,2026-06-17 18:54:13.379438,C0592,P010,2.0,364.3287230866329
ORD008697,2026-05-12 18:54:13.379438,C0407,P052,7.0,334.6841991781478
ORD008698,2026-04-28 18:54:13.379438,C0103,P034,8.0,155.6352093897693
ORD008699,2026-04-24 18:54:13.379438,C0240,P067,1.0,213.57486450725645
ORD008700,2026-08-19 18:54:13.379438,C0265,P039,9.0,422.13279511713165
ORD008701,2026-09-21 18:54:13.379438,C0033,P008,8.0,323.5496464592678
ORD008702,2026-04-18 18:54:13.379438,C0035,P096,9.0,179.3695332349023
ORD008703,2026-05-21 18:54:13.379438,C0249,P029,5.0,63.54711104475394
ORD008704,2026-06-28 18:54:13.379438,C0050,P022,4.0,451.13251134852175
ORD008705,2026-08-30 18:54:13.379438,C0280,P084,1.0,478.2133525470192
ORD008706,2026-07-28 18:54:13.379438,C0984,P070,9.0,362.20951296114356
ORD008707,2026-05-23 18:54:13.379438,C0754,P061,4.0,348.78198730538287
ORD008708,2026-09-01 18:54:13.379438,C0152,P043,4.0,273.4779186562819
ORD008709,2026-08-22 18:54:13.379438,C0659,P049,4.0,486.04011369893885
ORD008710,2026-06-11 18:54:13.379438,C0551,P029,2.0,350.1337248880073
ORD008711,2026-04-07 18:54:13.379438,C0701,P081,4.0,47.59983322123098
ORD008712,2026-06-20 18:54:13.379438,C0537,P031,2.0,54.9474026553417
ORD008713,2026-04-12 18:54:13.379438,C0756,P053,8.0,482.15052505906164
ORD008714,2026-08-02 18:54:13.379438,C0735,P034,7.0,472.20694655027035
ORD008715,2026-07-27 18:54:13.379438,C0230,P038,2.0,283.33955318393
ORD008716,2026-09-13 18:54:13.379438,C0665,P057,2.0,114.92897440947462
ORD008717,2026-07-13 18:54:13.379438,C0923,P004,2.0,295.91782125387033
ORD008718,2026-08-30 18:54:13.379438,C0288,P002,1.0,384.1364884990739
ORD008719,2026-08-27 18:54:13.379438,C0395,P012,6.0,14.05833906018283
ORD008720,2026-07-09 18:54:13.379438,C0453,P035,6.0,413.17816944138957
ORD008721,2026-06-23 18:54:13.379438,C0620,P070,1.0,237.7506408877419
ORD008722,2026-05-16 18:54:13.379438,C0033,P072,1.0,236.95034441452282
ORD008723,2026-07-07 18:54:13.379438,C0915,P021,6.0,222.8103138456419
ORD008724,2026-04-09 18:54:13.379438,C0363,P061,6.0,349.00458632956895
ORD008725,2026-06-09 18:54:13.379438,C0111,P035,4.0,112.63613371373089
ORD008726,2026-08-21 18:54:13.379438,C0121,P048,3.0,307.2636136344341
ORD008727,2026-07-12 18:54:13.379438,C0016,P015,9.0,31.607421497699114
ORD008728,2026-04-15 18:54:13.379438,C0739,P071,6.0,407.5611987788984
ORD008729,2026-06-08 18:54:13.379438,C0523,P015,1.0,409.5673242062086
ORD008730,2026-04-05 18:54:13.379438,C0715,P006,3.0,162.82117724176817
ORD008731,2026-08-24 18:54:13.379438,C0714,P081,1.0,61.655518747711
ORD008732,2026-09-01 18:54:13.379438,C0098,P068,3.0,376.3969880655784
ORD008733,2026-09-07 18:54:13.379438,C0116,P022,2.0,240.40506174515116
ORD008734,2026-06-23 18:54:13.379438,C0965,P032,5.0,463.23381749179185
ORD008735,2026-08-16 18:54:13.379438,C0471,P022,3.0,183.20747447228104
ORD008736,2026-09-06 18:54:13.379438,C0439,P027,7.0,422.33942509455966
ORD008737,2026-08-23 18:54:13.379438,C0281,P015,8.0,22.408215138204802
ORD008738,2026-09-22 18:54:13.379438,C0349,P044,7.0,388.66896855598407
ORD008739,2026-09-08 18:54:13.379438,C0232,P086,2.0,342.3424394636019
ORD008740,2026-09-10 18:54:13.379438,C0973,P092,7.0,267.87116561327815
ORD008741,2026-06-12 18:54:13.379438,C0111,P009,3.0,456.10868299137616
ORD008742,2026-07-27 18:54:13.379438,C0352,P034,7.0,471.5854824333205
ORD008743,2026-06-30 18:54:13.379438,C0930,P073,1.0,465.5457297302467
ORD008744,2026-04-09 18:54:13.379438,C0012,P015,2.0,302.9234355346487
ORD008745,2026-04-30 18:54:13.379438,C0984,P062,1.0,264.50426108515774
ORD008746,2026-06-24 18:54:13.379438,C0488,P045,9.0,141.79630132744325
ORD008747,2026-06-30 18:54:13.379438,C0533,P084,2.0,89.41447282760615
ORD008748,2026-08-01 18:54:13.379438,C0639,P072,2.0,282.97631035354124
ORD008749,2026-04-27 18:54:13.379438,C0285,P058,6.0,82.76339451466472
ORD008750,2026-07-14 18:54:13.379438,C0947,P092,7.0,94.33667514671578
ORD008751,2026-05-07 18:54:13.379438,C0633,P019,2.0,184.8040685774716
ORD008752,2026-09-18 18:54:13.379438,C0636,P016,4.0,101.50605055074641
ORD008753,2026-05-20 18:54:13.379438,C0919,P075,3.0,255.84678927668384
ORD008754,2026-04-27 18:54:13.379438,C0545,P008,5.0,335.2372479674333
ORD008755,2026-06-07 18:54:13.379438,C0392,P033,9.0,351.97128244631017
ORD008756,2026-04-21 18:54:13.379438,C0170,P074,2.0,271.0612249829973
ORD008757,2026-05-17 18:54:13.379438,C0077,P018,5.0,265.6815304897895
ORD008758,2026-06-18 18:54:13.379438,C0965,P035,8.0,242.65745308724323
ORD008759,2026-05-30 18:54:13.379438,C0297,P043,6.0,130.17995490803065
ORD008760,2026-07-19 18:54:13.379438,C0330,P050,4.0,330.5789875153456
ORD008761,2026-09-06 18:54:13.379438,C0063,P003,8.0,331.94430267248066
ORD008762,2026-08-05 18:54:13.379438,C0270,P091,3.0,135.3444544298469
ORD008763,2026-09-01 18:54:13.379438,C0216,P059,4.0,353.2788211326067
ORD008764,2026-09-12 18:54:13.379438,C0190,P028,9.0,430.4226123056672
ORD008765,2026-08-20 18:54:13.379438,C0075,P046,5.0,301.4076058214971
ORD008766,2026-09-13 18:54:13.379438,C0686,P064,6.0,67.59441446094144
ORD008767,2026-07-28 18:54:13.379438,C0510,P070,2.0,170.3577472954091
ORD008768,2026-07-05 18:54:13.379438,C0579,P047,9.0,55.466091656834976
ORD008769,2026-05-15 18:54:13.379438,C0093,P014,8.0,157.99523654124408
ORD008770,2026-05-01 18:54:13.379438,C0053,P007,7.0,113.85267971301366
ORD008771,2026-08-04 18:54:13.379438,C0496,P074,9.0,281.76814467048536
ORD008772,2026-04-27 18:54:13.379438,C0948,P079,5.0,217.53679968108966
ORD008773,2026-08-17 18:54:13.379438,C0094,P031,5.0,364.1152005085544
ORD008774,2026-07-18 18:54:13.379438,C0625,P093,9.0,187.8907368160585
ORD008775,2026-07-30 18:54:13.379438,C0229,P081,5.0,85.81311863158041
ORD008776,2026-05-26 18:54:13.379438,C0250,P051,9.0,125.65220868574414
ORD008777,2026-08-13 18:54:13.379438,C0391,P029,1.0,277.4337627161098
ORD008778,2026-07-12 18:54:13.379438,C0721,P015,8.0,230.42886935814877
ORD008779,2026-04-08 18:54:13.379438,C0980,P090,3.0,30.878218007531416
ORD008780,2026-05-22 18:54:13.379438,C0182,P076,8.0,112.87329518268398
ORD008781,2026-07-10 18:54:13.379438,C0267,P025,5.0,155.40087837480638
ORD008782,2026-05-03 18:54:13.379438,C0281,P061,2.0,365.42617627438227
ORD008783,2026-06-14 18:54:13.379438,C0955,P041,9.0,367.90920674038443
ORD008784,2026-07-15 18:54:13.379438,C0984,P069,4.0,352.01393046555023
ORD008785,2026-06-05 18:54:13.379438,C0962,P004,7.0,411.04611788696155
ORD008786,2026-09-25 18:54:13.379438,C0667,P057,8.0,438.20106325263146
ORD008787,2026-04-29 18:54:13.379438,C0083,P031,7.0,44.8430334740429
ORD008788,2026-05-10 18:54:13.379438,C0186,P003,6.0,251.59807866989718
ORD008789,2026-04-10 18:54:13.379438,C0861,P067,7.0,82.99004940771198
ORD008790,2026-08-08 18:54:13.379438,C0997,P090,4.0,183.48946401731882
ORD008791,2026-09-18 18:54:13.379438,C0651,P050,1.0,334.9665555349847
ORD008792,2026-07-04 18:54:13.379438,C0567,P017,5.0,304.8127740561534
ORD008793,2026-09-17 18:54:13.379438,C0531,P060,8.0,72.99421231734317
ORD008794,2026-07-15 18:54:13.379438,C0348,P074,6.0,380.9699770122754
ORD008795,2026-05-26 18:54:13.379438,C0423,P066,5.0,395.63820992734327
ORD008796,2026-08-13 18:54:13.379438,C0981,P088,2.0,78.20010038900142
ORD008797,2026-07-20 18:54:13.379438,C0858,P075,5.0,311.6729370421733
ORD008798,2026-07-24 18:54:13.379438,C0982,P024,3.0,473.1623592579213
ORD008799,2026-09-03 18:54:13.379438,C0454,P099,2.0,56.03101435523468
ORD008800,2026-04-10 18:54:13.379438,C0267,P087,3.0,90.65731788712665
ORD008801,2026-09-06 18:54:13.379438,C0507,P032,4.0,385.10703505787734
ORD008802,2026-06-09 18:54:13.379438,C0142,P087,2.0,175.0935931200779
ORD008803,2026-07-20 18:54:13.379438,C0316,P098,4.0,478.23008741436405
ORD008804,2026-07-23 18:54:13.379438,C0676,P019,4.0,315.9378907344245
ORD008805,2026-08-29 18:54:13.379438,C0764,P066,6.0,246.76815726264263
ORD008806,2026-06-25 18:54:13.379438,C0232,P060,5.0,175.4551209942561
ORD008807,2026-08-05 18:54:13.379438,C0297,P066,7.0,127.17112103855222
ORD008808,2026-08-20 18:54:13.379438,C0898,P015,7.0,328.510193152138
ORD008809,2026-07-16 18:54:13.379438,C0953,P085,3.0,300.09419150757043
ORD008810,2026-06-09 18:54:13.379438,C0875,P035,9.0,185.3772822404153
ORD008811,2026-04-10 18:54:13.379438,C0572,P069,7.0,459.7106057082918
ORD008812,2026-09-01 18:54:13.379438,C0916,P027,7.0,383.2839086924541
ORD008813,2026-07-22 18:54:13.379438,C0022,P088,2.0,137.43301466642072
ORD008814,2026-05-07 18:54:13.379438,C0384,P007,3.0,472.24932647990727
ORD008815,2026-07-18 18:54:13.379438,C0126,P006,3.0,380.2141548186484
ORD008816,2026-08-28 18:54:13.379438,C0103,P033,6.0,449.58239434356807
ORD008817,2026-05-31 18:54:13.379438,C0900,P058,4.0,76.74778264569508
ORD008818,2026-04-12 18:54:13.379438,C0952,P049,4.0,26.16841300254194
ORD008819,2026-05-21 18:54:13.379438,C0733,P017,1.0,251.52995019769088
ORD008820,2026-07-27 18:54:13.379438,C0110,P042,6.0,229.5949058097258
ORD008821,2026-05-14 18:54:13.379438,C0570,P094,8.0,436.20393774506215
ORD008822,2026-05-21 18:54:13.379438,C0472,P072,8.0,94.35126279796529
ORD008823,2026-09-23 18:54:13.379438,C0065,P040,8.0,21.555286665152565
ORD008824,2026-04-28 18:54:13.379438,C0472,P046,5.0,269.33142065869964
ORD008825,2026-07-28 18:54:13.379438,C0570,P071,6.0,97.0073926233789
ORD008826,2026-06-20 18:54:13.379438,C0670,P070,5.0,34.25940269164043
ORD008827,2026-07-20 18:54:13.379438,C0076,P068,4.0,20.881163148527243
ORD008828,2026-04-28 18:54:13.379438,C0019,P001,4.0,79.79249121089214
ORD008829,2026-08-28 18:54:13.379438,C0384,P079,4.0,194.16972633417066
ORD008830,2026-05-12 18:54:13.379438,C0997,P095,4.0,443.14448086009776
ORD008831,2026-07-31 18:54:13.379438,C0190,P089,6.0,382.68155923671037
ORD008832,2026-06-21 18:54:13.379438,C0762,P097,6.0,269.78243633507424
ORD008833,2026-06-22 18:54:13.379438,C0360,P052,5.0,220.86893503513798
ORD008834,2026-04-30 18:54:13.379438,C0875,P035,9.0,233.34154742564894
ORD008835,2026-07-16 18:54:13.379438,C0886,P069,8.0,443.4757631132782
ORD008836,2026-06-16 18:54:13.379438,C0452,P005,6.0,365.0692541226853
ORD008837,2026-06-10 18:54:13.379438,C0079,P017,9.0,94.2861321072343
ORD008838,2026-08-28 18:54:13.379438,C0596,P053,5.0,470.46862493011287
ORD008839,2026-05-01 18:54:13.379438,C0172,P052,4.0,388.72837637272363
ORD008840,2026-08-04 18:54:13.379438,C0212,P014,6.0,26.73647644640662
ORD008841,2026-09-11 18:54:13.379438,C0886,P029,4.0,256.1059437478444
ORD008842,2026-08-19 18:54:13.379438,C0445,P008,8.0,329.8630799119726
ORD008843,2026-06-25 18:54:13.379438,C0149,P098,7.0,39.884611554772846
ORD008844,2026-05-03 18:54:13.379438,C0010,P001,5.0,182.9994861911285
ORD008845,2026-04-25 18:54:13.379438,C0542,P029,6.0,327.6682062456495
ORD008846,2026-04-06 18:54:13.379438,C0792,P036,7.0,409.88296042556163
ORD008847,2026-07-13 18:54:13.379438,C0944,P051,2.0,488.79756886436866
ORD008848,2026-07-17 18:54:13.379438,C0055,P037,9.0,69.59892193769922
ORD008849,2026-09-26 18:54:13.379438,C0872,P093,7.0,319.8771709154741
ORD008850,2026-04-05 18:54:13.379438,C0639,P069,8.0,447.4669453203193
ORD008851,2026-05-27 18:54:13.379438,C0180,P053,5.0,361.2897512156439
ORD008852,2026-04-09 18:54:13.379438,C0744,P096,3.0,319.87581841147903
ORD008853,2026-07-19 18:54:13.379438,C0381,P052,2.0,115.06676775481739
ORD008854,2026-09-18 18:54:13.379438,C0422,P088,2.0,409.49568905263953
ORD008855,2026-08-04 18:54:13.379438,C0451,P083,3.0,285.6207777275918
ORD008856,2026-04-05 18:54:13.379438,C0093,P012,1.0,64.59395270931236
ORD008857,2026-07-23 18:54:13.379438,C0520,P052,1.0,468.4448534483452
ORD008858,2026-04-05 18:54:13.379438,C0413,P001,7.0,494.3114612802288
ORD008859,2026-07-05 18:54:13.379438,C0759,P007,8.0,273.45950721425436
ORD008860,2026-07-13 18:54:13.379438,C0394,P017,6.0,390.47475609565754
ORD008861,2026-07-09 18:54:13.379438,C0965,P098,7.0,295.82322589541263
ORD008862,2026-07-23 18:54:13.379438,C0331,P043,1.0,216.8808144467408
ORD008863,2026-04-09 18:54:13.379438,C0708,P071,1.0,210.4629365215052
ORD008864,2026-08-08 18:54:13.379438,C0433,P017,9.0,482.5140064628304
ORD008865,2026-07-16 18:54:13.379438,C0954,P059,5.0,190.7053832518857
ORD008866,2026-08-28 18:54:13.379438,C0163,P003,7.0,250.32255170093765
ORD008867,2026-09-05 18:54:13.379438,C0946,P029,6.0,131.76048507406142
ORD008868,2026-04-04 18:54:13.379438,C0040,P022,4.0,134.10820667815545
ORD008869,2026-05-06 18:54:13.379438,C0766,P038,1.0,184.55127675293213
ORD008870,2026-05-13 18:54:13.379438,C0908,P054,4.0,463.1410417661643
ORD008871,2026-05-05 18:54:13.379438,C0085,P093,8.0,204.3036459869443
ORD008872,2026-04-20 18:54:13.379438,C0784,P050,1.0,280.6218592870884
ORD008873,2026-08-07 18:54:13.379438,C0590,P069,2.0,277.4191986294184
ORD008874,2026-04-11 18:54:13.379438,C0725,P030,8.0,295.744116252514
ORD008875,2026-05-30 18:54:13.379438,C0816,P023,2.0,411.82128251126557
ORD008876,2026-05-15 18:54:13.379438,C0767,P085,9.0,451.58868986346494
ORD008877,2026-07-10 18:54:13.379438,C0091,P090,3.0,112.285965011903
ORD008878,2026-08-18 18:54:13.379438,C0484,P047,3.0,431.6191681674427
ORD008879,2026-08-01 18:54:13.379438,C0385,P021,6.0,278.37649238064796
ORD008880,2026-06-29 18:54:13.379438,C0193,P020,3.0,462.9900693619586
ORD008881,2026-09-13 18:54:13.379438,C0253,P023,9.0,458.9167217363416
ORD008882,2026-05-27 18:54:13.379438,C0790,P068,8.0,200.8223126236441
ORD008883,2026-06-26 18:54:13.379438,C0655,P021,4.0,329.41960296868064
ORD008884,2026-04-28 18:54:13.379438,C0244,P021,6.0,436.99148191518435
ORD008885,2026-06-09 18:54:13.379438,C0724,P001,8.0,198.50734777567288
ORD008886,2026-09-24 18:54:13.379438,C0707,P015,4.0,31.47443254516869
ORD008887,2026-09-02 18:54:13.379438,C0270,P017,5.0,186.30584462061464
ORD008888,2026-05-19 18:54:13.379438,C0841,P051,7.0,189.04803967752756
ORD008889,2026-04-25 18:54:13.379438,C0019,P063,8.0,405.3053444181262
ORD008890,2026-08-20 18:54:13.379438,C0040,P014,7.0,161.71550517041865
ORD008891,2026-09-26 18:54:13.379438,C0610,P059,8.0,448.05201143887444
ORD008892,2026-04-11 18:54:13.379438,C0516,P083,4.0,278.83435359393604
ORD008893,2026-05-12 18:54:13.379438,C0033,P050,1.0,297.21554975058785
ORD008894,2026-09-13 18:54:13.379438,C0811,P034,6.0,405.43369848955547
ORD008895,2026-05-22 18:54:13.379438,C0677,P006,5.0,75.94186300800546
ORD008896,2026-05-19 18:54:13.379438,C0450,P049,4.0,18.791394405274623
ORD008897,2026-05-11 18:54:13.379438,C0539,P006,2.0,37.74119098938201
ORD008898,2026-08-17 18:54:13.379438,C0685,P069,1.0,25.025131778416892
ORD008899,2026-05-27 18:54:13.379438,C0849,P007,9.0,352.9484911645686
ORD008900,2026-09-15 18:54:13.379438,C0625,P097,2.0,130.0358326481226
ORD008901,2026-07-04 18:54:13.379438,C0946,P077,9.0,430.13683317612765
ORD008902,2026-05-13 18:54:13.379438,C0885,P051,6.0,442.60875843783737
ORD008903,2026-05-07 18:54:13.379438,C0892,P001,6.0,184.4826168289909
ORD008904,2026-07-08 18:54:13.379438,C0607,P013,2.0,105.46442458564736
ORD008905,2026-06-21 18:54:13.379438,C0319,P043,6.0,254.41786763496106
ORD008906,2026-08-08 18:54:13.379438,C0745,P027,3.0,409.7461013412516
ORD008907,2026-04-20 18:54:13.379438,C0646,P071,7.0,345.59706714713127
ORD008908,2026-09-11 18:54:13.379438,C0124,P003,4.0,22.613705629209267
ORD008909,2026-09-25 18:54:13.379438,C0372,P058,9.0,13.503770871300453
ORD008910,2026-07-22 18:54:13.379438,C0351,P089,5.0,65.76372878422205
ORD008911,2026-05-25 18:54:13.379438,C0323,P097,3.0,175.01916498440784
ORD008912,2026-07-30 18:54:13.379438,C0488,P017,1.0,273.07228297476365
ORD008913,2026-04-12 18:54:13.379438,C0451,P045,1.0,410.61662225905974
ORD008914,2026-05-06 18:54:13.379438,C0353,P078,4.0,79.96845338582956
ORD008915,2026-07-25 18:54:13.379438,C0116,P058,4.0,84.71471818494177
ORD008916,2026-08-30 18:54:13.379438,C0955,P056,9.0,433.17889387514913
ORD008917,2026-06-27 18:54:13.379438,C0013,P054,8.0,462.7722129368322
ORD008918,2026-04-13 18:54:13.379438,C0917,P087,4.0,280.1318070562697
ORD008919,2026-04-09 18:54:13.379438,C0320,P088,6.0,394.5973755202972
ORD008920,2026-07-27 18:54:13.379438,C0165,P029,7.0,177.90884778140486
ORD008921,2026-08-02 18:54:13.379438,C0720,P054,8.0,473.6707717181558
ORD008922,2026-08-22 18:54:13.379438,C0085,P027,4.0,453.391421474516
ORD008923,2026-06-07 18:54:13.379438,C0248,P045,1.0,426.3064233251179
ORD008924,2026-04-23 18:54:13.379438,C0432,P087,5.0,16.360978690992056
ORD008925,2026-05-30 18:54:13.379438,C0568,P031,1.0,266.41606132922493
ORD008926,2026-05-19 18:54:13.379438,C0684,P036,4.0,23.06428309874086
ORD008927,2026-08-17 18:54:13.379438,C0653,P081,7.0,341.94832138344776
ORD008928,2026-04-13 18:54:13.379438,C0644,P061,7.0,99.88737884379415
ORD008929,2026-07-25 18:54:13.379438,C0479,P037,1.0,323.3451808720549
ORD008930,2026-08-20 18:54:13.379438,C0713,P067,9.0,57.99971116514805
ORD008931,2026-04-15 18:54:13.379438,C0368,P036,2.0,380.7419133095893
ORD008932,2026-08-19 18:54:13.379438,C0801,P005,5.0,365.9595149835615
ORD008933,2026-09-03 18:54:13.379438,C0933,P046,6.0,12.258842910637872
ORD008934,2026-09-27 18:54:13.379438,C0821,P079,1.0,398.10605309820755
ORD008935,2026-09-27 18:54:13.379438,C0357,P052,2.0,90.25578889339361
ORD008936,2026-04-14 18:54:13.379438,C0408,P049,7.0,63.552167277052405
ORD008937,2026-07-30 18:54:13.379438,C0345,P006,6.0,255.12113100501577
ORD008938,2026-09-14 18:54:13.379438,C0179,P010,6.0,299.1446971499261
ORD008939,2026-05-12 18:54:13.379438,C0425,P096,6.0,60.52184656792067
ORD008940,2026-05-26 18:54:13.379438,C0541,P023,7.0,159.32680100093322
ORD008941,2026-05-29 18:54:13.379438,C0443,P017,9.0,209.81950211006762
ORD008942,2026-07-16 18:54:13.379438,C0936,P084,9.0,472.37184891817026
ORD008943,2026-08-10 18:54:13.379438,C0819,P044,2.0,133.1479063312002
ORD008944,2026-05-29 18:54:13.379438,C0306,P041,2.0,137.6391423357826
ORD008945,2026-07-30 18:54:13.379438,C0367,P015,5.0,333.1036613093206
ORD008946,2026-08-13 18:54:13.379438,C0036,P044,7.0,366.3047214619081
ORD008947,2026-05-03 18:54:13.379438,C0463,P058,3.0,15.302857420570652
ORD008948,2026-04-15 18:54:13.379438,C0621,P086,3.0,75.67511783075362
ORD008949,2026-05-08 18:54:13.379438,C0828,P050,4.0,185.2686076644546
ORD008950,2026-06-19 18:54:13.379438,C0146,P052,3.0,319.6853938076809
ORD008951,2026-09-30 18:54:13.379438,C0788,P070,3.0,75.71831694588603
ORD008952,2026-09-09 18:54:13.379438,C0901,P068,8.0,184.905066565875
ORD008953,2026-07-14 18:54:13.379438,C0146,P063,7.0,49.2992806965946
ORD008954,2026-06-29 18:54:13.379438,C0380,P058,7.0,289.84577836497147
ORD008955,2026-05-25 18:54:13.379438,C0168,P023,2.0,218.91901173683056
ORD008956,2026-06-22 18:54:13.379438,C0769,P044,9.0,396.15980184136237
ORD008957,2026-08-16 18:54:13.379438,C0275,P083,6.0,291.2053360320534
ORD008958,2026-04-25 18:54:13.379438,C0087,P095,3.0,332.96270838786506
ORD008959,2026-06-17 18:54:13.379438,C0154,P044,9.0,338.86757237272616
ORD008960,2026-05-31 18:54:13.379438,C0497,P052,9.0,298.908209985096
ORD008961,2026-07-05 18:54:13.379438,C0797,P067,6.0,17.88510085428487
ORD008962,2026-07-15 18:54:13.379438,C0315,P028,6.0,417.7090477999385
ORD008963,2026-08-21 18:54:13.379438,C0831,P067,8.0,459.18279523061176
ORD008964,2026-04-10 18:54:13.379438,C0610,P078,8.0,271.77772854654546
ORD008965,2026-08-09 18:54:13.379438,C0723,P018,6.0,64.95756499457852
ORD008966,2026-05-28 18:54:13.379438,C0958,P027,7.0,330.80375704235
ORD008967,2026-07-18 18:54:13.379438,C0560,P051,4.0,188.22783938518512
ORD008968,2026-06-04 18:54:13.379438,C0830,P060,1.0,45.90723655917302
ORD008969,2026-07-02 18:54:13.379438,C0274,P074,4.0,428.5614710023633
ORD008970,2026-07-10 18:54:13.379438,C0706,P049,8.0,358.7395436234308
ORD008971,2026-06-19 18:54:13.379438,C0764,P015,8.0,404.36428758470566
ORD008972,2026-07-31 18:54:13.379438,C0795,P083,2.0,400.1020846370773
ORD008973,2026-05-09 18:54:13.379438,C0262,P073,7.0,185.26238328530067
ORD008974,2026-07-01 18:54:13.379438,C0487,P068,1.0,246.28437508219733
ORD008975,2026-09-02 18:54:13.379438,C0454,P015,2.0,124.49068131202463
ORD008976,2026-09-22 18:54:13.379438,C0443,P051,8.0,379.89930254987786
ORD008977,2026-08-26 18:54:13.379438,C0262,P048,4.0,266.74125040229416
ORD008978,2026-08-11 18:54:13.379438,C0543,P072,3.0,328.5027270080244
ORD008979,2026-08-22 18:54:13.379438,C0105,P001,2.0,184.74492660374395
ORD008980,2026-09-09 18:54:13.379438,C0350,P007,6.0,342.7994400920067
ORD008981,2026-07-05 18:54:13.379438,C0824,P053,4.0,338.8903019108953
ORD008982,2026-07-26 18:54:13.379438,C0438,P031,3.0,387.3777197880173
ORD008983,2026-05-01 18:54:13.379438,C0981,P018,3.0,86.16437117151374
ORD008984,2026-09-05 18:54:13.379438,C0169,P012,3.0,315.5975042840294
ORD008985,2026-08-24 18:54:13.379438,C0748,P048,8.0,440.9434136110689
ORD008986,2026-05-06 18:54:13.379438,C0786,P030,9.0,56.13899886806781
ORD008987,2026-04-23 18:54:13.379438,C0343,P097,9.0,480.7658686938014
ORD008988,2026-09-20 18:54:13.379438,C0230,P007,5.0,111.81373057528724
ORD008989,2026-08-21 18:54:13.379438,C0023,P092,1.0,468.90771175185773
ORD008990,2026-07-13 18:54:13.379438,C0988,P003,5.0,435.32975705122266
ORD008991,2026-04-26 18:54:13.379438,C0676,P063,1.0,387.39218673532537
ORD008992,2026-07-24 18:54:13.379438,C0281,P006,9.0,112.62275331020479
ORD008993,2026-04-17 18:54:13.379438,C0519,P095,8.0,116.0546207010725
ORD008994,2026-07-03 18:54:13.379438,C0722,P015,7.0,137.0593801705498
ORD008995,2026-09-03 18:54:13.379438,C0253,P071,2.0,407.12365183632767
ORD008996,2026-06-19 18:54:13.379438,C0404,P043,2.0,101.96774980115414
ORD008997,2026-06-27 18:54:13.379438,C0133,P094,4.0,294.61198055459687
ORD008998,2026-07-21 18:54:13.379438,C0274,P091,9.0,390.98923142241375
ORD008999,2026-05-04 18:54:13.379438,C0618,P081,9.0,235.70873654256795
ORD009000,2026-08-03 18:54:13.379438,C0232,P018,8.0,421.96557320265646
ORD009001,2026-07-19 18:54:13.379438,C0545,P022,5.0,285.430469171297
ORD009002,2026-05-27 18:54:13.379438,C0079,P061,7.0,301.61144113140097
ORD009003,2026-08-14 18:54:13.379438,C0035,P061,9.0,341.6238215346834
ORD009004,2026-08-22 18:54:13.379438,C0495,P053,3.0,424.52972942157055
ORD009005,2026-09-06 18:54:13.379438,C0110,P026,4.0,12.270657509994347
ORD009006,2026-05-16 18:54:13.379438,C0321,P091,2.0,202.35208667308527
ORD009007,2026-07-01 18:54:13.379438,C0575,P040,9.0,481.86584319113416
ORD009008,2026-07-27 18:54:13.379438,C0981,P088,7.0,58.3491648467207
ORD009009,2026-07-11 18:54:13.379438,C0328,P008,6.0,124.38977220035027
ORD009010,2026-05-20 18:54:13.379438,C0967,P021,5.0,289.75622853383226
ORD009011,2026-06-13 18:54:13.379438,C0809,P093,7.0,430.36107466106455
ORD009012,2026-09-16 18:54:13.379438,C0690,P043,3.0,57.62963302052967
ORD009013,2026-06-09 18:54:13.379438,C0384,P021,5.0,11.974899007276505
ORD009014,2026-06-04 18:54:13.379438,C0364,P003,2.0,346.64070600616566
ORD009015,2026-07-21 18:54:13.379438,C0232,P031,5.0,302.6780036065056
ORD009016,2026-09-17 18:54:13.379438,C0616,P027,7.0,142.8196469003654
ORD009017,2026-05-10 18:54:13.379438,C0414,P027,7.0,479.2313096292697
ORD009018,2026-07-31 18:54:13.379438,C0294,P073,9.0,283.98345117758464
ORD009019,2026-06-28 18:54:13.379438,C0547,P057,3.0,335.0725282328381
ORD009020,2026-08-07 18:54:13.379438,C0706,P097,8.0,195.6032758392554
ORD009021,2026-08-17 18:54:13.379438,C0174,P033,5.0,461.5782202026338
ORD009022,2026-05-25 18:54:13.379438,C0392,P090,7.0,145.27755095813913
ORD009023,2026-07-03 18:54:13.379438,C0102,P092,1.0,376.9058887647171
ORD009024,2026-05-06 18:54:13.379438,C0836,P044,1.0,67.16637079724471
ORD009025,2026-06-23 18:54:13.379438,C0293,P043,4.0,273.51540172124027
ORD009026,2026-05-15 18:54:13.379438,C0085,P031,5.0,293.11688643467744
ORD009027,2026-07-24 18:54:13.379438,C0909,P065,3.0,102.29324654669503
ORD009028,2026-08-07 18:54:13.379438,C0201,P084,6.0,168.65060406517156
ORD009029,2026-09-05 18:54:13.379438,C0685,P076,3.0,97.56162649596513
ORD009030,2026-08-17 18:54:13.379438,C0541,P017,5.0,424.06278215014265
ORD009031,2026-09-01 18:54:13.379438,C0297,P015,1.0,332.0226393951674
ORD009032,2026-07-18 18:54:13.379438,C0056,P034,3.0,228.75270546336077
ORD009033,2026-08-06 18:54:13.379438,C0472,P080,7.0,282.43032272086595
ORD009034,2026-07-25 18:54:13.379438,C0016,P004,3.0,178.5803597517957
ORD009035,2026-06-06 18:54:13.379438,C0652,P072,5.0,220.0822697773952
ORD009036,2026-08-04 18:54:13.379438,C0066,P098,7.0,313.49218236493664
ORD009037,2026-07-26 18:54:13.379438,C0958,P089,2.0,113.6245144339576
ORD009038,2026-04-23 18:54:13.379438,C0659,P079,3.0,75.70718271374894
ORD009039,2026-04-19 18:54:13.379438,C0670,P028,4.0,472.7848576566381
ORD009040,2026-08-26 18:54:13.379438,C0912,P073,5.0,126.05868821777375
ORD009041,2026-04-22 18:54:13.379438,C0472,P002,9.0,252.6599790203643
ORD009042,2026-08-01 18:54:13.379438,C0909,P017,9.0,383.1460329495095
ORD009043,2026-08-17 18:54:13.379438,C0581,P058,4.0,282.4808703012365
ORD009044,2026-09-16 18:54:13.379438,C0023,P074,9.0,321.0885934290018
ORD009045,2026-05-11 18:54:13.379438,C0702,P009,4.0,90.08214400454358
ORD009046,2026-07-05 18:54:13.379438,C0760,P031,2.0,203.51495329806235
ORD009047,2026-07-17 18:54:13.379438,C0486,P066,1.0,348.21600921746443
ORD009048,2026-07-12 18:54:13.379438,C0415,P088,7.0,112.7952567886126
ORD009049,2026-07-02 18:54:13.379438,C0821,P062,4.0,246.94268740567594
ORD009050,2026-09-09 18:54:13.379438,C0888,P019,8.0,298.73237758800485
ORD009051,2026-05-17 18:54:13.379438,C0657,P081,8.0,396.77306958606175
ORD009052,2026-06-18 18:54:13.379438,C0896,P074,8.0,116.00762877081601
ORD009053,2026-08-26 18:54:13.379438,C0305,P055,6.0,489.265047586414
ORD009054,2026-06-21 18:54:13.379438,C0177,P028,9.0,484.03891110856546
ORD009055,2026-06-15 18:54:13.379438,C0195,P092,4.0,16.023824988547062
ORD009056,2026-09-17 18:54:13.379438,C0922,P050,5.0,190.30898595330314
ORD009057,2026-09-20 18:54:13.379438,C0013,P065,4.0,43.24136306165693
ORD009058,2026-09-26 18:54:13.379438,C0876,P003,5.0,165.4508323534193
ORD009059,2026-08-21 18:54:13.379438,C0166,P079,2.0,307.46081414630225
ORD009060,2026-07-08 18:54:13.379438,C0150,P052,5.0,308.2808986278206
ORD009061,2026-07-01 18:54:13.379438,C0341,P010,8.0,57.36524315925922
ORD009062,2026-07-15 18:54:13.379438,C0925,P021,9.0,341.78798482170134
ORD009063,2026-08-27 18:54:13.379438,C0557,P037,7.0,424.7060235326518
ORD009064,2026-04-09 18:54:13.379438,C0174,P015,7.0,319.2706189648498
ORD009065,2026-08-03 18:54:13.379438,C0167,P087,6.0,161.88331182563263
ORD009066,2026-09-21 18:54:13.379438,C0709,P078,2.0,11.222578296690365
ORD009067,2026-07-28 18:54:13.379438,C0718,P079,9.0,327.7201817442107
ORD009068,2026-09-13 18:54:13.379438,C0594,P074,5.0,342.0994514570969
ORD009069,2026-06-04 18:54:13.379438,C0580,P009,6.0,357.2871402234301
ORD009070,2026-08-25 18:54:13.379438,C0097,P044,1.0,29.237674941560805
ORD009071,2026-08-17 18:54:13.379438,C0679,P039,5.0,263.0594027657561
ORD009072,2026-07-01 18:54:13.379438,C0404,P005,6.0,212.58131915024404
ORD009073,2026-07-08 18:54:13.379438,C0077,P025,2.0,386.00065203096216
ORD009074,2026-08-07 18:54:13.379438,C0996,P056,7.0,364.1177217135471
ORD009075,2026-07-02 18:54:13.379438,C0237,P090,4.0,475.82380680736935
ORD009076,2026-06-28 18:54:13.379438,C0708,P064,5.0,449.7799114713496
ORD009077,2026-09-09 18:54:13.379438,C0291,P072,3.0,283.42332957487497
ORD009078,2026-08-19 18:54:13.379438,C0136,P086,5.0,490.4322215227184
ORD009079,2026-08-02 18:54:13.379438,C0820,P052,4.0,83.60427649175551
ORD009080,2026-06-18 18:54:13.379438,C0808,P089,6.0,13.50775496171785
ORD009081,2026-07-04 18:54:13.379438,C0889,P076,2.0,62.83809600677354
ORD009082,2026-06-12 18:54:13.379438,C0881,P009,3.0,184.00479731197075
ORD009083,2026-08-29 18:54:13.379438,C0367,P010,1.0,380.07708884864604
ORD009084,2026-08-14 18:54:13.379438,C0548,P010,7.0,197.70275144942005
ORD009085,2026-04-26 18:54:13.379438,C0902,P073,9.0,392.49496418392994
ORD009086,2026-08-18 18:54:13.379438,C0248,P062,2.0,373.96422745429646
ORD009087,2026-05-31 18:54:13.379438,C0766,P090,7.0,399.2314024384054
ORD009088,2026-05-19 18:54:13.379438,C0214,P099,3.0,101.76343297776731
ORD009089,2026-04-25 18:54:13.379438,C0764,P091,5.0,262.8564248310911
ORD009090,2026-04-11 18:54:13.379438,C0070,P060,6.0,359.21897636405816
ORD009091,2026-08-04 18:54:13.379438,C0746,P095,8.0,149.24560479293928
ORD009092,2026-04-23 18:54:13.379438,C0996,P019,4.0,420.6329451221016
ORD009093,2026-09-29 18:54:13.379438,C0329,P038,2.0,391.8628632698761
ORD009094,2026-06-20 18:54:13.379438,C0016,P006,3.0,68.73949859757366
ORD009095,2026-05-12 18:54:13.379438,C0487,P015,8.0,116.76511265797977
ORD009096,2026-05-10 18:54:13.379438,C0174,P093,7.0,126.31296392119417
ORD009097,2026-09-28 18:54:13.379438,C0699,P047,6.0,440.4535122048909
ORD009098,2026-09-12 18:54:13.379438,C0806,P045,5.0,101.4961674463821
ORD009099,2026-06-17 18:54:13.379438,C0737,P005,5.0,314.8271832195518
ORD009100,2026-07-30 18:54:13.379438,C0274,P078,1.0,41.80691465244479
ORD009101,2026-07-16 18:54:13.379438,C0524,P053,6.0,280.7276247523815
ORD009102,2026-09-11 18:54:13.379438,C0822,P066,9.0,79.21353013663537
ORD009103,2026-05-04 18:54:13.379438,C0219,P062,8.0,291.992905195539
ORD009104,2026-08-04 18:54:13.379438,C0943,P023,1.0,190.21990457894904
ORD009105,2026-05-27 18:54:13.379438,C0513,P044,6.0,306.78453770585963
ORD009106,2026-09-22 18:54:13.379438,C0399,P052,3.0,203.27717895413957
ORD009107,2026-05-07 18:54:13.379438,C0111,P046,6.0,428.6046534773988
ORD009108,2026-08-03 18:54:13.379438,C0987,P019,9.0,380.919087695631
ORD009109,2026-07-25 18:54:13.379438,C0464,P088,6.0,423.9040826010919
ORD009110,2026-06-04 18:54:13.379438,C0789,P084,8.0,118.80558664130126
ORD009111,2026-04-26 18:54:13.379438,C0641,P047,6.0,82.91983428687183
ORD009112,2026-05-19 18:54:13.379438,C0093,P091,6.0,283.093987504178
ORD009113,2026-05-29 18:54:13.379438,C0451,P052,7.0,437.68827399625303
ORD009114,2026-08-16 18:54:13.379438,C0396,P024,4.0,64.20573868329785
ORD009115,2026-07-30 18:54:13.379438,C0892,P017,8.0,124.60520898848124
ORD009116,2026-08-12 18:54:13.379438,C0924,P089,4.0,375.5391270116048
ORD009117,2026-09-16 18:54:13.379438,C0551,P046,7.0,238.0268791078597
ORD009118,2026-09-12 18:54:13.379438,C0933,P064,1.0,305.697018822132
ORD009119,2026-07-25 18:54:13.379438,C0479,P095,9.0,299.9596678684312
ORD009120,2026-05-17 18:54:13.379438,C0316,P028,9.0,212.05393090538436
ORD009121,2026-08-09 18:54:13.379438,C0671,P050,7.0,355.794130413537
ORD009122,2026-07-20 18:54:13.379438,C0698,P064,8.0,427.6118801788122
ORD009123,2026-09-08 18:54:13.379438,C0993,P028,2.0,454.8009540443836
ORD009124,2026-04-20 18:54:13.379438,C0353,P086,7.0,32.7416833497753
ORD009125,2026-06-01 18:54:13.379438,C0768,P056,1.0,281.26700253944773
ORD009126,2026-08-19 18:54:13.379438,C0239,P059,3.0,29.782057265039285
ORD009127,2026-07-11 18:54:13.379438,C0104,P005,6.0,451.4557541631234
ORD009128,2026-06-26 18:54:13.379438,C0907,P054,5.0,220.34024561839888
ORD009129,2026-08-27 18:54:13.379438,C0878,P044,5.0,451.2574509010903
ORD009130,2026-05-18 18:54:13.379438,C0029,P042,9.0,101.964870826911
ORD009131,2026-07-20 18:54:13.379438,C0089,P072,6.0,89.56190777306384
ORD009132,2026-06-04 18:54:13.379438,C0375,P092,3.0,455.07883004125017
ORD009133,2026-06-01 18:54:13.379438,C0397,P057,2.0,469.8040356916232
ORD009134,2026-09-27 18:54:13.379438,C0563,P047,9.0,385.72692065819115
ORD009135,2026-09-10 18:54:13.379438,C0364,P076,4.0,118.79243267868435
ORD009136,2026-08-19 18:54:13.379438,C0950,P025,5.0,94.2728424583314
ORD009137,2026-04-14 18:54:13.379438,C0147,P044,9.0,376.52640568027
ORD009138,2026-07-14 18:54:13.379438,C0314,P015,5.0,321.0396111039364
ORD009139,2026-06-12 18:54:13.379438,C0548,P051,7.0,437.3175625258343
ORD009140,2026-08-04 18:54:13.379438,C0796,P053,2.0,145.63759499733422
ORD009141,2026-09-25 18:54:13.379438,C0452,P034,2.0,154.72499872758766
ORD009142,2026-05-07 18:54:13.379438,C0899,P077,4.0,368.5041485600298
ORD009143,2026-07-13 18:54:13.379438,C0506,P008,8.0,141.2556178142483
ORD009144,2026-08-26 18:54:13.379438,C0486,P077,2.0,236.56484363360113
ORD009145,2026-07-16 18:54:13.379438,C0101,P070,7.0,264.8696500961963
ORD009146,2026-05-13 18:54:13.379438,C0107,P096,1.0,337.90041620412467
ORD009147,2026-04-22 18:54:13.379438,C0857,P021,9.0,178.74791879725043
ORD009148,2026-06-09 18:54:13.379438,C0937,P007,6.0,430.58512005295904
ORD009149,2026-06-24 18:54:13.379438,C0291,P090,1.0,207.14122313879741
ORD009150,2026-06-06 18:54:13.379438,C0349,P079,6.0,30.272915547012275
ORD009151,2026-06-25 18:54:13.379438,C0617,P056,5.0,42.83102566464251
ORD009152,2026-05-20 18:54:13.379438,C0733,P049,5.0,486.0709494924384
ORD009153,2026-04-09 18:54:13.379438,C0588,P042,5.0,314.8009687986212
ORD009154,2026-04-19 18:54:13.379438,C0227,P023,4.0,250.5547387941027
ORD009155,2026-08-27 18:54:13.379438,C0596,P052,7.0,436.1435068689037
ORD009156,2026-09-30 18:54:13.379438,C0977,P079,9.0,361.2734980889004
ORD009157,2026-09-26 18:54:13.379438,C0588,P053,4.0,98.88214541318364
ORD009158,2026-09-21 18:54:13.379438,C0761,P016,2.0,13.573229201017124
ORD009159,2026-05-12 18:54:13.379438,C0767,P096,2.0,491.24384836791944
ORD009160,2026-09-27 18:54:13.379438,C0050,P037,2.0,318.3158616105271
ORD009161,2026-07-25 18:54:13.379438,C0868,P018,7.0,243.7663748801363
ORD009162,2026-08-21 18:54:13.379438,C0970,P020,4.0,472.88150992412693
ORD009163,2026-08-19 18:54:13.379438,C0722,P046,4.0,190.9117502630707
ORD009164,2026-06-13 18:54:13.379438,C0158,P002,1.0,364.0507823286553
ORD009165,2026-07-22 18:54:13.379438,C0328,P087,4.0,338.3559953950545
ORD009166,2026-05-28 18:54:13.379438,C0745,P094,6.0,341.74050870497433
ORD009167,2026-08-10 18:54:13.379438,C0883,P063,2.0,341.7950198754276
ORD009168,2026-05-22 18:54:13.379438,C0077,P003,4.0,15.109391879584841
ORD009169,2026-09-14 18:54:13.379438,C0735,P046,7.0,413.908001689017
ORD009170,2026-04-24 18:54:13.379438,C0633,P049,9.0,462.24743347527203
ORD009171,2026-05-10 18:54:13.379438,C0454,P001,2.0,230.18119890727314
ORD009172,2026-07-28 18:54:13.379438,C0310,P022,8.0,284.63697784966655
ORD009173,2026-04-27 18:54:13.379438,C0327,P093,6.0,169.11067611324785
ORD009174,2026-05-28 18:54:13.379438,C0508,P014,8.0,394.68533506899456
ORD009175,2026-04-28 18:54:13.379438,C0853,P092,2.0,370.9346472829543
ORD009176,2026-08-16 18:54:13.379438,C0870,P085,1.0,371.8654966835958
ORD009177,2026-08-08 18:54:13.379438,C0107,P045,7.0,370.1121945967789
ORD009178,2026-07-05 18:54:13.379438,C0241,P096,9.0,117.08650796774803
ORD009179,2026-07-06 18:54:13.379438,C0435,P006,9.0,65.1361663248997
ORD009180,2026-06-13 18:54:13.379438,C0028,P065,2.0,162.26958096058706
ORD009181,2026-08-03 18:54:13.379438,C0704,P021,4.0,291.9358374516753
ORD009182,2026-04-27 18:54:13.379438,C0249,P004,1.0,205.7664513257901
ORD009183,2026-04-14 18:54:13.379438,C0364,P003,7.0,132.13045977208353
ORD009184,2026-06-15 18:54:13.379438,C0725,P030,2.0,20.92149598348854
ORD009185,2026-04-15 18:54:13.379438,C0533,P031,4.0,69.35522863155023
ORD009186,2026-05-08 18:54:13.379438,C0472,P034,2.0,61.61262966195718
ORD009187,2026-08-22 18:54:13.379438,C0667,P083,1.0,478.7532216254383
ORD009188,2026-04-26 18:54:13.379438,C0539,P020,7.0,391.62423211642607
ORD009189,2026-06-25 18:54:13.379438,C0589,P087,6.0,70.14841177814648
ORD009190,2026-09-17 18:54:13.379438,C0818,P054,2.0,238.93321317168605
ORD009191,2026-06-30 18:54:13.379438,C0413,P025,4.0,330.69817413602397
ORD009192,2026-06-22 18:54:13.379438,C0935,P015,3.0,480.90639281474137
ORD009193,2026-07-09 18:54:13.379438,C0569,P038,3.0,141.79231890915898
ORD009194,2026-08-21 18:54:13.379438,C0631,P023,3.0,139.3828992939849
ORD009195,2026-05-07 18:54:13.379438,C0988,P052,4.0,288.44624921881734
ORD009196,2026-06-17 18:54:13.379438,C0165,P066,1.0,430.1151384564273
ORD009197,2026-09-09 18:54:13.379438,C0989,P057,1.0,147.01437727457215
ORD009198,2026-08-09 18:54:13.379438,C0576,P057,7.0,71.65436774906674
ORD009199,2026-08-22 18:54:13.379438,C0048,P079,5.0,140.40378185569878
ORD009200,2026-05-04 18:54:13.379438,C0662,P052,3.0,230.04296862758267
ORD009201,2026-08-11 18:54:13.379438,C0484,P035,9.0,186.37712014051425
ORD009202,2026-07-15 18:54:13.379438,C0158,P074,5.0,431.9943648005904
ORD009203,2026-04-18 18:54:13.379438,C0668,P014,3.0,472.04327924198
ORD009204,2026-05-30 18:54:13.379438,C0151,P091,9.0,195.44043606135014
ORD009205,2026-06-17 18:54:13.379438,C0225,P014,1.0,413.4764387031564
ORD009206,2026-05-07 18:54:13.379438,C0260,P099,9.0,43.6195381517379
ORD009207,2026-07-15 18:54:13.379438,C0387,P033,5.0,281.31462421267213
ORD009208,2026-06-17 18:54:13.379438,C0256,P052,6.0,417.5348014587307
ORD009209,2026-05-02 18:54:13.379438,C0061,P001,2.0,215.1253898522114
ORD009210,2026-04-19 18:54:13.379438,C0864,P034,8.0,80.28257954109576
ORD009211,2026-09-17 18:54:13.379438,C0772,P019,3.0,149.20413604535415
ORD009212,2026-06-19 18:54:13.379438,C0833,P024,1.0,251.0347401582379
ORD009213,2026-05-10 18:54:13.379438,C0396,P004,7.0,423.31369953567656
ORD009214,2026-06-23 18:54:13.379438,C0397,P036,3.0,376.81266322626084
ORD009215,2026-08-30 18:54:13.379438,C0162,P077,4.0,50.95201418600486
ORD009216,2026-09-22 18:54:13.379438,C0380,P058,5.0,277.61709862922856
ORD009217,2026-08-05 18:54:13.379438,C0443,P032,1.0,437.45188552970717
ORD009218,2026-04-22 18:54:13.379438,C0349,P009,9.0,292.7840168482028
ORD009219,2026-07-14 18:54:13.379438,C0969,P080,7.0,41.81940243825959
ORD009220,2026-08-17 18:54:13.379438,C0031,P067,2.0,413.3289539926085
ORD009221,2026-06-19 18:54:13.379438,C0071,P020,1.0,454.317151812923
ORD009222,2026-05-14 18:54:13.379438,C0397,P074,2.0,200.7025857790985
ORD009223,2026-06-03 18:54:13.379438,C0438,P062,3.0,161.96706895719186
ORD009224,2026-04-29 18:54:13.379438,C0002,P058,3.0,276.241810487761
ORD009225,2026-06-13 18:54:13.379438,C0929,P022,8.0,492.2031570339939
ORD009226,2026-07-15 18:54:13.379438,C0562,P067,5.0,420.35748576752036
ORD009227,2026-06-12 18:54:13.379438,C0135,P075,9.0,407.41733821274516
ORD009228,2026-07-19 18:54:13.379438,C0146,P089,3.0,104.64032305671302
ORD009229,2026-09-07 18:54:13.379438,C0179,P048,6.0,448.6310339612997
ORD009230,2026-07-19 18:54:13.379438,C0264,P008,4.0,282.4134091510402
ORD009231,2026-07-15 18:54:13.379438,C0311,P073,8.0,459.2705410289419
ORD009232,2026-04-22 18:54:13.379438,C0204,P015,1.0,329.3382237855064
ORD009233,2026-06-10 18:54:13.379438,C0811,P032,4.0,418.7418865093533
ORD009234,2026-06-12 18:54:13.379438,C0699,P053,7.0,91.10760147609912
ORD009235,2026-07-25 18:54:13.379438,C0030,P067,9.0,356.1955171636526
ORD009236,2026-05-30 18:54:13.379438,C0059,P004,1.0,136.0535470315677
ORD009237,2026-09-15 18:54:13.379438,C0009,P030,8.0,92.76207652108879
ORD009238,2026-06-03 18:54:13.379438,C0988,P013,2.0,291.2513412671147
ORD009239,2026-07-04 18:54:13.379438,C0324,P021,4.0,305.34314576254667
ORD009240,2026-05-03 18:54:13.379438,C0167,P041,4.0,250.40272565108913
ORD009241,2026-09-03 18:54:13.379438,C0337,P019,8.0,53.62999449914253
ORD009242,2026-08-08 18:54:13.379438,C0907,P048,2.0,129.92702176123623
ORD009243,2026-07-27 18:54:13.379438,C0379,P086,7.0,125.3709351653144
ORD009244,2026-04-09 18:54:13.379438,C0898,P063,3.0,163.71400940663636
ORD009245,2026-04-21 18:54:13.379438,C0791,P020,9.0,317.75204763209615
ORD009246,2026-04-13 18:54:13.379438,C0703,P064,5.0,224.6137620825304
ORD009247,2026-07-04 18:54:13.379438,C0242,P037,8.0,484.50870959428045
ORD009248,2026-08-20 18:54:13.379438,C0790,P031,5.0,17.76358189564266
ORD009249,2026-06-19 18:54:13.379438,C0957,P074,1.0,115.79267432176785
ORD009250,2026-07-13 18:54:13.379438,C0666,P018,9.0,290.9696226973908
ORD009251,2026-06-26 18:54:13.379438,C0908,P020,7.0,440.8763514262757
ORD009252,2026-05-25 18:54:13.379438,C0160,P082,4.0,26.61450872419811
ORD009253,2026-05-04 18:54:13.379438,C0777,P011,7.0,442.9694249032039
ORD009254,2026-08-26 18:54:13.379438,C0235,P086,5.0,258.5639973324171
ORD009255,2026-07-22 18:54:13.379438,C0453,P044,9.0,394.8868460252513
ORD009256,2026-07-05 18:54:13.379438,C0858,P082,2.0,474.8393656308037
ORD009257,2026-09-14 18:54:13.379438,C0199,P064,4.0,115.54816014913983
ORD009258,2026-09-04 18:54:13.379438,C0477,P034,6.0,298.0758526801726
ORD009259,2026-05-26 18:54:13.379438,C0033,P087,5.0,442.99778173287365
ORD009260,2026-08-26 18:54:13.379438,C0408,P065,1.0,423.76123022115223
ORD009261,2026-06-28 18:54:13.379438,C0089,P055,9.0,265.2725503709085
ORD009262,2026-09-03 18:54:13.379438,C0607,P074,9.0,475.2512104286486
ORD009263,2026-04-05 18:54:13.379438,C0221,P001,3.0,357.13782196116455
ORD009264,2026-06-28 18:54:13.379438,C0069,P038,4.0,266.8160017186339
ORD009265,2026-08-14 18:54:13.379438,C0294,P009,4.0,38.372102093254014
ORD009266,2026-04-07 18:54:13.379438,C0237,P095,8.0,248.77986837484266
ORD009267,2026-09-14 18:54:13.379438,C0907,P071,6.0,216.73129665492385
ORD009268,2026-04-09 18:54:13.379438,C0160,P017,2.0,159.57398316053883
ORD009269,2026-08-30 18:54:13.379438,C0832,P099,4.0,472.0167925514057
ORD009270,2026-07-30 18:54:13.379438,C0840,P052,1.0,463.59300804733886
ORD009271,2026-07-01 18:54:13.379438,C0788,P018,3.0,175.26934444882212
ORD009272,2026-09-04 18:54:13.379438,C0290,P063,4.0,223.52376815283208
ORD009273,2026-09-17 18:54:13.379438,C0879,P033,8.0,378.39148067521563
ORD009274,2026-09-11 18:54:13.379438,C0554,P004,3.0,419.1779969260722
ORD009275,2026-04-17 18:54:13.379438,C0904,P087,5.0,63.93851540244751
ORD009276,2026-05-29 18:54:13.379438,C0578,P075,1.0,250.4894865470172
ORD009277,2026-06-23 18:54:13.379438,C0533,P052,4.0,458.10723161156756
ORD009278,2026-08-30 18:54:13.379438,C0335,P009,2.0,335.64813312903425
ORD009279,2026-05-19 18:54:13.379438,C0582,P064,4.0,276.053515400858
ORD009280,2026-08-25 18:54:13.379438,C0773,P030,5.0,361.8417874413718
ORD009281,2026-04-19 18:54:13.379438,C0502,P008,3.0,334.10150521615134
ORD009282,2026-08-01 18:54:13.379438,C0246,P005,6.0,471.7019481348732
ORD009283,2026-06-26 18:54:13.379438,C0323,P076,2.0,457.19181506026786
ORD009284,2026-09-07 18:54:13.379438,C0747,P063,5.0,204.91017074706454
ORD009285,2026-04-11 18:54:13.379438,C0939,P001,4.0,25.68942642900506
ORD009286,2026-06-30 18:54:13.379438,C0784,P015,5.0,173.01153962472762
ORD009287,2026-08-12 18:54:13.379438,C0611,P089,9.0,109.41605370932075
ORD009288,2026-04-22 18:54:13.379438,C0329,P082,6.0,74.46061869898018
ORD009289,2026-07-09 18:54:13.379438,C0547,P038,7.0,445.09244286598624
ORD009290,2026-06-08 18:54:13.379438,C0339,P042,8.0,357.8663759220821
ORD009291,2026-06-21 18:54:13.379438,C0171,P046,9.0,25.963553753308346
ORD009292,2026-06-28 18:54:13.379438,C0110,P053,5.0,460.6793833456609
ORD009293,2026-08-05 18:54:13.379438,C0994,P026,8.0,452.47454333646766
ORD009294,2026-08-31 18:54:13.379438,C0807,P061,2.0,475.20075316855053
ORD009295,2026-05-19 18:54:13.379438,C0010,P067,9.0,416.6392389397148
ORD009296,2026-07-25 18:54:13.379438,C0202,P054,2.0,48.649862410931384
ORD009297,2026-07-03 18:54:13.379438,C0916,P022,5.0,315.1696250139721
ORD009298,2026-08-22 18:54:13.379438,C0257,P026,6.0,50.71309961320632
ORD009299,2026-05-06 18:54:13.379438,C0262,P083,4.0,359.5642025581157
ORD009300,2026-08-14 18:54:13.379438,C0693,P060,8.0,106.53441531457155
ORD009301,2026-06-19 18:54:13.379438,C0430,P039,3.0,468.5480448183037
ORD009302,2026-09-05 18:54:13.379438,C0507,P036,5.0,467.74382113904375
ORD009303,2026-08-02 18:54:13.379438,C0066,P021,2.0,301.35529506660896
ORD009304,2026-08-09 18:54:13.379438,C0806,P041,3.0,378.81119784129794
ORD009305,2026-06-20 18:54:13.379438,C0673,P048,8.0,430.49522466484075
ORD009306,2026-09-02 18:54:13.379438,C0579,P026,5.0,200.68163431845582
ORD009307,2026-06-09 18:54:13.379438,C0612,P063,3.0,293.8035642357486
ORD009308,2026-07-27 18:54:13.379438,C0589,P077,5.0,96.25148963597458
ORD009309,2026-06-05 18:54:13.379438,C0035,P036,9.0,492.89316504274075
ORD009310,2026-07-25 18:54:13.379438,C0975,P024,3.0,465.40787450034446
ORD009311,2026-07-06 18:54:13.379438,C0557,P090,7.0,246.8761859265877
ORD009312,2026-05-21 18:54:13.379438,C0662,P021,8.0,281.1338401708493
ORD009313,2026-04-15 18:54:13.379438,C0491,P018,5.0,223.9817185276326
ORD009314,2026-09-06 18:54:13.379438,C0580,P015,3.0,10.814853103313986
ORD009315,2026-09-22 18:54:13.379438,C0254,P079,6.0,122.69893555858347
ORD009316,2026-09-21 18:54:13.379438,C0017,P006,3.0,59.807606225950735
ORD009317,2026-08-26 18:54:13.379438,C0261,P043,9.0,168.22050105961168
ORD009318,2026-05-13 18:54:13.379438,C0725,P031,2.0,125.75536272271036
ORD009319,2026-09-27 18:54:13.379438,C0825,P028,3.0,383.20435821661624
ORD009320,2026-06-27 18:54:13.379438,C0256,P008,7.0,257.3505184742369
ORD009321,2026-05-30 18:54:13.379438,C0728,P029,8.0,410.32717691007514
ORD009322,2026-06-29 18:54:13.379438,C0863,P021,5.0,321.49194548490374
ORD009323,2026-06-26 18:54:13.379438,C0424,P081,5.0,331.5509909342205
ORD009324,2026-08-02 18:54:13.379438,C0501,P088,5.0,439.360152615486
ORD009325,2026-06-16 18:54:13.379438,C0286,P058,4.0,425.12377907675
ORD009326,2026-07-19 18:54:13.379438,C0938,P060,9.0,41.01537572097627
ORD009327,2026-08-05 18:54:13.379438,C0007,P050,6.0,293.39098157580503
ORD009328,2026-07-12 18:54:13.379438,C0497,P031,8.0,212.41409151855103
ORD009329,2026-05-16 18:54:13.379438,C0892,P047,8.0,303.82234458473573
ORD009330,2026-07-31 18:54:13.379438,C0199,P034,5.0,432.69335616426105
ORD009331,2026-04-26 18:54:13.379438,C0603,P002,9.0,15.903018048057389
ORD009332,2026-09-05 18:54:13.379438,C0984,P067,2.0,15.374330240500349
ORD009333,2026-05-10 18:54:13.379438,C0659,P094,8.0,40.65185679642508
ORD009334,2026-08-15 18:54:13.379438,C0937,P072,3.0,438.6937751407163
ORD009335,2026-06-07 18:54:13.379438,C0418,P052,7.0,183.20611747640248
ORD009336,2026-08-15 18:54:13.379438,C0662,P007,9.0,191.9029788455973
ORD009337,2026-09-28 18:54:13.379438,C0052,P076,5.0,179.24758424489724
ORD009338,2026-04-25 18:54:13.379438,C0243,P019,8.0,123.1716284548784
ORD009339,2026-07-17 18:54:13.379438,C0219,P090,4.0,29.042637754739257
ORD009340,2026-06-30 18:54:13.379438,C0518,P092,1.0,454.19168434928605
ORD009341,2026-09-03 18:54:13.379438,C0970,P015,1.0,124.10831065000234
ORD009342,2026-08-06 18:54:13.379438,C0109,P078,6.0,448.0307966402648
ORD009343,2026-06-21 18:54:13.379438,C0351,P048,8.0,478.2986209946952
ORD009344,2026-07-02 18:54:13.379438,C0921,P014,2.0,292.5593076088583
ORD009345,2026-05-24 18:54:13.379438,C0066,P003,4.0,192.41407533723967
ORD009346,2026-09-26 18:54:13.379438,C0010,P050,3.0,385.240667082943
ORD009347,2026-07-14 18:54:13.379438,C0202,P093,9.0,22.437643570443203
ORD009348,2026-07-18 18:54:13.379438,C0794,P054,3.0,465.14477666412046
ORD009349,2026-06-02 18:54:13.379438,C0901,P006,8.0,209.878990890292
ORD009350,2026-05-19 18:54:13.379438,C0214,P049,7.0,161.21504963305344
ORD009351,2026-05-09 18:54:13.379438,C0068,P023,1.0,72.19812373286754
ORD009352,2026-09-16 18:54:13.379438,C0759,P092,8.0,478.0334562593808
ORD009353,2026-04-14 18:54:13.379438,C0866,P078,9.0,407.4046804644734
ORD009354,2026-04-15 18:54:13.379438,C0327,P078,8.0,364.7308438494442
ORD009355,2026-09-20 18:54:13.379438,C0050,P020,1.0,466.1726393696324
ORD009356,2026-05-12 18:54:13.379438,C0017,P077,7.0,480.31726097202124
ORD009357,2026-08-20 18:54:13.379438,C0523,P091,9.0,141.53901847196894
ORD009358,2026-05-09 18:54:13.379438,C0821,P060,5.0,395.39723255358456
ORD009359,2026-05-25 18:54:13.379438,C0306,P099,2.0,385.82082552407604
ORD009360,2026-05-04 18:54:13.379438,C0392,P045,8.0,283.08493407871214
ORD009361,2026-05-06 18:54:13.379438,C0988,P061,9.0,83.70849982722682
ORD009362,2026-08-22 18:54:13.379438,C0124,P056,7.0,470.76928252689254
ORD009363,2026-08-27 18:54:13.379438,C0504,P002,5.0,164.5372856675097
ORD009364,2026-09-19 18:54:13.379438,C0225,P045,8.0,293.6508885171578
ORD009365,2026-05-31 18:54:13.379438,C0756,P040,6.0,19.496332296560055
ORD009366,2026-09-02 18:54:13.379438,C0318,P024,4.0,220.28100263269647
ORD009367,2026-08-09 18:54:13.379438,C0473,P029,1.0,312.2781372197952
ORD009368,2026-05-04 18:54:13.379438,C0981,P067,6.0,196.6703080974503
ORD009369,2026-05-28 18:54:13.379438,C0844,P068,8.0,243.7820976550944
ORD009370,2026-04-13 18:54:13.379438,C0891,P066,3.0,104.09234406538748
ORD009371,2026-08-11 18:54:13.379438,C0858,P084,7.0,181.60867022092336
ORD009372,2026-04-18 18:54:13.379438,C0541,P054,7.0,364.4485026394006
ORD009373,2026-04-06 18:54:13.379438,C0358,P053,9.0,485.1588357942167
ORD009374,2026-05-16 18:54:13.379438,C0483,P079,1.0,239.70550019953427
ORD009375,2026-09-09 18:54:13.379438,C0869,P049,5.0,346.1628459121804
ORD009376,2026-06-09 18:54:13.379438,C0878,P032,8.0,488.33212985484835
ORD009377,2026-05-29 18:54:13.379438,C0940,P061,3.0,389.64804104974115
ORD009378,2026-06-05 18:54:13.379438,C0877,P042,5.0,14.964012093233757
ORD009379,2026-04-18 18:54:13.379438,C0429,P001,1.0,468.41491405862746
ORD009380,2026-07-21 18:54:13.379438,C0797,P063,9.0,434.6176138391491
ORD009381,2026-07-28 18:54:13.379438,C0497,P035,4.0,142.84531071205544
ORD009382,2026-07-04 18:54:13.379438,C0472,P051,5.0,98.96017917769505
ORD009383,2026-08-19 18:54:13.379438,C0571,P071,3.0,450.61988689146807
ORD009384,2026-09-16 18:54:13.379438,C0655,P045,2.0,347.4584943922846
ORD009385,2026-05-20 18:54:13.379438,C0838,P077,7.0,126.12550700460385
ORD009386,2026-05-30 18:54:13.379438,C0864,P065,5.0,359.802089357017
ORD009387,2026-05-23 18:54:13.379438,C0300,P014,3.0,304.1101701332439
ORD009388,2026-06-13 18:54:13.379438,C0738,P093,2.0,161.51537596082386
ORD009389,2026-08-24 18:54:13.379438,C0676,P003,6.0,282.8186972879935
ORD009390,2026-08-27 18:54:13.379438,C0084,P024,6.0,268.3610640473254
ORD009391,2026-06-24 18:54:13.379438,C0377,P065,3.0,259.78939710288546
ORD009392,2026-07-28 18:54:13.379438,C0313,P048,9.0,263.50960857302346
ORD009393,2026-07-17 18:54:13.379438,C0629,P010,1.0,10.198624043264488
ORD009394,2026-06-30 18:54:13.379438,C0320,P013,3.0,141.63037254271896
ORD009395,2026-04-05 18:54:13.379438,C0204,P073,1.0,221.1248479804323
ORD009396,2026-07-16 18:54:13.379438,C0355,P014,7.0,72.35412744585076
ORD009397,2026-06-26 18:54:13.379438,C0294,P010,2.0,377.09058558972316
ORD009398,2026-05-16 18:54:13.379438,C0504,P040,4.0,424.97463966528016
ORD009399,2026-09-04 18:54:13.379438,C0145,P023,4.0,410.7083720656249
ORD009400,2026-06-13 18:54:13.379438,C0539,P099,8.0,235.22200385800292
ORD009401,2026-09-16 18:54:13.379438,C0017,P055,4.0,348.4439171147438
ORD009402,2026-07-06 18:54:13.379438,C0575,P063,3.0,47.67421297340347
ORD009403,2026-05-15 18:54:13.379438,C0779,P071,3.0,107.70420202171502
ORD009404,2026-08-14 18:54:13.379438,C0576,P042,5.0,33.00022836696134
ORD009405,2026-08-20 18:54:13.379438,C0039,P099,6.0,483.0657086691735
ORD009406,2026-06-07 18:54:13.379438,C0130,P066,7.0,291.41314423667234
ORD009407,2026-05-07 18:54:13.379438,C0115,P079,5.0,95.86760960867169
ORD009408,2026-08-01 18:54:13.379438,C0450,P073,7.0,356.6972730832253
ORD009409,2026-04-04 18:54:13.379438,C0950,P047,4.0,249.6731106826421
ORD009410,2026-08-11 18:54:13.379438,C0925,P081,5.0,222.78623888382293
ORD009411,2026-08-29 18:54:13.379438,C0045,P052,6.0,457.59205892259945
ORD009412,2026-06-03 18:54:13.379438,C0216,P018,9.0,357.0209807062002
ORD009413,2026-08-30 18:54:13.379438,C0600,P079,6.0,348.4227605635714
ORD009414,2026-06-30 18:54:13.379438,C0848,P018,1.0,57.68126312408233
ORD009415,2026-06-10 18:54:13.379438,C0415,P024,7.0,55.09405593878643
ORD009416,2026-08-08 18:54:13.379438,C0689,P023,3.0,335.57231168430735
ORD009417,2026-08-21 18:54:13.379438,C0265,P012,6.0,86.68036129582491
ORD009418,2026-04-25 18:54:13.379438,C0923,P023,2.0,232.09419950463712
ORD009419,2026-08-29 18:54:13.379438,C0440,P021,7.0,289.20449162723463
ORD009420,2026-06-24 18:54:13.379438,C0617,P064,1.0,200.1643999781999
ORD009421,2026-08-10 18:54:13.379438,C0381,P090,2.0,51.72576508532728
ORD009422,2026-05-03 18:54:13.379438,C0846,P072,9.0,374.24190222984595
ORD009423,2026-08-07 18:54:13.379438,C0301,P094,9.0,443.665668328018
ORD009424,2026-07-09 18:54:13.379438,C0985,P034,7.0,89.2248290991752
ORD009425,2026-04-27 18:54:13.379438,C0171,P002,2.0,428.510758311048
ORD009426,2026-04-17 18:54:13.379438,C0620,P069,5.0,396.46101619185777
ORD009427,2026-05-09 18:54:13.379438,C0406,P031,4.0,286.2915343141002
ORD009428,2026-04-27 18:54:13.379438,C0355,P097,2.0,302.08916523648946
ORD009429,2026-07-07 18:54:13.379438,C0161,P068,2.0,329.26837479657115
ORD009430,2026-05-28 18:54:13.379438,C0795,P070,8.0,267.13311770766813
ORD009431,2026-04-27 18:54:13.379438,C0552,P087,5.0,423.7279381383642
ORD009432,2026-09-02 18:54:13.379438,C0026,P019,8.0,242.3083455407515
ORD009433,2026-04-29 18:54:13.379438,C0083,P072,2.0,278.0558136437429
ORD009434,2026-06-22 18:54:13.379438,C0173,P013,2.0,28.01504767784156
ORD009435,2026-09-16 18:54:13.379438,C0999,P065,3.0,98.23413939671035
ORD009436,2026-06-07 18:54:13.379438,C0685,P006,8.0,452.8512135650071
ORD009437,2026-06-17 18:54:13.379438,C0794,P071,8.0,69.57032676929617
ORD009438,2026-09-29 18:54:13.379438,C0070,P027,3.0,452.984243944819
ORD009439,2026-09-13 18:54:13.379438,C0835,P079,1.0,321.6029147036803
ORD009440,2026-05-16 18:54:13.379438,C0006,P052,7.0,460.8606280073367
ORD009441,2026-05-02 18:54:13.379438,C0796,P098,4.0,409.0098777172164
ORD009442,2026-09-15 18:54:13.379438,C0195,P087,3.0,433.9888955110161
ORD009443,2026-06-23 18:54:13.379438,C0525,P048,5.0,266.94762287880604
ORD009444,2026-05-27 18:54:13.379438,C0063,P088,6.0,414.3961694574718
ORD009445,2026-05-12 18:54:13.379438,C0013,P079,1.0,235.65860247313154
ORD009446,2026-05-15 18:54:13.379438,C0761,P099,9.0,31.64473424757687
ORD009447,2026-09-06 18:54:13.379438,C0205,P068,6.0,329.16555871253945
ORD009448,2026-05-02 18:54:13.379438,C0897,P044,3.0,366.9420756979477
ORD009449,2026-09-21 18:54:13.379438,C0765,P017,1.0,59.75887648071003
ORD009450,2026-08-12 18:54:13.379438,C0040,P095,9.0,409.7944078615085
ORD009451,2026-08-19 18:54:13.379438,C0165,P038,2.0,46.835153634297754
ORD009452,2026-08-23 18:54:13.379438,C0031,P010,6.0,226.39091801972242
ORD009453,2026-09-25 18:54:13.379438,C0529,P054,6.0,249.08262238908327
ORD009454,2026-05-15 18:54:13.379438,C0649,P091,3.0,28.01088544661664
ORD009455,2026-07-06 18:54:13.379438,C0877,P006,6.0,42.244232438771526
ORD009456,2026-09-10 18:54:13.379438,C0832,P006,2.0,230.81564082060888
ORD009457,2026-05-05 18:54:13.379438,C0825,P052,8.0,162.51626950762022
ORD009458,2026-09-20 18:54:13.379438,C0909,P015,1.0,409.7948050516816
ORD009459,2026-09-10 18:54:13.379438,C0677,P068,6.0,212.7888565938645
ORD009460,2026-04-29 18:54:13.379438,C0398,P057,1.0,61.70826694714892
ORD009461,2026-07-27 18:54:13.379438,C0459,P056,9.0,87.36047554090311
ORD009462,2026-08-10 18:54:13.379438,C0793,P007,9.0,340.0017912393036
ORD009463,2026-05-29 18:54:13.379438,C0223,P051,6.0,475.5319970008907
ORD009464,2026-08-03 18:54:13.379438,C0634,P058,6.0,436.1026825230518
ORD009465,2026-07-18 18:54:13.379438,C0078,P064,9.0,73.45222095164277
ORD009466,2026-08-11 18:54:13.379438,C0825,P026,5.0,18.020383681652596
ORD009467,2026-06-23 18:54:13.379438,C0839,P058,9.0,22.95499889891267
ORD009468,2026-09-08 18:54:13.379438,C0600,P031,5.0,281.8757229625522
ORD009469,2026-08-01 18:54:13.379438,C0625,P066,4.0,248.08984855209954
ORD009470,2026-05-25 18:54:13.379438,C0612,P092,2.0,16.564331904732573
ORD009471,2026-07-03 18:54:13.379438,C0938,P013,2.0,37.99013886396841
ORD009472,2026-08-18 18:54:13.379438,C0938,P018,1.0,499.87968561282213
ORD009473,2026-04-25 18:54:13.379438,C0815,P094,3.0,482.8212051688831
ORD009474,2026-05-07 18:54:13.379438,C0884,P075,1.0,72.0951092977578
ORD009475,2026-07-22 18:54:13.379438,C0428,P013,6.0,90.40894896160688
ORD009476,2026-05-22 18:54:13.379438,C0425,P024,7.0,451.0798011058345
ORD009477,2026-08-10 18:54:13.379438,C0387,P057,9.0,258.6453119776779
ORD009478,2026-06-15 18:54:13.379438,C0239,P029,7.0,479.408181022893
ORD009479,2026-06-26 18:54:13.379438,C0858,P056,4.0,264.96647784292156
ORD009480,2026-05-26 18:54:13.379438,C0623,P054,4.0,292.8398023241601
ORD009481,2026-07-12 18:54:13.379438,C0090,P005,8.0,117.86659094342241
ORD009482,2026-08-05 18:54:13.379438,C0385,P035,4.0,439.27719218387875
ORD009483,2026-09-18 18:54:13.379438,C0975,P019,1.0,414.2512796399388
ORD009484,2026-05-18 18:54:13.379438,C0139,P055,9.0,175.33731564911187
ORD009485,2026-08-18 18:54:13.379438,C0997,P077,3.0,310.0627815463588
ORD009486,2026-07-17 18:54:13.379438,C0647,P069,1.0,177.30674898796016
ORD009487,2026-08-31 18:54:13.379438,C0524,P044,9.0,237.34445663907204
ORD009488,2026-08-27 18:54:13.379438,C0244,P078,5.0,428.2401045308414
ORD009489,2026-07-18 18:54:13.379438,C0505,P038,9.0,213.55679702955507
ORD009490,2026-05-16 18:54:13.379438,C0422,P062,3.0,421.87714847126944
ORD009491,2026-09-17 18:54:13.379438,C0182,P022,6.0,480.4613720626025
ORD009492,2026-08-15 18:54:13.379438,C0195,P073,7.0,214.00859250969498
ORD009493,2026-05-21 18:54:13.379438,C0874,P040,5.0,439.99065529112653
ORD009494,2026-08-07 18:54:13.379438,C0634,P026,8.0,158.9518408664281
ORD009495,2026-04-10 18:54:13.379438,C0053,P005,6.0,11.403545368224876
ORD009496,2026-04-19 18:54:13.379438,C0986,P093,6.0,51.400793426464915
ORD009497,2026-08-10 18:54:13.379438,C0990,P054,7.0,371.17964045785
ORD009498,2026-07-27 18:54:13.379438,C0928,P086,8.0,59.0890897151213
ORD009499,2026-05-10 18:54:13.379438,C0868,P049,2.0,470.1883194863184
ORD009500,2026-09-15 18:54:13.379438,C0685,P003,7.0,434.62399572216674
ORD009501,2026-08-06 18:54:13.379438,C0179,P092,9.0,262.2770027017204
ORD009502,2026-06-23 18:54:13.379438,C0293,P038,1.0,294.9399243861434
ORD009503,2026-06-04 18:54:13.379438,C0375,P014,1.0,350.230561642875
ORD009504,2026-06-14 18:54:13.379438,C0059,P047,7.0,368.4379635771797
ORD009505,2026-08-06 18:54:13.379438,C0054,P014,5.0,250.69127700148536
ORD009506,2026-09-11 18:54:13.379438,C0914,P075,1.0,163.56606543110124
ORD009507,2026-06-08 18:54:13.379438,C0769,P073,1.0,456.01757801666434
ORD009508,2026-05-03 18:54:13.379438,C0245,P038,2.0,32.81859969542045
ORD009509,2026-04-23 18:54:13.379438,C0149,P064,9.0,184.48129219594495
ORD009510,2026-06-24 18:54:13.379438,C0796,P044,3.0,336.58783074535444
ORD009511,2026-07-19 18:54:13.379438,C0368,P070,9.0,446.62502503177103
ORD009512,2026-09-02 18:54:13.379438,C0016,P065,6.0,46.369841826558385
ORD009513,2026-08-13 18:54:13.379438,C0176,P025,6.0,332.887637833499
ORD009514,2026-05-10 18:54:13.379438,C0540,P016,7.0,248.6677570719214
ORD009515,2026-08-13 18:54:13.379438,C0406,P015,8.0,346.3795645267902
ORD009516,2026-06-19 18:54:13.379438,C0467,P098,3.0,165.4292510509403
ORD009517,2026-07-01 18:54:13.379438,C0880,P081,8.0,358.2436282258458
ORD009518,2026-08-27 18:54:13.379438,C0129,P003,6.0,98.32823390664085
ORD009519,2026-06-30 18:54:13.379438,C0223,P067,6.0,389.94579004118015
ORD009520,2026-09-26 18:54:13.379438,C0884,P037,3.0,377.1811396929493
ORD009521,2026-05-06 18:54:13.379438,C0244,P081,6.0,473.9254648620301
ORD009522,2026-05-31 18:54:13.379438,C0426,P055,8.0,94.87971734151483
ORD009523,2026-05-01 18:54:13.379438,C0354,P038,7.0,363.7792750135955
ORD009524,2026-05-08 18:54:13.379438,C0750,P063,7.0,168.09852177418907
ORD009525,2026-08-06 18:54:13.379438,C0744,P001,3.0,148.1098495468877
ORD009526,2026-08-19 18:54:13.379438,C0326,P071,3.0,206.78185007232585
ORD009527,2026-06-07 18:54:13.379438,C0604,P090,5.0,149.74876582453138
ORD009528,2026-05-15 18:54:13.379438,C0003,P019,5.0,131.6148251254351
ORD009529,2026-06-27 18:54:13.379438,C0479,P052,9.0,386.50876907833907
ORD009530,2026-08-18 18:54:13.379438,C0976,P030,9.0,352.7567176626366
ORD009531,2026-07-23 18:54:13.379438,C0081,P055,5.0,63.58566323342899
ORD009532,2026-04-18 18:54:13.379438,C0044,P014,5.0,284.488898872454
ORD009533,2026-06-11 18:54:13.379438,C0155,P013,6.0,172.1913005912861
ORD009534,2026-07-17 18:54:13.379438,C0947,P084,8.0,485.8069748241285
ORD009535,2026-08-31 18:54:13.379438,C0536,P090,6.0,218.27095473819762
ORD009536,2026-06-06 18:54:13.379438,C0916,P027,6.0,29.88110152243746
ORD009537,2026-05-14 18:54:13.379438,C0928,P089,9.0,172.540900799681
ORD009538,2026-06-13 18:54:13.379438,C0099,P009,1.0,163.2267917128219
ORD009539,2026-05-29 18:54:13.379438,C0397,P041,4.0,12.761030144622472
ORD009540,2026-09-01 18:54:13.379438,C0880,P048,2.0,249.01332361330992
ORD009541,2026-04-28 18:54:13.379438,C0171,P012,9.0,453.84010565985795
ORD009542,2026-07-17 18:54:13.379438,C0148,P010,3.0,403.13348794949616
ORD009543,2026-08-15 18:54:13.379438,C0123,P006,2.0,345.48019162045875
ORD009544,2026-07-31 18:54:13.379438,C0112,P034,8.0,178.33200348968853
ORD009545,2026-09-12 18:54:13.379438,C0130,P052,4.0,123.66222882839723
ORD009546,2026-04-12 18:54:13.379438,C0068,P041,2.0,177.88209630862326
ORD009547,2026-06-02 18:54:13.379438,C0859,P083,4.0,70.29907853255612
ORD009548,2026-08-06 18:54:13.379438,C0828,P006,7.0,58.74935890594561
ORD009549,2026-05-22 18:54:13.379438,C0729,P002,7.0,291.52104587393853
ORD009550,2026-05-24 18:54:13.379438,C0900,P015,1.0,408.85700569989694
ORD009551,2026-06-12 18:54:13.379438,C0892,P017,1.0,58.70148742093934
ORD009552,2026-05-10 18:54:13.379438,C0608,P016,3.0,174.24167971776882
ORD009553,2026-05-04 18:54:13.379438,C0657,P028,2.0,70.14950492047771
ORD009554,2026-09-19 18:54:13.379438,C0897,P085,3.0,162.1355563043642
ORD009555,2026-06-04 18:54:13.379438,C0545,P072,4.0,416.82903860848563
ORD009556,2026-07-05 18:54:13.379438,C0286,P010,7.0,27.07492062756868
ORD009557,2026-04-17 18:54:13.379438,C0005,P010,2.0,327.13468559820427
ORD009558,2026-09-14 18:54:13.379438,C0118,P010,7.0,39.31993164856999
ORD009559,2026-09-14 18:54:13.379438,C0652,P073,5.0,219.00749573405827
ORD009560,2026-06-21 18:54:13.379438,C0230,P028,8.0,242.2858811523918
ORD009561,2026-04-11 18:54:13.379438,C0160,P024,8.0,206.7399188542948
ORD009562,2026-09-04 18:54:13.379438,C0294,P019,5.0,322.31888198062126
ORD009563,2026-05-09 18:54:13.379438,C0761,P097,8.0,487.0950587544068
ORD009564,2026-05-21 18:54:13.379438,C0785,P068,9.0,140.9769041118708
ORD009565,2026-06-27 18:54:13.379438,C0186,P056,7.0,308.78682490753306
ORD009566,2026-05-01 18:54:13.379438,C0877,P067,6.0,183.9394887626205
ORD009567,2026-05-24 18:54:13.379438,C0552,P042,7.0,499.7553303627457
ORD009568,2026-07-16 18:54:13.379438,C0224,P012,7.0,475.9884354935901
ORD009569,2026-09-20 18:54:13.379438,C0152,P018,3.0,55.76740728232943
ORD009570,2026-07-13 18:54:13.379438,C0140,P023,6.0,487.0620332725227
ORD009571,2026-05-02 18:54:13.379438,C0367,P084,6.0,371.7529630503511
ORD009572,2026-08-08 18:54:13.379438,C0128,P006,9.0,496.24889825140514
ORD009573,2026-06-24 18:54:13.379438,C0351,P053,1.0,387.76582330676683
ORD009574,2026-04-13 18:54:13.379438,C0147,P098,7.0,73.17743477576168
ORD009575,2026-07-18 18:54:13.379438,C0285,P042,1.0,377.7296848059087
ORD009576,2026-09-17 18:54:13.379438,C0469,P066,4.0,366.04753173316993
ORD009577,2026-04-04 18:54:13.379438,C0218,P030,7.0,91.70053055926
ORD009578,2026-05-12 18:54:13.379438,C0436,P009,6.0,379.05466762578635
ORD009579,2026-04-24 18:54:13.379438,C0732,P091,6.0,340.63857271006435
ORD009580,2026-06-07 18:54:13.379438,C0145,P042,5.0,497.2775603193918
ORD009581,2026-04-18 18:54:13.379438,C0841,P034,7.0,313.18238931666576
ORD009582,2026-08-13 18:54:13.379438,C0277,P040,9.0,213.1587076635361
ORD009583,2026-06-03 18:54:13.379438,C0754,P088,6.0,477.4183717270437
ORD009584,2026-08-29 18:54:13.379438,C0060,P017,7.0,317.6423509784625
ORD009585,2026-08-19 18:54:13.379438,C0610,P029,9.0,180.82973388844363
ORD009586,2026-06-29 18:54:13.379438,C0843,P050,7.0,20.31237758090705
ORD009587,2026-07-17 18:54:13.379438,C0375,P076,6.0,380.7533885276846
ORD009588,2026-05-07 18:54:13.379438,C0404,P095,3.0,68.5678291150887
ORD009589,2026-08-05 18:54:13.379438,C0881,P049,1.0,462.5979973455955
ORD009590,2026-07-22 18:54:13.379438,C0693,P073,9.0,481.08192001221056
ORD009591,2026-09-26 18:54:13.379438,C0114,P061,7.0,125.84646076056207
ORD009592,2026-05-06 18:54:13.379438,C0495,P083,3.0,65.27463436431127
ORD009593,2026-07-10 18:54:13.379438,C0615,P046,9.0,301.70681524464436
ORD009594,2026-06-03 18:54:13.379438,C0336,P046,3.0,114.72858117243595
ORD009595,2026-04-13 18:54:13.379438,C0831,P017,3.0,275.5015467757234
ORD009596,2026-06-26 18:54:13.379438,C0569,P066,7.0,212.96028096278613
ORD009597,2026-06-07 18:54:13.379438,C0285,P005,2.0,398.0924339840328
ORD009598,2026-06-19 18:54:13.379438,C0129,P054,7.0,499.93215274203664
ORD009599,2026-04-04 18:54:13.379438,C0892,P016,7.0,233.8341873428978
ORD009600,2026-08-14 18:54:13.379438,C0978,P081,1.0,345.6585517871357
ORD009601,2026-06-22 18:54:13.379438,C0315,P091,2.0,177.48459826912446
ORD009602,2026-04-18 18:54:13.379438,C0960,P007,5.0,432.62572578787234
ORD009603,2026-05-01 18:54:13.379438,C0598,P008,4.0,28.106796268043574
ORD009604,2026-04-26 18:54:13.379438,C0712,P072,3.0,251.82596860876725
ORD009605,2026-07-21 18:54:13.379438,C0071,P087,8.0,96.61996434425434
ORD009606,2026-07-19 18:54:13.379438,C0345,P096,7.0,96.65324371758581
ORD009607,2026-08-26 18:54:13.379438,C0990,P082,9.0,271.167901963322
ORD009608,2026-07-25 18:54:13.379438,C0098,P038,3.0,160.82155597090457
ORD009609,2026-07-10 18:54:13.379438,C0300,P054,1.0,234.9124560295228
ORD009610,2026-08-22 18:54:13.379438,C0176,P076,9.0,159.77336859478714
ORD009611,2026-08-23 18:54:13.379438,C0745,P015,9.0,232.98378475640908
ORD009612,2026-08-20 18:54:13.379438,C0884,P092,1.0,150.1008824701967
ORD009613,2026-05-01 18:54:13.379438,C0075,P050,8.0,403.74013318376143
ORD009614,2026-05-15 18:54:13.379438,C0143,P056,1.0,283.3357700477242
ORD009615,2026-07-11 18:54:13.379438,C0931,P095,6.0,89.10233391559555
ORD009616,2026-06-03 18:54:13.379438,C0023,P009,9.0,14.144464365978529
ORD009617,2026-08-04 18:54:13.379438,C0181,P008,3.0,18.572274167367986
ORD009618,2026-06-06 18:54:13.379438,C0045,P019,6.0,216.62815241728683
ORD009619,2026-05-04 18:54:13.379438,C0469,P051,3.0,163.91813772337971
ORD009620,2026-06-23 18:54:13.379438,C0092,P072,5.0,138.43447789190694
ORD009621,2026-04-13 18:54:13.379438,C0269,P098,7.0,315.2335978063512
ORD009622,2026-04-11 18:54:13.379438,C0034,P057,4.0,408.46722243617927
ORD009623,2026-08-30 18:54:13.379438,C0678,P068,4.0,41.056143592750274
ORD009624,2026-06-01 18:54:13.379438,C0582,P031,7.0,63.88706439096021
ORD009625,2026-09-28 18:54:13.379438,C0364,P003,5.0,190.6855575391714
ORD009626,2026-05-03 18:54:13.379438,C0708,P099,1.0,226.32840373732915
ORD009627,2026-08-26 18:54:13.379438,C0133,P083,2.0,203.66275768809143
ORD009628,2026-04-23 18:54:13.379438,C0759,P043,6.0,322.9319375303162
ORD009629,2026-05-21 18:54:13.379438,C0382,P029,9.0,52.735499075947686
ORD009630,2026-08-11 18:54:13.379438,C0680,P010,7.0,252.41681123145972
ORD009631,2026-05-10 18:54:13.379438,C0966,P012,4.0,407.75481586959415
ORD009632,2026-08-10 18:54:13.379438,C0277,P046,2.0,464.9449964509174
ORD009633,2026-08-13 18:54:13.379438,C0156,P030,4.0,284.5843792994641
ORD009634,2026-07-12 18:54:13.379438,C0387,P094,5.0,77.82789730970984
ORD009635,2026-05-27 18:54:13.379438,C0535,P082,2.0,366.46162910572633
ORD009636,2026-08-03 18:54:13.379438,C0200,P088,1.0,400.20247031615287
ORD009637,2026-04-28 18:54:13.379438,C0275,P032,4.0,106.18259554078823
ORD009638,2026-08-12 18:54:13.379438,C0501,P073,6.0,341.9774341574096
ORD009639,2026-04-12 18:54:13.379438,C0459,P047,1.0,465.9522193181428
ORD009640,2026-05-07 18:54:13.379438,C0050,P088,1.0,362.2325234367486
ORD009641,2026-05-16 18:54:13.379438,C0970,P063,9.0,213.6283221696418
ORD009642,2026-06-16 18:54:13.379438,C0698,P026,5.0,226.95386599711475
ORD009643,2026-07-06 18:54:13.379438,C0988,P003,2.0,48.982753699022666
ORD009644,2026-04-25 18:54:13.379438,C0532,P023,2.0,267.7961635778275
ORD009645,2026-06-12 18:54:13.379438,C0628,P075,4.0,403.3154573230004
ORD009646,2026-08-11 18:54:13.379438,C0092,P074,2.0,489.46333255574626
ORD009647,2026-07-06 18:54:13.379438,C0861,P050,4.0,205.6588494529873
ORD009648,2026-05-05 18:54:13.379438,C0456,P036,6.0,223.3300658314912
ORD009649,2026-07-18 18:54:13.379438,C0339,P013,7.0,36.83430792859566
ORD009650,2026-08-25 18:54:13.379438,C0053,P029,6.0,389.8093909891796
ORD009651,2026-04-04 18:54:13.379438,C0496,P038,4.0,361.1622971700578
ORD009652,2026-06-14 18:54:13.379438,C0635,P077,3.0,207.43356584216068
ORD009653,2026-09-26 18:54:13.379438,C0853,P090,4.0,357.54514600201503
ORD009654,2026-05-23 18:54:13.379438,C0850,P084,5.0,315.2824573665492
ORD009655,2026-08-22 18:54:13.379438,C0777,P005,4.0,386.80655839949725
ORD009656,2026-04-18 18:54:13.379438,C0004,P020,3.0,163.92992079211183
ORD009657,2026-05-26 18:54:13.379438,C0681,P078,1.0,328.9011711390241
ORD009658,2026-09-22 18:54:13.379438,C0281,P014,3.0,316.55445036927074
ORD009659,2026-04-11 18:54:13.379438,C0290,P008,5.0,54.34025191896866
ORD009660,2026-06-16 18:54:13.379438,C0073,P048,6.0,147.66686093643193
ORD009661,2026-05-19 18:54:13.379438,C0137,P013,4.0,431.49836135100026
ORD009662,2026-06-11 18:54:13.379438,C0850,P024,1.0,86.50473324856425
ORD009663,2026-07-26 18:54:13.379438,C0768,P079,7.0,195.98628399103058
ORD009664,2026-08-28 18:54:13.379438,C0971,P065,9.0,120.36552941412667
ORD009665,2026-09-16 18:54:13.379438,C0653,P086,6.0,78.69085523701872
ORD009666,2026-08-04 18:54:13.379438,C0998,P034,6.0,76.84155886848927
ORD009667,2026-08-20 18:54:13.379438,C0393,P051,9.0,180.49808393644332
ORD009668,2026-07-29 18:54:13.379438,C0208,P003,4.0,403.7020046061033
ORD009669,2026-05-16 18:54:13.379438,C0260,P090,5.0,483.4947863030726
ORD009670,2026-04-23 18:54:13.379438,C0930,P078,5.0,290.1998837092303
ORD009671,2026-08-29 18:54:13.379438,C0263,P058,5.0,321.2599017976366
ORD009672,2026-04-24 18:54:13.379438,C0783,P072,8.0,391.5844849110586
ORD009673,2026-06-24 18:54:13.379438,C0505,P055,1.0,334.28256427295867
ORD009674,2026-05-30 18:54:13.379438,C0550,P080,3.0,425.67761904077054
ORD009675,2026-09-28 18:54:13.379438,C0203,P042,8.0,443.18521085405183
ORD009676,2026-06-16 18:54:13.379438,C0736,P021,9.0,317.5769393600606
ORD009677,2026-07-10 18:54:13.379438,C0347,P010,2.0,271.20073401663933
ORD009678,2026-09-04 18:54:13.379438,C0990,P057,4.0,201.61511827861057
ORD009679,2026-09-08 18:54:13.379438,C0052,P025,8.0,236.17452434238837
ORD009680,2026-07-22 18:54:13.379438,C0593,P056,5.0,179.27439442763793
ORD009681,2026-07-27 18:54:13.379438,C0356,P038,1.0,219.21350137005922
ORD009682,2026-09-09 18:54:13.379438,C0723,P086,6.0,450.85782973514705
ORD009683,2026-05-15 18:54:13.379438,C0519,P061,9.0,486.4622270983803
ORD009684,2026-06-10 18:54:13.379438,C0363,P047,9.0,187.1515902464419
ORD009685,2026-06-12 18:54:13.379438,C0045,P054,1.0,118.08912395447358
ORD009686,2026-06-20 18:54:13.379438,C0827,P046,4.0,48.313384294557196
ORD009687,2026-07-02 18:54:13.379438,C0378,P068,1.0,420.09617254209223
ORD009688,2026-07-23 18:54:13.379438,C0789,P004,7.0,436.62634491053973
ORD009689,2026-07-24 18:54:13.379438,C0412,P094,3.0,230.7313360351699
ORD009690,2026-07-15 18:54:13.379438,C0771,P066,2.0,275.7847278283841
ORD009691,2026-08-26 18:54:13.379438,C0142,P093,8.0,372.5124105019689
ORD009692,2026-04-22 18:54:13.379438,C0258,P043,9.0,194.16779155175706
ORD009693,2026-09-29 18:54:13.379438,C0797,P062,7.0,108.73017153818722
ORD009694,2026-06-12 18:54:13.379438,C0914,P085,6.0,66.19467250359119
ORD009695,2026-06-05 18:54:13.379438,C0037,P085,6.0,125.26818879434127
ORD009696,2026-06-17 18:54:13.379438,C0941,P085,9.0,326.21367307374544
ORD009697,2026-09-08 18:54:13.379438,C0045,P004,5.0,180.3656651171383
ORD009698,2026-09-03 18:54:13.379438,C0920,P065,5.0,435.17463352861364
ORD009699,2026-07-16 18:54:13.379438,C0632,P062,2.0,52.896787598545046
ORD009700,2026-06-17 18:54:13.379438,C0046,P090,6.0,214.0212547198823
ORD009701,2026-08-09 18:54:13.379438,C0652,P002,6.0,135.9115905411293
ORD009702,2026-09-04 18:54:13.379438,C0565,P009,6.0,444.97145677977466
ORD009703,2026-05-29 18:54:13.379438,C0301,P057,4.0,405.0447109896154
ORD009704,2026-04-25 18:54:13.379438,C0288,P045,7.0,492.31117289503584
ORD009705,2026-07-01 18:54:13.379438,C0786,P018,9.0,68.44369075621688
ORD009706,2026-04-22 18:54:13.379438,C0269,P048,1.0,393.29937303217395
ORD009707,2026-09-09 18:54:13.379438,C0900,P042,3.0,71.67217816011596
ORD009708,2026-04-29 18:54:13.379438,C0791,P041,9.0,85.96155169915698
ORD009709,2026-09-20 18:54:13.379438,C0062,P075,5.0,29.203695330238865
ORD009710,2026-09-19 18:54:13.379438,C0566,P089,6.0,237.70685589332794
ORD009711,2026-04-26 18:54:13.379438,C0970,P090,8.0,71.68204341207658
ORD009712,2026-05-20 18:54:13.379438,C0951,P058,9.0,180.69171457823776
ORD009713,2026-04-16 18:54:13.379438,C0581,P042,8.0,145.33766099257815
ORD009714,2026-06-08 18:54:13.379438,C0242,P035,3.0,488.4138686568539
ORD009715,2026-08-25 18:54:13.379438,C0936,P038,1.0,332.54880765225045
ORD009716,2026-06-15 18:54:13.379438,C0782,P067,5.0,211.12347965247008
ORD009717,2026-09-06 18:54:13.379438,C0764,P041,7.0,440.4423288532718
ORD009718,2026-06-19 18:54:13.379438,C0354,P099,2.0,41.28385883370086
ORD009719,2026-09-13 18:54:13.379438,C0796,P050,1.0,173.78629366114916
ORD009720,2026-09-19 18:54:13.379438,C0968,P086,4.0,262.1504577177817
ORD009721,2026-05-04 18:54:13.379438,C0976,P072,3.0,36.3990444367589
ORD009722,2026-06-27 18:54:13.379438,C0863,P079,4.0,81.47080297656105
ORD009723,2026-09-10 18:54:13.379438,C0071,P045,1.0,448.5732974404177
ORD009724,2026-06-01 18:54:13.379438,C0835,P071,2.0,98.01673432756574
ORD009725,2026-05-14 18:54:13.379438,C0413,P019,1.0,461.61188156661007
ORD009726,2026-07-24 18:54:13.379438,C0612,P017,3.0,57.07433022377545
ORD009727,2026-07-08 18:54:13.379438,C0061,P065,4.0,445.22533270252904
ORD009728,2026-09-18 18:54:13.379438,C0615,P093,1.0,232.31869728307447
ORD009729,2026-08-03 18:54:13.379438,C0452,P077,6.0,290.9000434831429
ORD009730,2026-09-06 18:54:13.379438,C0393,P056,2.0,147.9949285827851
ORD009731,2026-09-15 18:54:13.379438,C0631,P093,5.0,143.93645649382756
ORD009732,2026-07-17 18:54:13.379438,C0529,P041,8.0,251.14538952409205
ORD009733,2026-06-16 18:54:13.379438,C0305,P042,4.0,184.34558070915296
ORD009734,2026-08-13 18:54:13.379438,C0191,P006,5.0,48.07120311233486
ORD009735,2026-07-11 18:54:13.379438,C0724,P069,9.0,183.3047865777215
ORD009736,2026-08-07 18:54:13.379438,C0078,P098,2.0,134.80603196413335
ORD009737,2026-08-19 18:54:13.379438,C0558,P075,2.0,426.3233557634985
ORD009738,2026-09-25 18:54:13.379438,C0605,P073,6.0,420.87890261755393
ORD009739,2026-06-17 18:54:13.379438,C0889,P040,6.0,79.32492539641873
ORD009740,2026-04-17 18:54:13.379438,C0525,P041,3.0,367.7338750973281
ORD009741,2026-05-11 18:54:13.379438,C0740,P009,9.0,230.9110283710812
ORD009742,2026-08-21 18:54:13.379438,C0301,P008,1.0,435.56815809312064
ORD009743,2026-05-18 18:54:13.379438,C0949,P044,3.0,144.25462217950303
ORD009744,2026-08-26 18:54:13.379438,C0017,P058,8.0,53.17718221086892
ORD009745,2026-09-13 18:54:13.379438,C0815,P067,8.0,402.24351662676713
ORD009746,2026-06-17 18:54:13.379438,C0574,P013,4.0,435.4955726335666
ORD009747,2026-09-19 18:54:13.379438,C0434,P019,8.0,421.8504574323479
ORD009748,2026-05-02 18:54:13.379438,C0043,P098,8.0,171.3568127262051
ORD009749,2026-04-21 18:54:13.379438,C0068,P096,1.0,25.123994062330937
ORD009750,2026-04-23 18:54:13.379438,C0380,P049,3.0,78.41160968738096
ORD009751,2026-04-17 18:54:13.379438,C0212,P080,1.0,460.4907469141099
ORD009752,2026-09-12 18:54:13.379438,C0203,P082,2.0,188.39390949203155
ORD009753,2026-09-27 18:54:13.379438,C0726,P078,4.0,441.30208107326405
ORD009754,2026-05-27 18:54:13.379438,C0109,P030,3.0,490.59843796710214
ORD009755,2026-05-04 18:54:13.379438,C0968,P066,6.0,203.89973272924624
ORD009756,2026-05-31 18:54:13.379438,C0284,P077,5.0,390.45856235637604
ORD009757,2026-07-16 18:54:13.379438,C0941,P091,5.0,92.86608413976636
ORD009758,2026-09-20 18:54:13.379438,C0937,P059,7.0,198.03690425560114
ORD009759,2026-08-09 18:54:13.379438,C0606,P053,7.0,355.53942719215013
ORD009760,2026-09-08 18:54:13.379438,C0225,P052,9.0,111.4840780722166
ORD009761,2026-04-28 18:54:13.379438,C0737,P081,8.0,166.7000072170931
ORD009762,2026-04-22 18:54:13.379438,C0751,P031,3.0,286.2754128336806
ORD009763,2026-08-17 18:54:13.379438,C0118,P015,2.0,348.69371822793767
ORD009764,2026-04-06 18:54:13.379438,C0932,P020,1.0,184.87064056719422
ORD009765,2026-06-28 18:54:13.379438,C0603,P005,6.0,194.63398070118447
ORD009766,2026-08-26 18:54:13.379438,C0340,P007,4.0,63.83542441863527
ORD009767,2026-08-23 18:54:13.379438,C0801,P018,3.0,492.1904124163088
ORD009768,2026-04-12 18:54:13.379438,C0281,P056,2.0,309.99570358795086
ORD009769,2026-07-06 18:54:13.379438,C0491,P075,2.0,269.86050709126266
ORD009770,2026-08-30 18:54:13.379438,C0019,P096,4.0,113.56310648827873
ORD009771,2026-09-15 18:54:13.379438,C0175,P091,1.0,249.1348502615208
ORD009772,2026-08-20 18:54:13.379438,C0469,P090,6.0,229.18246654532646
ORD009773,2026-04-23 18:54:13.379438,C0618,P045,5.0,136.69392249054903
ORD009774,2026-05-08 18:54:13.379438,C0801,P028,9.0,228.67449802169642
ORD009775,2026-05-26 18:54:13.379438,C0760,P050,2.0,109.72981862265904
ORD009776,2026-09-25 18:54:13.379438,C0835,P002,9.0,358.01031696794223
ORD009777,2026-07-22 18:54:13.379438,C0142,P084,9.0,455.30471644399114
ORD009778,2026-09-30 18:54:13.379438,C0463,P068,9.0,11.268600440769404
ORD009779,2026-08-17 18:54:13.379438,C0929,P077,4.0,282.5656477878497
ORD009780,2026-04-07 18:54:13.379438,C0298,P024,5.0,368.83646650956
ORD009781,2026-09-05 18:54:13.379438,C0470,P048,8.0,454.52594183381814
ORD009782,2026-09-22 18:54:13.379438,C0705,P045,8.0,185.62613545345093
ORD009783,2026-09-18 18:54:13.379438,C0863,P093,1.0,454.504393632425
ORD009784,2026-07-14 18:54:13.379438,C0815,P058,1.0,414.52078568748163
ORD009785,2026-05-20 18:54:13.379438,C0803,P036,6.0,267.3551701325198
ORD009786,2026-07-06 18:54:13.379438,C0373,P002,7.0,135.9020843328126
ORD009787,2026-09-22 18:54:13.379438,C0468,P018,2.0,329.88005121973134
ORD009788,2026-05-21 18:54:13.379438,C0928,P049,2.0,137.6736421911706
ORD009789,2026-07-03 18:54:13.379438,C0951,P008,5.0,180.93481431674962
ORD009790,2026-09-30 18:54:13.379438,C0438,P058,9.0,238.82470366627507
ORD009791,2026-06-26 18:54:13.379438,C0844,P015,5.0,254.0080866729533
ORD009792,2026-06-10 18:54:13.379438,C0947,P017,8.0,102.68206207318096
ORD009793,2026-08-20 18:54:13.379438,C0720,P023,8.0,349.9631131831396
ORD009794,2026-08-06 18:54:13.379438,C0443,P066,5.0,496.0389175425165
ORD009795,2026-06-15 18:54:13.379438,C0456,P070,8.0,129.49650961387366
ORD009796,2026-04-07 18:54:13.379438,C0248,P093,8.0,281.7245286669723
ORD009797,2026-06-18 18:54:13.379438,C0142,P027,5.0,232.81062564975454
ORD009798,2026-06-15 18:54:13.379438,C0402,P037,5.0,160.8116546058269
ORD009799,2026-06-19 18:54:13.379438,C0896,P049,4.0,215.69232051252257
ORD009800,2026-05-21 18:54:13.379438,C0823,P064,1.0,369.03400504153035
ORD009801,2026-09-04 18:54:13.379438,C0222,P034,9.0,213.22238344498143
ORD009802,2026-07-14 18:54:13.379438,C0737,P018,2.0,258.31357150313585
ORD009803,2026-07-18 18:54:13.379438,C0866,P064,1.0,243.84729013991955
ORD009804,2026-06-19 18:54:13.379438,C0184,P074,6.0,282.06281556597304
ORD009805,2026-05-12 18:54:13.379438,C0364,P044,5.0,152.68406984000518
ORD009806,2026-05-31 18:54:13.379438,C0817,P017,1.0,259.7539322273642
ORD009807,2026-04-22 18:54:13.379438,C0994,P059,7.0,76.07221406481409
ORD009808,2026-06-30 18:54:13.379438,C0188,P013,7.0,373.2782703251966
ORD009809,2026-07-25 18:54:13.379438,C0113,P052,3.0,64.3529830104084
ORD009810,2026-06-19 18:54:13.379438,C0181,P060,8.0,394.630019404857
ORD009811,2026-06-19 18:54:13.379438,C0199,P042,6.0,414.51488206341907
ORD009812,2026-05-01 18:54:13.379438,C0902,P091,4.0,19.34056352309132
ORD009813,2026-06-08 18:54:13.379438,C0070,P064,3.0,417.1111751481378
ORD009814,2026-04-13 18:54:13.379438,C0598,P066,1.0,327.60284674510217
ORD009815,2026-08-07 18:54:13.379438,C0904,P034,2.0,57.48564791085004
ORD009816,2026-05-31 18:54:13.379438,C0485,P095,2.0,498.98098112403454
ORD009817,2026-08-23 18:54:13.379438,C0399,P087,5.0,311.5787335683092
ORD009818,2026-08-06 18:54:13.379438,C0922,P071,4.0,206.42011966024302
ORD009819,2026-07-24 18:54:13.379438,C0551,P064,2.0,443.75507771134556
ORD009820,2026-06-26 18:54:13.379438,C0643,P033,9.0,30.39532446408881
ORD009821,2026-08-24 18:54:13.379438,C0953,P012,7.0,361.49800457413187
ORD009822,2026-07-08 18:54:13.379438,C0010,P076,8.0,80.42578203000835
ORD009823,2026-05-06 18:54:13.379438,C0003,P019,8.0,280.7251713998221
ORD009824,2026-08-26 18:54:13.379438,C0478,P009,2.0,57.01153422649263
ORD009825,2026-09-02 18:54:13.379438,C0814,P074,5.0,342.78141504052525
ORD009826,2026-09-08 18:54:13.379438,C0662,P017,3.0,237.81492219569196
ORD009827,2026-08-22 18:54:13.379438,C0067,P050,9.0,13.283521285641292
ORD009828,2026-05-20 18:54:13.379438,C0705,P039,9.0,44.985075709354724
ORD009829,2026-07-24 18:54:13.379438,C0097,P041,6.0,354.4891319684673
ORD009830,2026-08-25 18:54:13.379438,C0531,P010,4.0,205.73432433676206
ORD009831,2026-05-16 18:54:13.379438,C0996,P012,8.0,339.3549161770461
ORD009832,2026-04-11 18:54:13.379438,C0318,P079,5.0,201.02340435549905
ORD009833,2026-04-06 18:54:13.379438,C0098,P095,3.0,187.22711179876947
ORD009834,2026-08-06 18:54:13.379438,C0057,P015,8.0,428.9078709628171
ORD009835,2026-04-15 18:54:13.379438,C0863,P028,6.0,428.85574613237213
ORD009836,2026-06-26 18:54:13.379438,C0107,P004,5.0,460.69358585312784
ORD009837,2026-04-19 18:54:13.379438,C0088,P036,1.0,413.28039816114585
ORD009838,2026-06-20 18:54:13.379438,C0972,P065,3.0,72.44177981064807
ORD009839,2026-06-01 18:54:13.379438,C0653,P098,7.0,42.581465599942966
ORD009840,2026-09-27 18:54:13.379438,C0656,P047,3.0,38.62476924603798
ORD009841,2026-06-05 18:54:13.379438,C0912,P081,1.0,490.3010698687323
ORD009842,2026-05-22 18:54:13.379438,C0371,P039,8.0,255.5643489037752
ORD009843,2026-05-24 18:54:13.379438,C0375,P038,7.0,66.43324822712563
ORD009844,2026-05-06 18:54:13.379438,C0052,P044,5.0,276.70468470473685
ORD009845,2026-05-03 18:54:13.379438,C0724,P051,5.0,358.04529717162814
ORD009846,2026-06-18 18:54:13.379438,C0041,P097,6.0,56.30025041460005
ORD009847,2026-04-18 18:54:13.379438,C0816,P085,7.0,179.73795151984604
ORD009848,2026-06-24 18:54:13.379438,C0091,P026,3.0,102.03379833950432
ORD009849,2026-07-04 18:54:13.379438,C0039,P036,4.0,487.9611748832785
ORD009850,2026-04-26 18:54:13.379438,C0013,P069,1.0,165.93197641022218
ORD009851,2026-07-06 18:54:13.379438,C0900,P097,7.0,348.3474953187405
ORD009852,2026-05-18 18:54:13.379438,C0608,P001,2.0,460.0325732676983
ORD009853,2026-06-04 18:54:13.379438,C0621,P053,7.0,432.9621361659711
ORD009854,2026-04-18 18:54:13.379438,C0104,P006,6.0,203.0472913999742
ORD009855,2026-05-19 18:54:13.379438,C0866,P037,4.0,162.34689009384277
ORD009856,2026-06-06 18:54:13.379438,C0743,P002,2.0,406.5315448305163
ORD009857,2026-09-24 18:54:13.379438,C0043,P069,7.0,110.52747289687373
ORD009858,2026-09-22 18:54:13.379438,C0209,P090,7.0,361.48736605083565
ORD009859,2026-06-17 18:54:13.379438,C0600,P041,5.0,419.29038571629985
ORD009860,2026-09-07 18:54:13.379438,C0605,P051,9.0,426.11797735449477
ORD009861,2026-05-25 18:54:13.379438,C0686,P047,3.0,14.369541222603226
ORD009862,2026-06-30 18:54:13.379438,C0476,P013,9.0,254.93665613441567
ORD009863,2026-05-30 18:54:13.379438,C0638,P076,5.0,185.2195151508838
ORD009864,2026-06-25 18:54:13.379438,C0109,P069,2.0,489.64135850741036
ORD009865,2026-06-08 18:54:13.379438,C0559,P066,9.0,276.5972364627593
ORD009866,2026-08-31 18:54:13.379438,C0214,P059,1.0,219.4472294417887
ORD009867,2026-04-23 18:54:13.379438,C0604,P068,1.0,129.73814812840092
ORD009868,2026-05-06 18:54:13.379438,C0693,P059,7.0,424.3587895938776
ORD009869,2026-06-14 18:54:13.379438,C0409,P091,3.0,166.4917811970885
ORD009870,2026-04-28 18:54:13.379438,C0553,P010,8.0,415.1093964253509
ORD009871,2026-05-19 18:54:13.379438,C0771,P013,7.0,446.8879086342764
ORD009872,2026-06-15 18:54:13.379438,C0633,P002,7.0,38.50551193776915
ORD009873,2026-07-10 18:54:13.379438,C0077,P090,1.0,259.893418501329
ORD009874,2026-05-30 18:54:13.379438,C0095,P015,1.0,215.98320402100168
ORD009875,2026-06-29 18:54:13.379438,C0269,P046,2.0,202.62286470442956
ORD009876,2026-08-14 18:54:13.379438,C0361,P057,2.0,192.01911986752205
ORD009877,2026-05-28 18:54:13.379438,C0530,P010,5.0,270.673217124242
ORD009878,2026-06-03 18:54:13.379438,C0805,P022,9.0,73.79861991338282
ORD009879,2026-07-01 18:54:13.379438,C0683,P089,7.0,436.9311171016246
ORD009880,2026-04-11 18:54:13.379438,C0162,P079,2.0,283.41163052848833
ORD009881,2026-04-19 18:54:13.379438,C0465,P077,5.0,180.08420784112982
ORD009882,2026-09-26 18:54:13.379438,C0823,P008,5.0,129.08380047724614
ORD009883,2026-07-28 18:54:13.379438,C0564,P021,8.0,312.1161812188183
ORD009884,2026-06-03 18:54:13.379438,C0981,P085,9.0,395.4984930216534
ORD009885,2026-04-18 18:54:13.379438,C0548,P022,8.0,226.02118988244865
ORD009886,2026-08-31 18:54:13.379438,C0950,P097,2.0,492.4169203990039
ORD009887,2026-08-12 18:54:13.379438,C0187,P045,4.0,272.4283891587367
ORD009888,2026-07-14 18:54:13.379438,C0882,P091,2.0,489.6666133666825
ORD009889,2026-05-27 18:54:13.379438,C0760,P040,6.0,481.6742848766257
ORD009890,2026-04-17 18:54:13.379438,C0052,P022,4.0,303.8748455235395
ORD009891,2026-05-09 18:54:13.379438,C0488,P030,7.0,294.8547704851543
ORD009892,2026-07-17 18:54:13.379438,C0531,P062,2.0,61.7798110425356
ORD009893,2026-06-24 18:54:13.379438,C0396,P073,9.0,465.34691081772206
ORD009894,2026-06-09 18:54:13.379438,C0092,P045,5.0,403.57273550605834
ORD009895,2026-04-13 18:54:13.379438,C0651,P035,1.0,255.22715483236135
ORD009896,2026-05-22 18:54:13.379438,C0816,P082,3.0,160.1399053463474
ORD009897,2026-07-23 18:54:13.379438,C0357,P042,4.0,420.8876044092807
ORD009898,2026-06-07 18:54:13.379438,C0732,P005,3.0,152.8436205557083
ORD009899,2026-05-30 18:54:13.379438,C0611,P027,6.0,275.51024043078786
ORD009900,2026-04-30 18:54:13.379438,C0748,P070,6.0,107.4250367295208
ORD009901,2026-07-25 18:54:13.379438,C0719,P062,7.0,404.2117143775702
ORD009902,2026-08-14 18:54:13.379438,C0144,P032,9.0,378.8763077807162
ORD009903,2026-06-13 18:54:13.379438,C0199,P008,9.0,152.96949184258648
ORD009904,2026-06-25 18:54:13.379438,C0815,P085,7.0,67.50446005919486
ORD009905,2026-05-30 18:54:13.379438,C0323,P018,1.0,96.76424403808109
ORD009906,2026-08-01 18:54:13.379438,C0799,P078,3.0,312.0137612816845
ORD009907,2026-07-05 18:54:13.379438,C0332,P015,5.0,83.51956501675613
ORD009908,2026-04-18 18:54:13.379438,C0264,P026,6.0,166.86149110844144
ORD009909,2026-07-23 18:54:13.379438,C0217,P053,6.0,421.2073705243778
ORD009910,2026-07-13 18:54:13.379438,C0701,P044,5.0,50.06884267344305
ORD009911,2026-07-31 18:54:13.379438,C0556,P032,6.0,294.77871629245305
ORD009912,2026-06-18 18:54:13.379438,C0434,P028,9.0,205.91492564040237
ORD009913,2026-09-08 18:54:13.379438,C0803,P039,1.0,68.95469510560497
ORD009914,2026-04-23 18:54:13.379438,C0460,P032,1.0,259.6230957848277
ORD009915,2026-09-15 18:54:13.379438,C0701,P077,9.0,263.15617762703465
ORD009916,2026-08-12 18:54:13.379438,C0503,P079,8.0,195.2622893800968
ORD009917,2026-06-15 18:54:13.379438,C0469,P018,9.0,37.10787722658537
ORD009918,2026-08-03 18:54:13.379438,C0986,P070,7.0,111.36491593830732
ORD009919,2026-05-14 18:54:13.379438,C0951,P011,6.0,208.3125434879781
ORD009920,2026-09-17 18:54:13.379438,C0706,P032,9.0,145.83966119369933
ORD009921,2026-09-04 18:54:13.379438,C0782,P020,2.0,88.65986024529707
ORD009922,2026-08-11 18:54:13.379438,C0366,P097,4.0,248.61334569243627
ORD009923,2026-04-26 18:54:13.379438,C0772,P040,2.0,204.82422429568186
ORD009924,2026-04-26 18:54:13.379438,C0913,P008,6.0,335.8206941459492
ORD009925,2026-08-25 18:54:13.379438,C0239,P035,1.0,284.611342086783
ORD009926,2026-04-12 18:54:13.379438,C0624,P069,7.0,93.17542579258793
ORD009927,2026-04-16 18:54:13.379438,C0581,P099,7.0,346.9539654965398
ORD009928,2026-09-06 18:54:13.379438,C0920,P078,7.0,238.03650639797013
ORD009929,2026-09-05 18:54:13.379438,C0561,P021,4.0,65.59373415987568
ORD009930,2026-05-24 18:54:13.379438,C0823,P024,8.0,19.041530448463433
ORD009931,2026-06-06 18:54:13.379438,C0967,P017,5.0,316.94740147120586
ORD009932,2026-05-25 18:54:13.379438,C0663,P018,2.0,313.1365422653875
ORD009933,2026-05-11 18:54:13.379438,C0751,P098,5.0,412.0304498534334
ORD009934,2026-07-12 18:54:13.379438,C0849,P012,9.0,383.59239369827833
ORD009935,2026-08-27 18:54:13.379438,C0396,P016,1.0,439.9767890160518
ORD009936,2026-05-24 18:54:13.379438,C0395,P004,2.0,153.28504316503685
ORD009937,2026-08-18 18:54:13.379438,C0627,P089,8.0,212.45483963696756
ORD009938,2026-08-22 18:54:13.379438,C0075,P034,5.0,40.34305633748004
ORD009939,2026-09-18 18:54:13.379438,C0098,P092,9.0,211.5604822620566
ORD009940,2026-05-28 18:54:13.379438,C0383,P046,6.0,117.68522737129474
ORD009941,2026-07-21 18:54:13.379438,C0623,P075,8.0,404.60540072469394
ORD009942,2026-09-21 18:54:13.379438,C0869,P077,1.0,331.57067667525354
ORD009943,2026-05-17 18:54:13.379438,C0370,P031,9.0,393.0283472838264
ORD009944,2026-07-22 18:54:13.379438,C0285,P025,9.0,300.31682964776957
ORD009945,2026-09-11 18:54:13.379438,C0256,P074,3.0,302.98917857751155
ORD009946,2026-09-02 18:54:13.379438,C0830,P024,1.0,125.26021586117587
ORD009947,2026-09-14 18:54:13.379438,C0309,P065,8.0,338.21258280211305
ORD009948,2026-08-09 18:54:13.379438,C0629,P025,8.0,80.54533758985269
ORD009949,2026-07-17 18:54:13.379438,C0176,P028,9.0,145.16264758644317
ORD009950,2026-04-13 18:54:13.379438,C0228,P036,6.0,98.17431477738545
ORD009951,2026-07-12 18:54:13.379438,C0347,P082,9.0,475.2630189262669
ORD009952,2026-08-29 18:54:13.379438,C0618,P006,9.0,450.0627418869693
ORD009953,2026-07-21 18:54:13.379438,C0342,P066,4.0,438.6696772287363
ORD009954,2026-07-20 18:54:13.379438,C0896,P067,5.0,480.48493336569436
ORD009955,2026-08-21 18:54:13.379438,C0962,P072,6.0,310.17114558603316
ORD009956,2026-08-27 18:54:13.379438,C0239,P095,6.0,448.4019491597116
ORD009957,2026-07-06 18:54:13.379438,C0612,P048,2.0,153.0105829266019
ORD009958,2026-06-05 18:54:13.379438,C0688,P083,4.0,198.53139290999982
ORD009959,2026-06-26 18:54:13.379438,C0350,P070,9.0,238.81334070209058
ORD009960,2026-04-28 18:54:13.379438,C0955,P078,7.0,53.80843329171658
ORD009961,2026-04-15 18:54:13.379438,C0455,P067,9.0,414.0997016993245
ORD009962,2026-08-30 18:54:13.379438,C0441,P048,6.0,68.39612292149158
ORD009963,2026-04-28 18:54:13.379438,C0761,P065,7.0,401.8301047233649
ORD009964,2026-04-14 18:54:13.379438,C0588,P044,9.0,461.9058066932101
ORD009965,2026-06-06 18:54:13.379438,C0515,P094,4.0,288.2371243346321
ORD009966,2026-08-07 18:54:13.379438,C0081,P063,9.0,91.29175235374304
ORD009967,2026-05-23 18:54:13.379438,C0361,P046,3.0,223.98599672277805
ORD009968,2026-07-01 18:54:13.379438,C0288,P019,8.0,78.03820080277106
ORD009969,2026-07-11 18:54:13.379438,C0008,P064,3.0,68.3285862301719
ORD009970,2026-07-28 18:54:13.379438,C0087,P083,3.0,380.47844052201054
ORD009971,2026-07-08 18:54:13.379438,C0998,P073,3.0,202.58801099446697
ORD009972,2026-09-27 18:54:13.379438,C0286,P071,9.0,10.063186472762427
ORD009973,2026-04-17 18:54:13.379438,C0399,P050,3.0,33.747579936896855
ORD009974,2026-04-04 18:54:13.379438,C0074,P063,6.0,410.6992579283027
ORD009975,2026-04-28 18:54:13.379438,C0439,P041,4.0,313.65213629329503
ORD009976,2026-06-14 18:54:13.379438,C0123,P007,2.0,423.81195887733924
ORD009977,2026-06-11 18:54:13.379438,C0377,P009,3.0,144.09902208339213
ORD009978,2026-08-14 18:54:13.379438,C0806,P004,5.0,164.017402547246
ORD009979,2026-07-17 18:54:13.379438,C0143,P089,4.0,312.26713396321225
ORD009980,2026-08-28 18:54:13.379438,C0158,P049,5.0,335.92521192771306
ORD009981,2026-04-26 18:54:13.379438,C0430,P076,1.0,22.99322801323141
ORD009982,2026-04-12 18:54:13.379438,C0448,P006,4.0,454.5353205105404
ORD009983,2026-07-30 18:54:13.379438,C0410,P082,3.0,401.5899133963686
ORD009984,2026-07-06 18:54:13.379438,C0371,P021,2.0,74.61295507370164
ORD009985,2026-09-28 18:54:13.379438,C0109,P015,7.0,15.058077385119335
ORD009986,2026-08-25 18:54:13.379438,C0846,P067,9.0,386.8907342221522
ORD009987,2026-05-06 18:54:13.379438,C0707,P066,1.0,452.4107482174888
ORD009988,2026-08-11 18:54:13.379438,C0036,P056,7.0,167.83152145934352
ORD009989,2026-04-17 18:54:13.379438,C0090,P068,1.0,167.1930947317146
ORD009990,2026-04-04 18:54:13.379438,C0974,P032,5.0,262.1631249423251
ORD009991,2026-07-02 18:54:13.379438,C0415,P066,1.0,340.53261593551116
ORD009992,2026-07-01 18:54:13.379438,C0974,P029,3.0,327.35805973351086
ORD009993,2026-08-25 18:54:13.379438,C0296,P066,8.0,378.78985723427144
ORD009994,2026-07-02 18:54:13.379438,C0842,P034,4.0,65.8522622184233
ORD009995,2026-09-25 18:54:13.379438,C0713,P027,1.0,264.7094225460506
ORD009996,2026-09-22 18:54:13.379438,C0046,P060,1.0,258.1013853908973
ORD009997,2026-04-17 18:54:13.379438,C0488,P039,8.0,475.4283164908564
ORD009998,2026-09-02 18:54:13.379438,C0619,P044,8.0,459.9433323756887
ORD009999,2026-07-23 18:54:13.379438,C0170,P082,4.0,377.65786787009955
